img_name,label,cell_size,cell_shape,nucleus_shape,nuclear_cytoplasmic_ratio,chromatin_density,cytoplasm_vacuole,cytoplasm_texture,cytoplasm_colour,granule_type,granule_colour,granularity,path,split
BNE_7323_ccrop.jpg,Neutrophil,big,round,unsegmented-band,low,densely,no,clear,light blue,small,pink,yes,BNE_7323_ccrop.jpg,train
BNE_7938_ccrop.jpg,Neutrophil,big,irregular,unsegmented-band,low,densely,no,clear,light blue,small,pink,yes,BNE_7938_ccrop.jpg,train
BNE_8741_ccrop.jpg,Neutrophil,big,irregular,unsegmented-band,low,densely,no,clear,light blue,small,pink,yes,BNE_8741_ccrop.jpg,train
BNE_9071_ccrop.jpg,Neutrophil,big,irregular,unsegmented-band,low,densely,no,clear,light blue,small,pink,yes,BNE_9071_ccrop.jpg,train
BNE_9373_ccrop.jpg,Neutrophil,small,round,unsegmented-round,low,densely,no,clear,light blue,small,pink,yes,BNE_9373_ccrop.jpg,train
BNE_9763_ccrop.jpg,Neutrophil,big,irregular,unsegmented-band,low,densely,no,clear,light blue,small,pink,yes,BNE_9763_ccrop.jpg,train
BNE_12387_ccrop.jpg,Neutrophil,small,round,unsegmented-band,low,densely,no,clear,light blue,small,pink,yes,BNE_12387_ccrop.jpg,train
BNE_12405_ccrop.jpg,Neutrophil,big,round,unsegmented-band,low,densely,no,clear,light blue,small,pink,yes,BNE_12405_ccrop.jpg,train
BNE_14932_ccrop.jpg,Neutrophil,small,round,unsegmented-band,low,densely,no,clear,light blue,small,pink,yes,BNE_14932_ccrop.jpg,train
BNE_16131_ccrop.jpg,Neutrophil,big,irregular,unsegmented-band,low,densely,no,clear,light blue,small,pink,yes,BNE_16131_ccrop.jpg,train
BNE_17008_ccrop.jpg,Neutrophil,big,irregular,unsegmented-band,low,densely,no,clear,light blue,small,pink,yes,BNE_17008_ccrop.jpg,train
BNE_21130_ccrop.jpg,Neutrophil,big,round,unsegmented-band,low,densely,no,clear,light blue,small,pink,yes,BNE_21130_ccrop.jpg,train
BNE_24354_ccrop.jpg,Neutrophil,big,round,unsegmented-band,low,densely,no,clear,light blue,small,pink,yes,BNE_24354_ccrop.jpg,train
BNE_25765_ccrop.jpg,Neutrophil,big,irregular,unsegmented-band,low,densely,no,clear,light blue,small,purple,yes,BNE_25765_ccrop.jpg,train
BNE_27915_ccrop.jpg,Neutrophil,big,round,unsegmented-band,low,densely,no,clear,light blue,small,pink,yes,BNE_27915_ccrop.jpg,train
EO_7922_ccrop.jpg,Eosinophil,big,round,unsegmented-band,low,densely,no,clear,light blue,round,red,yes,EO_7922_ccrop.jpg,train
EO_8539_ccrop.jpg,Eosinophil,small,round,unsegmented-band,low,densely,no,clear,light blue,round,red,yes,EO_8539_ccrop.jpg,train
EO_8635_ccrop.jpg,Eosinophil,small,round,segmented-multilobed,low,densely,no,clear,light blue,round,red,yes,EO_8635_ccrop.jpg,train
EO_8741_ccrop.jpg,Eosinophil,big,round,segmented-bilobed,low,densely,no,clear,light blue,round,red,yes,EO_8741_ccrop.jpg,train
EO_9228_ccrop.jpg,Eosinophil,big,round,segmented-bilobed,low,densely,no,clear,light blue,round,red,yes,EO_9228_ccrop.jpg,train
EO_9265_ccrop.jpg,Eosinophil,big,round,segmented-bilobed,low,densely,no,clear,light blue,round,red,yes,EO_9265_ccrop.jpg,train
EO_10150_ccrop.jpg,Eosinophil,small,round,segmented-bilobed,low,densely,no,clear,light blue,round,red,yes,EO_10150_ccrop.jpg,train
EO_12586_ccrop.jpg,Eosinophil,big,round,segmented-bilobed,low,densely,no,clear,light blue,round,red,yes,EO_12586_ccrop.jpg,train
EO_14468_ccrop.jpg,Eosinophil,small,round,segmented-bilobed,low,densely,no,clear,light blue,round,red,yes,EO_14468_ccrop.jpg,train
BA_21413_ccrop.jpg,Basophil,small,round,irregular,high,densely,no,clear,light blue,coarse,purple,yes,BA_21413_ccrop.jpg,train
BA_22197_ccrop.jpg,Basophil,small,round,segmented-bilobed,low,densely,no,clear,light blue,coarse,purple,yes,BA_22197_ccrop.jpg,train
BA_24720_ccrop.jpg,Basophil,small,round,segmented-multilobed,low,densely,no,clear,light blue,coarse,purple,yes,BA_24720_ccrop.jpg,train
BA_25245_ccrop.jpg,Basophil,small,round,segmented-bilobed,low,densely,no,clear,light blue,coarse,purple,yes,BA_25245_ccrop.jpg,train
BA_25610_ccrop.jpg,Basophil,small,round,unsegmented-indented,low,densely,no,clear,light blue,coarse,purple,yes,BA_25610_ccrop.jpg,train
BA_26315_ccrop.jpg,Basophil,small,round,irregular,low,densely,no,clear,light blue,coarse,purple,yes,BA_26315_ccrop.jpg,train
BA_30267_ccrop.jpg,Basophil,small,round,irregular,low,densely,no,clear,light blue,coarse,purple,yes,BA_30267_ccrop.jpg,train
BA_31317_ccrop.jpg,Basophil,big,irregular,irregular,low,densely,no,clear,light blue,coarse,purple,yes,BA_31317_ccrop.jpg,train
BA_32490_ccrop.jpg,Basophil,big,irregular,irregular,low,densely,no,clear,light blue,coarse,purple,yes,BA_32490_ccrop.jpg,train
BA_32675_ccrop.jpg,Basophil,small,round,unsegmented-band,low,densely,no,clear,light blue,coarse,purple,yes,BA_32675_ccrop.jpg,train
BA_32996_ccrop.jpg,Basophil,small,round,irregular,low,densely,no,clear,light blue,coarse,purple,yes,BA_32996_ccrop.jpg,train
BA_34424_ccrop.jpg,Basophil,small,round,irregular,low,densely,no,clear,light blue,coarse,purple,yes,BA_34424_ccrop.jpg,train
BA_35708_ccrop.jpg,Basophil,big,round,irregular,low,densely,no,clear,light blue,coarse,purple,yes,BA_35708_ccrop.jpg,train
LY_47940_ccrop.jpg,Lymphocyte,small,round,unsegmented-indented,high,densely,no,frosted,blue,nil,nil,no,LY_47940_ccrop.jpg,train
LY_48852_ccrop.jpg,Lymphocyte,small,round,unsegmented-indented,high,densely,no,frosted,blue,nil,nil,no,LY_48852_ccrop.jpg,train
LY_51513_ccrop.jpg,Lymphocyte,small,round,unsegmented-round,high,densely,no,clear,purple blue,nil,nil,no,LY_51513_ccrop.jpg,train
LY_51625_ccrop.jpg,Lymphocyte,small,round,unsegmented-round,high,densely,no,clear,light blue,nil,nil,no,LY_51625_ccrop.jpg,train
LY_51843_ccrop.jpg,Lymphocyte,small,irregular,unsegmented-round,high,densely,no,clear,blue,nil,nil,no,LY_51843_ccrop.jpg,train
LY_56612_ccrop.jpg,Lymphocyte,small,irregular,unsegmented-round,high,densely,no,frosted,blue,nil,nil,no,LY_56612_ccrop.jpg,train
LY_57780_ccrop.jpg,Lymphocyte,small,round,unsegmented-round,high,densely,no,frosted,blue,nil,nil,no,LY_57780_ccrop.jpg,train
LY_59662_ccrop.jpg,Lymphocyte,small,round,unsegmented-round,high,densely,no,frosted,blue,nil,nil,no,LY_59662_ccrop.jpg,train
LY_60053_ccrop.jpg,Lymphocyte,small,round,unsegmented-indented,high,densely,no,frosted,light blue,nil,nil,no,LY_60053_ccrop.jpg,train
LY_63391_ccrop.jpg,Lymphocyte,small,round,unsegmented-round,high,densely,no,frosted,blue,nil,nil,no,LY_63391_ccrop.jpg,train
LY_64218_ccrop.jpg,Lymphocyte,small,round,unsegmented-round,high,densely,no,frosted,blue,nil,nil,no,LY_64218_ccrop.jpg,train
LY_64434_ccrop.jpg,Lymphocyte,small,round,unsegmented-round,high,densely,no,frosted,purple blue,nil,nil,no,LY_64434_ccrop.jpg,train
LY_64544_ccrop.jpg,Lymphocyte,small,round,unsegmented-round,high,densely,no,clear,light blue,nil,nil,no,LY_64544_ccrop.jpg,train
LY_65073_ccrop.jpg,Lymphocyte,small,irregular,unsegmented-round,high,densely,no,clear,blue,nil,nil,no,LY_65073_ccrop.jpg,train
LY_65844_ccrop.jpg,Lymphocyte,small,irregular,unsegmented-round,high,densely,no,frosted,blue,nil,nil,no,LY_65844_ccrop.jpg,train
LY_68814_ccrop.jpg,Lymphocyte,small,round,unsegmented-round,high,densely,no,frosted,blue,nil,nil,no,LY_68814_ccrop.jpg,train
MO_26771_ccrop.jpg,Monocyte,big,irregular,unsegmented-indented,low,loosely,yes,frosted,light blue,nil,nil,no,MO_26771_ccrop.jpg,train
MO_27445_ccrop.jpg,Monocyte,small,round,unsegmented-indented,low,densely,no,frosted,blue,nil,nil,no,MO_27445_ccrop.jpg,train
MO_28078_ccrop.jpg,Monocyte,small,round,unsegmented-indented,high,loosely,no,frosted,blue,nil,nil,no,MO_28078_ccrop.jpg,train
MO_29936_ccrop.jpg,Monocyte,big,irregular,unsegmented-indented,low,loosely,no,clear,light blue,nil,nil,no,MO_29936_ccrop.jpg,train
MO_30883_ccrop.jpg,Monocyte,big,round,unsegmented-indented,low,loosely,no,frosted,blue,nil,nil,no,MO_30883_ccrop.jpg,train
MO_33803_ccrop.jpg,Monocyte,big,round,unsegmented-indented,low,loosely,no,clear,blue,nil,nil,no,MO_33803_ccrop.jpg,train
MO_35781_ccrop.jpg,Monocyte,small,round,unsegmented-indented,low,densely,no,frosted,blue,nil,nil,no,MO_35781_ccrop.jpg,train
MO_36319_ccrop.jpg,Monocyte,big,round,unsegmented-indented,low,loosely,no,frosted,purple blue,nil,nil,no,MO_36319_ccrop.jpg,train
MO_36866_ccrop.jpg,Monocyte,small,irregular,unsegmented-indented,high,loosely,no,frosted,blue,nil,nil,no,MO_36866_ccrop.jpg,train
MO_37056_ccrop.jpg,Monocyte,big,irregular,irregular,low,densely,yes,frosted,blue,nil,nil,no,MO_37056_ccrop.jpg,train
MO_37313_ccrop.jpg,Monocyte,big,round,unsegmented-indented,low,loosely,no,frosted,blue,nil,nil,no,MO_37313_ccrop.jpg,train
MO_37507_ccrop.jpg,Monocyte,big,irregular,unsegmented-round,low,loosely,yes,clear,light blue,nil,nil,no,MO_37507_ccrop.jpg,train
MO_37784_ccrop.jpg,Monocyte,small,round,unsegmented-indented,low,densely,no,frosted,blue,nil,nil,no,MO_37784_ccrop.jpg,train
MO_38254_ccrop.jpg,Monocyte,small,irregular,unsegmented-indented,low,loosely,no,frosted,blue,nil,nil,no,MO_38254_ccrop.jpg,train
MO_38756_ccrop.jpg,Monocyte,big,round,unsegmented-indented,low,loosely,yes,frosted,blue,nil,nil,no,MO_38756_ccrop.jpg,train
MO_41924_ccrop.jpg,Monocyte,small,round,unsegmented-indented,high,loosely,no,frosted,purple blue,nil,nil,no,MO_41924_ccrop.jpg,train
BA_100102_ccrop.jpg,Basophil,small,round,irregular,high,densely,no,clear,light blue,coarse,purple,yes,BA_100102_ccrop.jpg,train
BA_101381_ccrop.jpg,Basophil,small,round,segmented-multilobed,low,densely,no,clear,light blue,coarse,purple,yes,BA_101381_ccrop.jpg,train
BA_101611_ccrop.jpg,Basophil,big,round,segmented-bilobed,low,densely,no,clear,light blue,coarse,purple,yes,BA_101611_ccrop.jpg,train
BA_102750_ccrop.jpg,Basophil,small,round,segmented-multilobed,low,densely,no,clear,light blue,coarse,purple,yes,BA_102750_ccrop.jpg,train
BA_10387_ccrop.jpg,Basophil,small,round,segmented-bilobed,low,densely,no,clear,light blue,coarse,purple,yes,BA_10387_ccrop.jpg,train
BA_10622_ccrop.jpg,Basophil,small,round,segmented-multilobed,low,densely,no,clear,light blue,coarse,purple,yes,BA_10622_ccrop.jpg,train
BA_107595_ccrop.jpg,Basophil,small,round,unsegmented-band,low,densely,no,clear,light blue,coarse,purple,yes,BA_107595_ccrop.jpg,train
BA_107876_ccrop.jpg,Basophil,big,round,segmented-multilobed,low,densely,no,clear,light blue,coarse,purple,yes,BA_107876_ccrop.jpg,train
BA_111710_ccrop.jpg,Basophil,big,round,irregular,low,densely,no,clear,light blue,coarse,purple,yes,BA_111710_ccrop.jpg,train
BA_112418_ccrop.jpg,Basophil,small,round,segmented-bilobed,low,densely,no,clear,light blue,coarse,purple,yes,BA_112418_ccrop.jpg,train
BA_114542_ccrop.jpg,Basophil,small,irregular,segmented-bilobed,low,densely,no,clear,light blue,coarse,purple,yes,BA_114542_ccrop.jpg,train
BA_114899_ccrop.jpg,Basophil,small,round,segmented-bilobed,low,densely,no,clear,light blue,coarse,purple,yes,BA_114899_ccrop.jpg,train
BA_115323_ccrop.jpg,Basophil,small,round,segmented-bilobed,low,densely,no,clear,light blue,coarse,purple,yes,BA_115323_ccrop.jpg,train
BA_115777_ccrop.jpg,Basophil,small,round,irregular,low,densely,no,clear,light blue,coarse,purple,yes,BA_115777_ccrop.jpg,train
BA_116477_ccrop.jpg,Basophil,small,irregular,irregular,low,densely,no,clear,light blue,coarse,purple,yes,BA_116477_ccrop.jpg,train
BA_119131_ccrop.jpg,Basophil,big,round,irregular,low,densely,no,clear,light blue,coarse,purple,yes,BA_119131_ccrop.jpg,train
BA_119883_ccrop.jpg,Basophil,small,round,segmented-multilobed,low,densely,no,clear,light blue,coarse,purple,yes,BA_119883_ccrop.jpg,train
BA_120278_ccrop.jpg,Basophil,small,round,irregular,low,densely,no,clear,light blue,coarse,purple,yes,BA_120278_ccrop.jpg,train
BA_121453_ccrop.jpg,Basophil,small,round,segmented-multilobed,low,densely,no,clear,light blue,coarse,purple,yes,BA_121453_ccrop.jpg,train
BA_124389_ccrop.jpg,Basophil,small,round,segmented-bilobed,low,densely,no,clear,light blue,coarse,purple,yes,BA_124389_ccrop.jpg,train
BA_126424_ccrop.jpg,Basophil,big,round,irregular,low,densely,no,clear,light blue,coarse,purple,yes,BA_126424_ccrop.jpg,train
BA_126839_ccrop.jpg,Basophil,small,round,irregular,low,densely,no,clear,light blue,coarse,purple,yes,BA_126839_ccrop.jpg,train
BA_127306_ccrop.jpg,Basophil,small,round,segmented-bilobed,low,densely,no,clear,light blue,coarse,purple,yes,BA_127306_ccrop.jpg,train
BA_127671_ccrop.jpg,Basophil,big,round,irregular,low,densely,no,clear,light blue,coarse,purple,yes,BA_127671_ccrop.jpg,train
BA_127868_ccrop.jpg,Basophil,small,round,irregular,low,densely,no,clear,light blue,coarse,purple,yes,BA_127868_ccrop.jpg,train
BA_128084_ccrop.jpg,Basophil,small,round,segmented-bilobed,low,densely,no,clear,light blue,coarse,purple,yes,BA_128084_ccrop.jpg,train
BA_129641_ccrop.jpg,Basophil,small,round,irregular,low,densely,no,clear,light blue,coarse,purple,yes,BA_129641_ccrop.jpg,train
BA_129960_ccrop.jpg,Basophil,small,round,irregular,low,densely,no,clear,light blue,coarse,purple,yes,BA_129960_ccrop.jpg,train
BA_131174_ccrop.jpg,Basophil,small,round,segmented-bilobed,low,densely,no,clear,light blue,coarse,purple,yes,BA_131174_ccrop.jpg,train
BA_136209_ccrop.jpg,Basophil,small,round,unsegmented-round,high,densely,no,clear,light blue,coarse,purple,yes,BA_136209_ccrop.jpg,train
BA_139275_ccrop.jpg,Basophil,big,round,segmented-bilobed,low,densely,no,clear,light blue,coarse,purple,yes,BA_139275_ccrop.jpg,train
BA_141630_ccrop.jpg,Basophil,small,round,irregular,low,densely,no,clear,light blue,coarse,purple,yes,BA_141630_ccrop.jpg,train
BA_14309_ccrop.jpg,Basophil,big,round,irregular,low,densely,no,clear,light blue,coarse,purple,yes,BA_14309_ccrop.jpg,train
BA_152708_ccrop.jpg,Basophil,big,irregular,irregular,low,densely,no,clear,light blue,coarse,purple,yes,BA_152708_ccrop.jpg,train
BA_154572_ccrop.jpg,Basophil,small,round,irregular,low,densely,no,clear,light blue,coarse,purple,yes,BA_154572_ccrop.jpg,train
BA_155216_ccrop.jpg,Basophil,small,round,irregular,low,densely,no,clear,light blue,coarse,purple,yes,BA_155216_ccrop.jpg,train
BA_15551_ccrop.jpg,Basophil,small,round,irregular,low,densely,no,clear,light blue,coarse,purple,yes,BA_15551_ccrop.jpg,train
BA_157951_ccrop.jpg,Basophil,big,round,irregular,low,densely,no,clear,light blue,coarse,purple,yes,BA_157951_ccrop.jpg,train
BA_1581_ccrop.jpg,Basophil,big,round,unsegmented-indented,low,densely,no,clear,light blue,coarse,purple,yes,BA_1581_ccrop.jpg,train
BA_158249_ccrop.jpg,Basophil,big,round,irregular,low,densely,no,clear,light blue,coarse,purple,yes,BA_158249_ccrop.jpg,train
BA_161101_ccrop.jpg,Basophil,small,round,irregular,low,densely,no,clear,light blue,coarse,purple,yes,BA_161101_ccrop.jpg,train
BA_161905_ccrop.jpg,Basophil,small,round,irregular,low,densely,no,clear,light blue,coarse,purple,yes,BA_161905_ccrop.jpg,train
BA_162861_ccrop.jpg,Basophil,big,round,irregular,low,densely,no,clear,light blue,coarse,purple,yes,BA_162861_ccrop.jpg,train
BA_164170_ccrop.jpg,Basophil,small,round,irregular,low,densely,no,clear,light blue,coarse,purple,yes,BA_164170_ccrop.jpg,train
BA_166254_ccrop.jpg,Basophil,big,round,irregular,low,densely,no,clear,light blue,coarse,purple,yes,BA_166254_ccrop.jpg,train
BA_166905_ccrop.jpg,Basophil,small,round,unsegmented-round,low,densely,no,clear,light blue,coarse,purple,yes,BA_166905_ccrop.jpg,train
BA_168028_ccrop.jpg,Basophil,small,round,segmented-bilobed,low,densely,no,clear,light blue,coarse,purple,yes,BA_168028_ccrop.jpg,train
BA_168566_ccrop.jpg,Basophil,small,round,irregular,low,densely,no,clear,light blue,coarse,purple,yes,BA_168566_ccrop.jpg,train
BA_172469_ccrop.jpg,Basophil,small,round,irregular,low,densely,no,clear,light blue,coarse,purple,yes,BA_172469_ccrop.jpg,train
BA_173620_ccrop.jpg,Basophil,small,round,unsegmented-band,low,densely,no,clear,light blue,coarse,purple,yes,BA_173620_ccrop.jpg,train
BA_174705_ccrop.jpg,Basophil,small,round,irregular,low,densely,no,clear,light blue,coarse,purple,yes,BA_174705_ccrop.jpg,train
BA_174731_ccrop.jpg,Basophil,big,round,irregular,low,densely,no,clear,light blue,coarse,purple,yes,BA_174731_ccrop.jpg,train
BA_178358_ccrop.jpg,Basophil,small,round,irregular,low,densely,no,clear,light blue,coarse,purple,yes,BA_178358_ccrop.jpg,train
BA_178853_ccrop.jpg,Basophil,big,round,segmented-multilobed,low,densely,no,clear,light blue,coarse,purple,yes,BA_178853_ccrop.jpg,train
BA_180745_ccrop.jpg,Basophil,small,round,irregular,low,densely,no,clear,light blue,coarse,purple,yes,BA_180745_ccrop.jpg,train
BA_183362_ccrop.jpg,Basophil,small,round,segmented-bilobed,low,densely,no,clear,light blue,coarse,purple,yes,BA_183362_ccrop.jpg,train
BA_184105_ccrop.jpg,Basophil,small,round,unsegmented-indented,low,densely,no,clear,light blue,coarse,purple,yes,BA_184105_ccrop.jpg,train
BA_184682_ccrop.jpg,Basophil,small,round,segmented-multilobed,low,densely,no,clear,light blue,coarse,purple,yes,BA_184682_ccrop.jpg,train
BA_189696_ccrop.jpg,Basophil,big,round,irregular,low,densely,no,clear,light blue,coarse,purple,yes,BA_189696_ccrop.jpg,train
BA_190505_ccrop.jpg,Basophil,small,round,irregular,low,densely,no,clear,light blue,coarse,purple,yes,BA_190505_ccrop.jpg,train
BA_191120_ccrop.jpg,Basophil,big,round,segmented-multilobed,low,densely,no,clear,light blue,coarse,purple,yes,BA_191120_ccrop.jpg,train
BA_193488_ccrop.jpg,Basophil,small,round,unsegmented-round,low,densely,no,clear,light blue,coarse,purple,yes,BA_193488_ccrop.jpg,train
BA_193863_ccrop.jpg,Basophil,small,round,irregular,low,densely,no,clear,light blue,coarse,purple,yes,BA_193863_ccrop.jpg,train
BA_196745_ccrop.jpg,Basophil,big,round,irregular,low,densely,no,clear,light blue,coarse,purple,yes,BA_196745_ccrop.jpg,train
BA_197357_ccrop.jpg,Basophil,small,round,segmented-multilobed,low,densely,no,clear,light blue,coarse,purple,yes,BA_197357_ccrop.jpg,train
BA_198105_ccrop.jpg,Basophil,small,round,segmented-multilobed,low,densely,no,clear,light blue,coarse,purple,yes,BA_198105_ccrop.jpg,train
BA_198565_ccrop.jpg,Basophil,big,round,irregular,low,densely,no,clear,light blue,coarse,purple,yes,BA_198565_ccrop.jpg,train
BA_200989_ccrop.jpg,Basophil,small,round,irregular,low,densely,no,clear,light blue,coarse,purple,yes,BA_200989_ccrop.jpg,train
BA_201200_ccrop.jpg,Basophil,small,round,irregular,low,densely,no,clear,light blue,coarse,purple,yes,BA_201200_ccrop.jpg,train
BA_20201_ccrop.jpg,Basophil,big,irregular,segmented-bilobed,low,densely,no,clear,light blue,coarse,purple,yes,BA_20201_ccrop.jpg,train
BA_202924_ccrop.jpg,Basophil,small,round,segmented-bilobed,low,densely,no,clear,light blue,coarse,purple,yes,BA_202924_ccrop.jpg,train
BA_204774_ccrop.jpg,Basophil,big,round,irregular,low,densely,no,clear,light blue,coarse,purple,yes,BA_204774_ccrop.jpg,train
BA_206130_ccrop.jpg,Basophil,small,round,segmented-bilobed,low,densely,no,clear,light blue,coarse,purple,yes,BA_206130_ccrop.jpg,train
BA_209608_ccrop.jpg,Basophil,small,round,unsegmented-band,low,densely,no,clear,light blue,coarse,purple,yes,BA_209608_ccrop.jpg,train
BA_210917_ccrop.jpg,Basophil,big,round,irregular,low,densely,no,clear,light blue,coarse,purple,yes,BA_210917_ccrop.jpg,train
BA_212748_ccrop.jpg,Basophil,small,round,irregular,low,densely,no,clear,light blue,coarse,purple,yes,BA_212748_ccrop.jpg,train
BA_214521_ccrop.jpg,Basophil,small,round,irregular,low,densely,no,clear,light blue,coarse,purple,yes,BA_214521_ccrop.jpg,train
BA_214889_ccrop.jpg,Basophil,big,round,segmented-bilobed,low,densely,no,clear,light blue,coarse,purple,yes,BA_214889_ccrop.jpg,train
BA_215988_ccrop.jpg,Basophil,big,round,segmented-bilobed,low,densely,no,clear,light blue,coarse,purple,yes,BA_215988_ccrop.jpg,train
BA_218293_ccrop.jpg,Basophil,small,round,segmented-bilobed,low,densely,no,clear,light blue,coarse,purple,yes,BA_218293_ccrop.jpg,train
BA_219183_ccrop.jpg,Basophil,small,round,segmented-multilobed,low,densely,no,clear,light blue,coarse,purple,yes,BA_219183_ccrop.jpg,train
BA_221009_ccrop.jpg,Basophil,small,round,segmented-bilobed,low,densely,no,clear,light blue,coarse,purple,yes,BA_221009_ccrop.jpg,train
BA_221057_ccrop.jpg,Basophil,big,irregular,irregular,low,densely,no,clear,light blue,coarse,purple,yes,BA_221057_ccrop.jpg,train
BA_223010_ccrop.jpg,Basophil,small,irregular,irregular,low,densely,no,clear,light blue,coarse,purple,yes,BA_223010_ccrop.jpg,train
BA_223705_ccrop.jpg,Basophil,small,round,irregular,low,densely,no,clear,light blue,coarse,purple,yes,BA_223705_ccrop.jpg,train
BA_223799_ccrop.jpg,Basophil,small,round,irregular,low,densely,no,clear,light blue,coarse,purple,yes,BA_223799_ccrop.jpg,train
BA_225229_ccrop.jpg,Basophil,big,round,irregular,low,densely,no,clear,light blue,coarse,purple,yes,BA_225229_ccrop.jpg,train
BA_225540_ccrop.jpg,Basophil,big,round,irregular,low,densely,no,clear,light blue,coarse,purple,yes,BA_225540_ccrop.jpg,train
BA_229550_ccrop.jpg,Basophil,small,round,irregular,low,densely,no,clear,light blue,coarse,purple,yes,BA_229550_ccrop.jpg,train
BA_232284_ccrop.jpg,Basophil,big,round,irregular,low,densely,no,clear,light blue,coarse,purple,yes,BA_232284_ccrop.jpg,train
BA_236096_ccrop.jpg,Basophil,small,round,segmented-bilobed,low,densely,no,clear,light blue,coarse,purple,yes,BA_236096_ccrop.jpg,train
BA_236251_ccrop.jpg,Basophil,small,round,segmented-multilobed,low,densely,no,clear,light blue,coarse,purple,yes,BA_236251_ccrop.jpg,train
BA_237069_ccrop.jpg,Basophil,small,round,segmented-multilobed,low,densely,no,clear,light blue,coarse,purple,yes,BA_237069_ccrop.jpg,train
BA_238012_ccrop.jpg,Basophil,big,round,irregular,low,densely,no,clear,light blue,coarse,purple,yes,BA_238012_ccrop.jpg,train
BA_240301_ccrop.jpg,Basophil,small,round,segmented-multilobed,low,densely,no,clear,light blue,coarse,purple,yes,BA_240301_ccrop.jpg,train
BA_240977_ccrop.jpg,Basophil,small,round,unsegmented-band,low,densely,no,clear,light blue,coarse,purple,yes,BA_240977_ccrop.jpg,train
BA_241069_ccrop.jpg,Basophil,small,irregular,irregular,high,densely,no,clear,light blue,coarse,purple,yes,BA_241069_ccrop.jpg,train
BA_241108_ccrop.jpg,Basophil,big,irregular,irregular,low,densely,no,clear,light blue,coarse,purple,yes,BA_241108_ccrop.jpg,train
BA_241392_ccrop.jpg,Basophil,big,round,segmented-bilobed,low,densely,no,clear,light blue,coarse,purple,yes,BA_241392_ccrop.jpg,train
BA_24200302_ccrop.jpg,Basophil,small,round,segmented-bilobed,low,densely,no,clear,light blue,coarse,purple,yes,BA_24200302_ccrop.jpg,train
BA_250000_ccrop.jpg,Basophil,big,round,segmented-bilobed,low,densely,no,clear,light blue,coarse,purple,yes,BA_250000_ccrop.jpg,train
BA_250396_ccrop.jpg,Basophil,big,round,irregular,low,densely,no,clear,light blue,coarse,purple,yes,BA_250396_ccrop.jpg,train
BA_251042_ccrop.jpg,Basophil,big,round,unsegmented-indented,low,densely,no,clear,light blue,coarse,purple,yes,BA_251042_ccrop.jpg,train
BA_254820_ccrop.jpg,Basophil,big,irregular,segmented-multilobed,low,densely,no,clear,light blue,coarse,purple,yes,BA_254820_ccrop.jpg,train
BA_255467_ccrop.jpg,Basophil,small,round,segmented-bilobed,low,densely,no,clear,light blue,coarse,purple,yes,BA_255467_ccrop.jpg,train
BA_258997_ccrop.jpg,Basophil,small,round,segmented-multilobed,low,densely,no,clear,light blue,coarse,purple,yes,BA_258997_ccrop.jpg,train
BA_263028_ccrop.jpg,Basophil,small,irregular,segmented-bilobed,low,densely,no,clear,light blue,coarse,purple,yes,BA_263028_ccrop.jpg,train
BA_264833_ccrop.jpg,Basophil,small,round,segmented-bilobed,low,densely,no,clear,light blue,coarse,purple,yes,BA_264833_ccrop.jpg,train
BA_266945_ccrop.jpg,Basophil,big,irregular,unsegmented-indented,low,densely,no,clear,light blue,coarse,purple,yes,BA_266945_ccrop.jpg,train
BA_268064_ccrop.jpg,Basophil,small,round,irregular,low,densely,no,clear,light blue,coarse,purple,yes,BA_268064_ccrop.jpg,train
BA_270382_ccrop.jpg,Basophil,small,round,unsegmented-indented,low,densely,no,clear,purple blue,coarse,purple,yes,BA_270382_ccrop.jpg,train
BA_270647_ccrop.jpg,Basophil,big,round,segmented-bilobed,low,densely,no,clear,light blue,coarse,purple,yes,BA_270647_ccrop.jpg,train
BA_271501_ccrop.jpg,Basophil,small,round,segmented-multilobed,low,densely,no,clear,light blue,coarse,purple,yes,BA_271501_ccrop.jpg,train
BA_271614_ccrop.jpg,Basophil,small,irregular,segmented-bilobed,low,densely,no,clear,light blue,coarse,purple,yes,BA_271614_ccrop.jpg,train
BA_273793_ccrop.jpg,Basophil,small,round,irregular,low,densely,no,clear,light blue,coarse,purple,yes,BA_273793_ccrop.jpg,train
BA_274684_ccrop.jpg,Basophil,small,round,segmented-multilobed,low,densely,no,clear,light blue,coarse,purple,yes,BA_274684_ccrop.jpg,train
BA_274864_ccrop.jpg,Basophil,small,round,segmented-bilobed,low,densely,no,clear,light blue,coarse,purple,yes,BA_274864_ccrop.jpg,train
BA_276179_ccrop.jpg,Basophil,small,round,segmented-bilobed,low,densely,no,clear,light blue,coarse,purple,yes,BA_276179_ccrop.jpg,train
BA_277242_ccrop.jpg,Basophil,big,round,unsegmented-round,low,densely,no,clear,light blue,coarse,purple,yes,BA_277242_ccrop.jpg,train
BA_278185_ccrop.jpg,Basophil,big,round,unsegmented-indented,low,densely,no,clear,light blue,coarse,purple,yes,BA_278185_ccrop.jpg,train
BA_278732_ccrop.jpg,Basophil,big,irregular,segmented-multilobed,low,densely,no,clear,light blue,coarse,purple,yes,BA_278732_ccrop.jpg,train
BA_279326_ccrop.jpg,Basophil,small,round,segmented-multilobed,low,densely,no,clear,light blue,coarse,purple,yes,BA_279326_ccrop.jpg,train
BA_279986_ccrop.jpg,Basophil,small,round,irregular,low,densely,no,clear,light blue,coarse,purple,yes,BA_279986_ccrop.jpg,train
BA_281849_ccrop.jpg,Basophil,small,round,segmented-bilobed,low,densely,no,clear,light blue,coarse,purple,yes,BA_281849_ccrop.jpg,train
BA_283950_ccrop.jpg,Basophil,small,round,irregular,low,densely,no,clear,light blue,coarse,purple,yes,BA_283950_ccrop.jpg,train
BA_284260_ccrop.jpg,Basophil,big,round,segmented-bilobed,low,densely,no,clear,light blue,coarse,purple,yes,BA_284260_ccrop.jpg,train
BA_287643_ccrop.jpg,Basophil,small,round,segmented-multilobed,low,densely,no,clear,light blue,coarse,purple,yes,BA_287643_ccrop.jpg,train
BA_288192_ccrop.jpg,Basophil,big,round,segmented-multilobed,low,densely,no,clear,light blue,coarse,purple,yes,BA_288192_ccrop.jpg,train
BA_289279_ccrop.jpg,Basophil,small,round,irregular,low,densely,no,clear,light blue,coarse,purple,yes,BA_289279_ccrop.jpg,train
BA_290341_ccrop.jpg,Basophil,small,irregular,irregular,low,densely,no,clear,light blue,coarse,purple,yes,BA_290341_ccrop.jpg,train
BA_294650_ccrop.jpg,Basophil,small,round,segmented-multilobed,low,densely,no,clear,light blue,coarse,purple,yes,BA_294650_ccrop.jpg,train
BA_296272_ccrop.jpg,Basophil,small,round,segmented-multilobed,low,densely,no,clear,light blue,coarse,purple,yes,BA_296272_ccrop.jpg,train
BA_297732_ccrop.jpg,Basophil,small,round,segmented-multilobed,low,densely,no,clear,light blue,coarse,purple,yes,BA_297732_ccrop.jpg,train
BA_298210_ccrop.jpg,Basophil,small,round,segmented-bilobed,low,densely,no,clear,light blue,coarse,purple,yes,BA_298210_ccrop.jpg,train
BA_298364_ccrop.jpg,Basophil,small,round,unsegmented-indented,low,densely,no,clear,light blue,coarse,purple,yes,BA_298364_ccrop.jpg,train
BA_298505_ccrop.jpg,Basophil,small,round,irregular,low,densely,no,clear,light blue,coarse,purple,yes,BA_298505_ccrop.jpg,train
BA_301562_ccrop.jpg,Basophil,big,round,segmented-multilobed,low,densely,no,clear,light blue,coarse,purple,yes,BA_301562_ccrop.jpg,train
BA_303637_ccrop.jpg,Basophil,big,round,segmented-multilobed,low,densely,no,clear,light blue,coarse,purple,yes,BA_303637_ccrop.jpg,train
BA_305180_ccrop.jpg,Basophil,small,round,irregular,low,densely,no,clear,light blue,coarse,purple,yes,BA_305180_ccrop.jpg,train
BA_305735_ccrop.jpg,Basophil,small,round,segmented-multilobed,low,densely,no,clear,light blue,coarse,purple,yes,BA_305735_ccrop.jpg,train
BA_305849_ccrop.jpg,Basophil,big,round,irregular,low,densely,no,clear,light blue,coarse,purple,yes,BA_305849_ccrop.jpg,train
BA_307542_ccrop.jpg,Basophil,big,round,segmented-multilobed,low,densely,no,clear,light blue,coarse,purple,yes,BA_307542_ccrop.jpg,train
BA_307737_ccrop.jpg,Basophil,small,round,irregular,low,densely,no,clear,light blue,coarse,purple,yes,BA_307737_ccrop.jpg,train
BA_307830_ccrop.jpg,Basophil,big,round,irregular,low,densely,no,clear,light blue,coarse,purple,yes,BA_307830_ccrop.jpg,train
BA_308527_ccrop.jpg,Basophil,big,irregular,unsegmented-band,low,densely,no,clear,light blue,coarse,purple,yes,BA_308527_ccrop.jpg,train
BA_309434_ccrop.jpg,Basophil,small,round,segmented-multilobed,low,densely,no,clear,light blue,coarse,purple,yes,BA_309434_ccrop.jpg,train
BA_309583_ccrop.jpg,Basophil,small,round,segmented-bilobed,low,densely,no,clear,light blue,coarse,purple,yes,BA_309583_ccrop.jpg,train
BA_310106_ccrop.jpg,Basophil,small,round,segmented-multilobed,low,densely,no,clear,light blue,coarse,purple,yes,BA_310106_ccrop.jpg,train
BA_313484_ccrop.jpg,Basophil,small,round,irregular,low,densely,no,clear,light blue,coarse,purple,yes,BA_313484_ccrop.jpg,train
BA_314118_ccrop.jpg,Basophil,small,round,irregular,low,densely,no,clear,light blue,coarse,purple,yes,BA_314118_ccrop.jpg,train
BA_314590_ccrop.jpg,Basophil,small,round,segmented-bilobed,low,densely,no,clear,light blue,coarse,purple,yes,BA_314590_ccrop.jpg,train
BA_316789_ccrop.jpg,Basophil,small,round,unsegmented-band,low,densely,no,clear,light blue,coarse,purple,yes,BA_316789_ccrop.jpg,train
BA_317130_ccrop.jpg,Basophil,small,round,segmented-bilobed,low,densely,no,clear,light blue,coarse,purple,yes,BA_317130_ccrop.jpg,train
BA_317405_ccrop.jpg,Basophil,small,round,segmented-multilobed,low,densely,no,clear,light blue,coarse,purple,yes,BA_317405_ccrop.jpg,train
BA_318538_ccrop.jpg,Basophil,small,round,segmented-bilobed,low,densely,no,clear,light blue,coarse,purple,yes,BA_318538_ccrop.jpg,train
BA_319331_ccrop.jpg,Basophil,big,round,segmented-bilobed,low,densely,no,clear,light blue,coarse,purple,yes,BA_319331_ccrop.jpg,train
BA_320878_ccrop.jpg,Basophil,big,round,irregular,low,densely,no,clear,light blue,coarse,purple,yes,BA_320878_ccrop.jpg,train
BA_322445_ccrop.jpg,Basophil,small,irregular,unsegmented-round,low,densely,no,clear,light blue,coarse,purple,yes,BA_322445_ccrop.jpg,train
BA_324268_ccrop.jpg,Basophil,small,round,irregular,low,densely,no,clear,light blue,coarse,purple,yes,BA_324268_ccrop.jpg,train
BA_324965_ccrop.jpg,Basophil,small,irregular,unsegmented-indented,low,densely,no,clear,light blue,coarse,purple,yes,BA_324965_ccrop.jpg,train
BA_326538_ccrop.jpg,Basophil,big,irregular,unsegmented-band,low,densely,no,clear,light blue,coarse,purple,yes,BA_326538_ccrop.jpg,train
BA_326722_ccrop.jpg,Basophil,small,round,segmented-bilobed,low,densely,no,clear,light blue,coarse,purple,yes,BA_326722_ccrop.jpg,train
BA_327727_ccrop.jpg,Basophil,big,round,irregular,low,densely,no,clear,light blue,coarse,purple,yes,BA_327727_ccrop.jpg,train
BA_327890_ccrop.jpg,Basophil,small,round,irregular,low,densely,no,clear,light blue,coarse,purple,yes,BA_327890_ccrop.jpg,train
BA_328970_ccrop.jpg,Basophil,small,round,segmented-bilobed,low,densely,no,clear,light blue,coarse,purple,yes,BA_328970_ccrop.jpg,train
BA_332496_ccrop.jpg,Basophil,small,round,irregular,low,densely,no,clear,light blue,coarse,purple,yes,BA_332496_ccrop.jpg,train
BA_333456_ccrop.jpg,Basophil,small,round,segmented-bilobed,low,densely,no,clear,light blue,coarse,purple,yes,BA_333456_ccrop.jpg,train
BA_335261_ccrop.jpg,Basophil,small,round,irregular,low,densely,no,clear,light blue,coarse,purple,yes,BA_335261_ccrop.jpg,train
BA_335749_ccrop.jpg,Basophil,big,round,irregular,low,densely,no,clear,light blue,coarse,purple,yes,BA_335749_ccrop.jpg,train
BA_337027_ccrop.jpg,Basophil,small,round,segmented-multilobed,low,densely,no,clear,light blue,coarse,purple,yes,BA_337027_ccrop.jpg,train
BA_338546_ccrop.jpg,Basophil,small,round,irregular,low,densely,no,clear,light blue,coarse,purple,yes,BA_338546_ccrop.jpg,train
BA_338836_ccrop.jpg,Basophil,small,round,unsegmented-indented,low,densely,no,clear,light blue,coarse,purple,yes,BA_338836_ccrop.jpg,train
BA_339232_ccrop.jpg,Basophil,small,round,segmented-multilobed,low,densely,yes,clear,light blue,coarse,purple,yes,BA_339232_ccrop.jpg,train
BA_344479_ccrop.jpg,Basophil,small,round,segmented-multilobed,low,densely,no,clear,light blue,coarse,purple,yes,BA_344479_ccrop.jpg,train
BA_347386_ccrop.jpg,Basophil,small,round,segmented-bilobed,low,densely,no,clear,light blue,coarse,purple,yes,BA_347386_ccrop.jpg,train
BA_347981_ccrop.jpg,Basophil,small,round,segmented-bilobed,low,densely,no,clear,light blue,coarse,purple,yes,BA_347981_ccrop.jpg,train
BA_348602_ccrop.jpg,Basophil,big,round,segmented-multilobed,low,densely,no,clear,light blue,coarse,purple,yes,BA_348602_ccrop.jpg,train
BA_351114_ccrop.jpg,Basophil,small,round,segmented-multilobed,low,densely,no,clear,light blue,coarse,purple,yes,BA_351114_ccrop.jpg,train
BA_353263_ccrop.jpg,Basophil,small,round,segmented-multilobed,low,densely,no,clear,light blue,coarse,purple,yes,BA_353263_ccrop.jpg,train
BA_353283_ccrop.jpg,Basophil,small,round,irregular,low,densely,no,clear,light blue,coarse,purple,yes,BA_353283_ccrop.jpg,train
BA_356694_ccrop.jpg,Basophil,small,round,segmented-multilobed,low,densely,no,clear,light blue,coarse,purple,yes,BA_356694_ccrop.jpg,train
BA_35932_ccrop.jpg,Basophil,big,irregular,segmented-multilobed,low,densely,no,clear,light blue,small,purple,yes,BA_35932_ccrop.jpg,train
BA_360043_ccrop.jpg,Basophil,small,round,irregular,low,densely,no,clear,light blue,coarse,purple,yes,BA_360043_ccrop.jpg,train
BA_360297_ccrop.jpg,Basophil,small,round,segmented-bilobed,low,densely,no,clear,light blue,coarse,purple,yes,BA_360297_ccrop.jpg,train
BA_360335_ccrop.jpg,Basophil,big,round,irregular,low,densely,no,clear,light blue,coarse,purple,yes,BA_360335_ccrop.jpg,train
BA_362723_ccrop.jpg,Basophil,small,round,segmented-bilobed,low,densely,no,clear,light blue,coarse,purple,yes,BA_362723_ccrop.jpg,train
BA_363018_ccrop.jpg,Basophil,small,round,segmented-bilobed,low,densely,no,clear,light blue,coarse,purple,yes,BA_363018_ccrop.jpg,train
BA_364012_ccrop.jpg,Basophil,small,round,segmented-multilobed,low,densely,no,clear,light blue,coarse,purple,yes,BA_364012_ccrop.jpg,train
BA_365212_ccrop.jpg,Basophil,small,round,segmented-bilobed,low,densely,no,clear,light blue,coarse,purple,yes,BA_365212_ccrop.jpg,train
BA_366588_ccrop.jpg,Basophil,big,round,unsegmented-band,low,densely,no,clear,light blue,coarse,purple,yes,BA_366588_ccrop.jpg,train
BA_366598_ccrop.jpg,Basophil,big,round,segmented-bilobed,low,densely,no,clear,light blue,coarse,purple,yes,BA_366598_ccrop.jpg,train
BA_368595_ccrop.jpg,Basophil,small,round,segmented-bilobed,low,densely,no,clear,light blue,coarse,purple,yes,BA_368595_ccrop.jpg,train
BA_369405_ccrop.jpg,Basophil,big,round,segmented-multilobed,low,densely,no,clear,light blue,coarse,purple,yes,BA_369405_ccrop.jpg,train
BA_372252_ccrop.jpg,Basophil,big,round,irregular,low,densely,no,clear,light blue,coarse,purple,yes,BA_372252_ccrop.jpg,train
BA_372309_ccrop.jpg,Basophil,small,round,irregular,low,densely,no,clear,light blue,coarse,purple,yes,BA_372309_ccrop.jpg,train
BA_372647_ccrop.jpg,Basophil,big,irregular,segmented-bilobed,low,densely,no,clear,light blue,coarse,purple,yes,BA_372647_ccrop.jpg,train
BA_374431_ccrop.jpg,Basophil,big,round,segmented-bilobed,low,densely,no,clear,light blue,coarse,purple,yes,BA_374431_ccrop.jpg,train
BA_374718_ccrop.jpg,Basophil,small,round,irregular,low,densely,no,clear,light blue,coarse,purple,yes,BA_374718_ccrop.jpg,train
BA_377664_ccrop.jpg,Basophil,small,round,irregular,low,densely,no,clear,light blue,coarse,purple,yes,BA_377664_ccrop.jpg,train
BA_378251_ccrop.jpg,Basophil,big,round,irregular,low,densely,no,clear,light blue,coarse,purple,yes,BA_378251_ccrop.jpg,train
BA_379184_ccrop.jpg,Basophil,small,round,irregular,low,densely,no,clear,light blue,coarse,purple,yes,BA_379184_ccrop.jpg,train
BA_381452_ccrop.jpg,Basophil,big,irregular,segmented-bilobed,low,densely,no,clear,light blue,coarse,purple,yes,BA_381452_ccrop.jpg,train
BA_382161_ccrop.jpg,Basophil,big,round,segmented-multilobed,low,densely,no,clear,light blue,coarse,purple,yes,BA_382161_ccrop.jpg,train
BA_38226_ccrop.jpg,Basophil,big,irregular,segmented-bilobed,low,densely,no,clear,light blue,coarse,purple,yes,BA_38226_ccrop.jpg,train
BA_383453_ccrop.jpg,Basophil,small,round,irregular,low,densely,no,clear,light blue,coarse,purple,yes,BA_383453_ccrop.jpg,train
BA_38346_ccrop.jpg,Basophil,small,round,segmented-bilobed,low,densely,no,clear,light blue,coarse,purple,yes,BA_38346_ccrop.jpg,train
BA_38489_ccrop.jpg,Basophil,small,round,irregular,low,densely,no,clear,light blue,coarse,purple,yes,BA_38489_ccrop.jpg,train
BA_385583_ccrop.jpg,Basophil,small,round,irregular,low,densely,no,clear,light blue,coarse,purple,yes,BA_385583_ccrop.jpg,train
BA_386305_ccrop.jpg,Basophil,small,round,segmented-multilobed,low,densely,no,clear,light blue,coarse,purple,yes,BA_386305_ccrop.jpg,train
BA_38638_ccrop.jpg,Basophil,small,round,segmented-bilobed,low,densely,no,clear,light blue,coarse,purple,yes,BA_38638_ccrop.jpg,train
BA_387655_ccrop.jpg,Basophil,small,round,segmented-bilobed,low,densely,no,clear,light blue,coarse,purple,yes,BA_387655_ccrop.jpg,train
BA_388223_ccrop.jpg,Basophil,small,round,unsegmented-round,low,densely,no,clear,light blue,coarse,purple,yes,BA_388223_ccrop.jpg,train
BA_389328_ccrop.jpg,Basophil,big,irregular,segmented-multilobed,low,densely,no,clear,light blue,coarse,purple,yes,BA_389328_ccrop.jpg,train
BA_390271_ccrop.jpg,Basophil,big,round,segmented-bilobed,low,densely,no,clear,light blue,coarse,purple,yes,BA_390271_ccrop.jpg,train
BA_395492_ccrop.jpg,Basophil,small,round,irregular,low,densely,no,clear,light blue,coarse,purple,yes,BA_395492_ccrop.jpg,train
BA_395695_ccrop.jpg,Basophil,small,round,segmented-bilobed,low,densely,no,clear,light blue,coarse,purple,yes,BA_395695_ccrop.jpg,train
BA_396430_ccrop.jpg,Basophil,small,round,irregular,low,densely,no,clear,light blue,coarse,purple,yes,BA_396430_ccrop.jpg,train
BA_396998_ccrop.jpg,Basophil,small,round,unsegmented-round,low,densely,no,clear,light blue,coarse,purple,yes,BA_396998_ccrop.jpg,train
BA_397684_ccrop.jpg,Basophil,big,irregular,segmented-bilobed,low,densely,no,clear,light blue,coarse,purple,yes,BA_397684_ccrop.jpg,train
BA_399254_ccrop.jpg,Basophil,small,round,segmented-bilobed,low,densely,no,clear,light blue,coarse,purple,yes,BA_399254_ccrop.jpg,train
BA_400768_ccrop.jpg,Basophil,small,round,segmented-bilobed,low,densely,no,clear,light blue,coarse,purple,yes,BA_400768_ccrop.jpg,train
BA_401005_ccrop.jpg,Basophil,small,round,segmented-bilobed,low,densely,no,clear,light blue,coarse,purple,yes,BA_401005_ccrop.jpg,train
BA_401869_ccrop.jpg,Basophil,big,round,irregular,low,densely,no,clear,light blue,coarse,purple,yes,BA_401869_ccrop.jpg,train
BA_403405_ccrop.jpg,Basophil,small,round,segmented-bilobed,low,densely,no,clear,light blue,coarse,purple,yes,BA_403405_ccrop.jpg,train
BA_403512_ccrop.jpg,Basophil,small,round,irregular,low,densely,no,clear,light blue,coarse,purple,yes,BA_403512_ccrop.jpg,train
BA_40355_ccrop.jpg,Basophil,big,round,segmented-bilobed,low,densely,no,clear,light blue,coarse,purple,yes,BA_40355_ccrop.jpg,train
BA_405031_ccrop.jpg,Basophil,small,round,unsegmented-band,low,densely,no,clear,light blue,coarse,purple,yes,BA_405031_ccrop.jpg,train
BA_405748_ccrop.jpg,Basophil,big,round,irregular,low,densely,no,clear,light blue,coarse,purple,yes,BA_405748_ccrop.jpg,train
BA_406945_ccrop.jpg,Basophil,small,round,irregular,low,densely,no,clear,light blue,coarse,purple,yes,BA_406945_ccrop.jpg,train
BA_408987_ccrop.jpg,Basophil,big,round,irregular,low,densely,no,clear,light blue,coarse,purple,yes,BA_408987_ccrop.jpg,train
BA_411327_ccrop.jpg,Basophil,small,round,irregular,low,densely,no,clear,light blue,coarse,purple,yes,BA_411327_ccrop.jpg,train
BA_4118_ccrop.jpg,Basophil,small,round,segmented-bilobed,low,densely,no,clear,light blue,coarse,purple,yes,BA_4118_ccrop.jpg,train
BA_412372_ccrop.jpg,Basophil,small,round,segmented-bilobed,low,densely,no,clear,light blue,coarse,purple,yes,BA_412372_ccrop.jpg,train
BA_412870_ccrop.jpg,Basophil,small,round,segmented-bilobed,low,densely,no,clear,light blue,coarse,purple,yes,BA_412870_ccrop.jpg,train
BA_412942_ccrop.jpg,Basophil,small,round,irregular,low,densely,no,clear,light blue,coarse,purple,yes,BA_412942_ccrop.jpg,train
BA_413473_ccrop.jpg,Basophil,small,round,segmented-bilobed,low,densely,no,clear,light blue,coarse,purple,yes,BA_413473_ccrop.jpg,train
BA_413822_ccrop.jpg,Basophil,small,round,irregular,low,densely,no,clear,light blue,coarse,purple,yes,BA_413822_ccrop.jpg,train
BA_414313_ccrop.jpg,Basophil,big,round,irregular,low,densely,no,clear,light blue,coarse,purple,yes,BA_414313_ccrop.jpg,train
BA_417333_ccrop.jpg,Basophil,small,irregular,irregular,low,densely,no,clear,light blue,coarse,purple,yes,BA_417333_ccrop.jpg,train
BA_417832_ccrop.jpg,Basophil,big,round,segmented-multilobed,low,densely,no,clear,light blue,coarse,purple,yes,BA_417832_ccrop.jpg,train
BA_418041_ccrop.jpg,Basophil,big,round,irregular,low,densely,no,clear,light blue,coarse,purple,yes,BA_418041_ccrop.jpg,train
BA_418106_ccrop.jpg,Basophil,big,round,segmented-multilobed,low,densely,no,clear,light blue,coarse,purple,yes,BA_418106_ccrop.jpg,train
BA_418760_ccrop.jpg,Basophil,small,round,segmented-bilobed,low,densely,no,clear,light blue,coarse,purple,yes,BA_418760_ccrop.jpg,train
BA_420010_ccrop.jpg,Basophil,big,round,segmented-bilobed,low,densely,no,clear,light blue,coarse,purple,yes,BA_420010_ccrop.jpg,train
BA_420387_ccrop.jpg,Basophil,small,round,irregular,low,densely,no,clear,light blue,coarse,purple,yes,BA_420387_ccrop.jpg,train
BA_420931_ccrop.jpg,Basophil,small,round,segmented-bilobed,low,densely,no,clear,light blue,coarse,purple,yes,BA_420931_ccrop.jpg,train
BA_421910_ccrop.jpg,Basophil,small,irregular,segmented-bilobed,low,densely,no,clear,light blue,coarse,purple,yes,BA_421910_ccrop.jpg,train
BA_42246_ccrop.jpg,Basophil,big,round,segmented-bilobed,low,densely,no,clear,light blue,coarse,purple,yes,BA_42246_ccrop.jpg,train
BA_422994_ccrop.jpg,Basophil,small,round,segmented-bilobed,low,densely,no,clear,light blue,coarse,purple,yes,BA_422994_ccrop.jpg,train
BA_425674_ccrop.jpg,Basophil,small,round,segmented-bilobed,low,densely,no,clear,light blue,coarse,purple,yes,BA_425674_ccrop.jpg,train
BA_430537_ccrop.jpg,Basophil,big,irregular,segmented-multilobed,low,densely,no,clear,light blue,coarse,purple,yes,BA_430537_ccrop.jpg,train
BA_430561_ccrop.jpg,Basophil,small,round,segmented-multilobed,low,densely,no,clear,light blue,coarse,purple,yes,BA_430561_ccrop.jpg,train
BA_433045_ccrop.jpg,Basophil,small,round,segmented-multilobed,low,densely,no,clear,light blue,coarse,purple,yes,BA_433045_ccrop.jpg,train
BA_435822_ccrop.jpg,Basophil,small,round,irregular,low,densely,no,clear,light blue,coarse,purple,yes,BA_435822_ccrop.jpg,train
BA_436500_ccrop.jpg,Basophil,small,round,irregular,low,densely,no,clear,light blue,coarse,purple,yes,BA_436500_ccrop.jpg,train
BA_438004_ccrop.jpg,Basophil,small,round,segmented-multilobed,low,densely,no,clear,light blue,coarse,purple,yes,BA_438004_ccrop.jpg,train
BA_438781_ccrop.jpg,Basophil,small,round,irregular,low,densely,no,clear,light blue,coarse,purple,yes,BA_438781_ccrop.jpg,train
BA_441957_ccrop.jpg,Basophil,small,irregular,segmented-bilobed,low,densely,no,clear,light blue,coarse,purple,yes,BA_441957_ccrop.jpg,train
BA_442012_ccrop.jpg,Basophil,big,round,segmented-multilobed,low,densely,no,clear,light blue,coarse,purple,yes,BA_442012_ccrop.jpg,train
BA_444818_ccrop.jpg,Basophil,small,round,unsegmented-round,low,densely,no,clear,light blue,coarse,purple,yes,BA_444818_ccrop.jpg,train
BA_446205_ccrop.jpg,Basophil,big,round,irregular,low,densely,no,clear,light blue,coarse,purple,yes,BA_446205_ccrop.jpg,train
BA_447990_ccrop.jpg,Basophil,small,round,segmented-bilobed,low,densely,no,clear,light blue,coarse,purple,yes,BA_447990_ccrop.jpg,train
BA_449695_ccrop.jpg,Basophil,small,round,irregular,low,densely,no,clear,light blue,coarse,purple,yes,BA_449695_ccrop.jpg,train
BA_449971_ccrop.jpg,Basophil,small,round,unsegmented-round,low,densely,no,clear,light blue,coarse,purple,yes,BA_449971_ccrop.jpg,train
BA_451736_ccrop.jpg,Basophil,big,round,segmented-multilobed,low,densely,no,clear,light blue,coarse,purple,yes,BA_451736_ccrop.jpg,train
BA_452882_ccrop.jpg,Basophil,small,irregular,segmented-bilobed,low,densely,no,clear,light blue,coarse,purple,yes,BA_452882_ccrop.jpg,train
BA_454831_ccrop.jpg,Basophil,big,irregular,irregular,low,densely,no,clear,light blue,coarse,purple,yes,BA_454831_ccrop.jpg,train
BA_45632_ccrop.jpg,Basophil,small,round,segmented-bilobed,low,densely,no,clear,light blue,coarse,purple,yes,BA_45632_ccrop.jpg,train
BA_461177_ccrop.jpg,Basophil,big,round,irregular,low,densely,no,clear,light blue,coarse,purple,yes,BA_461177_ccrop.jpg,train
BA_461909_ccrop.jpg,Basophil,big,round,irregular,low,densely,no,clear,light blue,coarse,purple,yes,BA_461909_ccrop.jpg,train
BA_462301_ccrop.jpg,Basophil,small,round,irregular,low,densely,no,clear,light blue,coarse,purple,yes,BA_462301_ccrop.jpg,train
BA_462426_ccrop.jpg,Basophil,big,round,irregular,low,densely,no,clear,light blue,coarse,purple,yes,BA_462426_ccrop.jpg,train
BA_462792_ccrop.jpg,Basophil,small,round,segmented-bilobed,low,densely,no,clear,light blue,coarse,purple,yes,BA_462792_ccrop.jpg,train
BA_463171_ccrop.jpg,Basophil,big,round,segmented-multilobed,low,densely,no,clear,light blue,coarse,purple,yes,BA_463171_ccrop.jpg,train
BA_464087_ccrop.jpg,Basophil,big,round,segmented-multilobed,low,densely,no,clear,light blue,coarse,purple,yes,BA_464087_ccrop.jpg,train
BA_464090_ccrop.jpg,Basophil,big,round,irregular,low,densely,no,clear,light blue,coarse,purple,yes,BA_464090_ccrop.jpg,train
BA_46485_ccrop.jpg,Basophil,small,round,irregular,low,densely,no,clear,purple blue,coarse,purple,yes,BA_46485_ccrop.jpg,train
BA_465876_ccrop.jpg,Basophil,small,round,irregular,low,densely,no,clear,light blue,coarse,purple,yes,BA_465876_ccrop.jpg,train
BA_466566_ccrop.jpg,Basophil,big,round,segmented-multilobed,low,densely,no,clear,light blue,coarse,purple,yes,BA_466566_ccrop.jpg,train
BA_46660_ccrop.jpg,Basophil,small,round,segmented-multilobed,low,densely,no,clear,light blue,coarse,purple,yes,BA_46660_ccrop.jpg,train
BA_472351_ccrop.jpg,Basophil,small,round,segmented-bilobed,low,densely,no,clear,light blue,coarse,purple,yes,BA_472351_ccrop.jpg,train
BA_472669_ccrop.jpg,Basophil,small,round,segmented-bilobed,low,densely,no,clear,light blue,coarse,purple,yes,BA_472669_ccrop.jpg,train
BA_472802_ccrop.jpg,Basophil,small,round,irregular,low,densely,no,clear,light blue,coarse,purple,yes,BA_472802_ccrop.jpg,train
BA_473295_ccrop.jpg,Basophil,small,round,segmented-multilobed,low,densely,no,clear,light blue,coarse,purple,yes,BA_473295_ccrop.jpg,train
BA_4744_ccrop.jpg,Basophil,small,round,segmented-multilobed,low,densely,no,clear,light blue,coarse,purple,yes,BA_4744_ccrop.jpg,train
BA_476192_ccrop.jpg,Basophil,small,round,segmented-bilobed,low,densely,no,clear,light blue,coarse,purple,yes,BA_476192_ccrop.jpg,train
BA_476625_ccrop.jpg,Basophil,small,round,irregular,low,densely,no,clear,light blue,coarse,purple,yes,BA_476625_ccrop.jpg,train
BA_477049_ccrop.jpg,Basophil,big,round,irregular,low,densely,no,clear,light blue,coarse,purple,yes,BA_477049_ccrop.jpg,train
BA_478314_ccrop.jpg,Basophil,small,round,segmented-bilobed,low,densely,no,clear,light blue,coarse,purple,yes,BA_478314_ccrop.jpg,train
BA_479247_ccrop.jpg,Basophil,small,round,segmented-bilobed,low,densely,no,clear,light blue,coarse,purple,yes,BA_479247_ccrop.jpg,train
BA_481414_ccrop.jpg,Basophil,big,round,segmented-bilobed,low,densely,no,clear,light blue,coarse,purple,yes,BA_481414_ccrop.jpg,train
BA_482919_ccrop.jpg,Basophil,small,round,irregular,low,densely,no,clear,light blue,coarse,purple,yes,BA_482919_ccrop.jpg,train
BA_482920_ccrop.jpg,Basophil,small,irregular,irregular,low,densely,no,clear,light blue,coarse,purple,yes,BA_482920_ccrop.jpg,train
BA_484573_ccrop.jpg,Basophil,small,round,segmented-bilobed,low,densely,no,clear,light blue,coarse,purple,yes,BA_484573_ccrop.jpg,train
BA_484717_ccrop.jpg,Basophil,small,round,unsegmented-band,low,densely,no,clear,light blue,coarse,purple,yes,BA_484717_ccrop.jpg,train
BA_485187_ccrop.jpg,Basophil,small,round,segmented-bilobed,low,densely,no,clear,light blue,coarse,purple,yes,BA_485187_ccrop.jpg,train
BA_485601_ccrop.jpg,Basophil,small,round,unsegmented-round,low,densely,no,clear,light blue,coarse,purple,yes,BA_485601_ccrop.jpg,train
BA_486837_ccrop.jpg,Basophil,small,round,segmented-bilobed,low,densely,no,clear,light blue,coarse,purple,yes,BA_486837_ccrop.jpg,train
BA_487129_ccrop.jpg,Basophil,big,round,irregular,low,densely,no,clear,light blue,coarse,purple,yes,BA_487129_ccrop.jpg,train
BA_488451_ccrop.jpg,Basophil,big,round,irregular,low,densely,no,clear,light blue,coarse,purple,yes,BA_488451_ccrop.jpg,train
BA_48862_ccrop.jpg,Basophil,small,round,segmented-bilobed,low,densely,no,clear,light blue,coarse,purple,yes,BA_48862_ccrop.jpg,train
BA_490353_ccrop.jpg,Basophil,small,round,irregular,low,densely,no,clear,light blue,coarse,purple,yes,BA_490353_ccrop.jpg,train
BA_490656_ccrop.jpg,Basophil,small,round,segmented-bilobed,low,densely,no,clear,light blue,coarse,purple,yes,BA_490656_ccrop.jpg,train
BA_49100_ccrop.jpg,Basophil,small,irregular,segmented-bilobed,low,densely,no,clear,light blue,coarse,purple,yes,BA_49100_ccrop.jpg,train
BA_49215_ccrop.jpg,Basophil,small,round,segmented-multilobed,low,densely,no,clear,light blue,coarse,purple,yes,BA_49215_ccrop.jpg,train
BA_493318_ccrop.jpg,Basophil,small,round,irregular,low,densely,no,clear,light blue,coarse,purple,yes,BA_493318_ccrop.jpg,train
BA_493706_ccrop.jpg,Basophil,small,irregular,segmented-bilobed,low,densely,no,clear,light blue,coarse,purple,yes,BA_493706_ccrop.jpg,train
BA_495544_ccrop.jpg,Basophil,small,round,irregular,low,densely,no,clear,light blue,coarse,purple,yes,BA_495544_ccrop.jpg,train
BA_495847_ccrop.jpg,Basophil,small,round,segmented-multilobed,low,densely,no,clear,light blue,coarse,purple,yes,BA_495847_ccrop.jpg,train
BA_497743_ccrop.jpg,Basophil,small,round,segmented-multilobed,low,densely,no,clear,light blue,coarse,purple,yes,BA_497743_ccrop.jpg,train
BA_499865_ccrop.jpg,Basophil,small,round,irregular,low,densely,no,clear,light blue,coarse,purple,yes,BA_499865_ccrop.jpg,train
BA_49997_ccrop.jpg,Basophil,small,round,irregular,low,densely,no,clear,light blue,coarse,purple,yes,BA_49997_ccrop.jpg,train
BA_503349_ccrop.jpg,Basophil,big,round,segmented-bilobed,low,densely,no,clear,light blue,coarse,purple,yes,BA_503349_ccrop.jpg,train
BA_504098_ccrop.jpg,Basophil,small,round,segmented-bilobed,low,densely,no,clear,light blue,coarse,purple,yes,BA_504098_ccrop.jpg,train
BA_505139_ccrop.jpg,Basophil,big,round,irregular,low,densely,no,clear,light blue,coarse,purple,yes,BA_505139_ccrop.jpg,train
BA_505144_ccrop.jpg,Basophil,big,round,irregular,low,densely,no,clear,light blue,coarse,purple,yes,BA_505144_ccrop.jpg,train
BA_505208_ccrop.jpg,Basophil,small,round,segmented-bilobed,low,densely,no,clear,light blue,coarse,purple,yes,BA_505208_ccrop.jpg,train
BA_509224_ccrop.jpg,Basophil,big,irregular,irregular,low,densely,no,clear,light blue,coarse,purple,yes,BA_509224_ccrop.jpg,train
BA_50941_ccrop.jpg,Basophil,big,round,segmented-bilobed,low,densely,no,clear,light blue,coarse,purple,yes,BA_50941_ccrop.jpg,train
BA_514550_ccrop.jpg,Basophil,small,round,irregular,low,densely,no,clear,light blue,coarse,purple,yes,BA_514550_ccrop.jpg,train
BA_515577_ccrop.jpg,Basophil,small,round,segmented-bilobed,low,densely,no,clear,light blue,coarse,purple,yes,BA_515577_ccrop.jpg,train
BA_515691_ccrop.jpg,Basophil,small,round,irregular,low,densely,no,clear,light blue,coarse,purple,yes,BA_515691_ccrop.jpg,train
BA_516678_ccrop.jpg,Basophil,small,round,segmented-bilobed,low,densely,no,clear,light blue,coarse,purple,yes,BA_516678_ccrop.jpg,train
BA_517020_ccrop.jpg,Basophil,small,round,segmented-bilobed,low,densely,no,clear,light blue,coarse,purple,yes,BA_517020_ccrop.jpg,train
BA_517315_ccrop.jpg,Basophil,big,round,unsegmented-band,low,densely,no,clear,light blue,coarse,purple,yes,BA_517315_ccrop.jpg,train
BA_517662_ccrop.jpg,Basophil,small,round,irregular,low,densely,no,clear,light blue,coarse,purple,yes,BA_517662_ccrop.jpg,train
BA_519510_ccrop.jpg,Basophil,small,round,segmented-bilobed,low,densely,no,clear,light blue,coarse,purple,yes,BA_519510_ccrop.jpg,train
BA_520588_ccrop.jpg,Basophil,small,round,segmented-bilobed,low,densely,no,clear,light blue,coarse,purple,yes,BA_520588_ccrop.jpg,train
BA_521968_ccrop.jpg,Basophil,small,round,irregular,low,densely,no,clear,light blue,coarse,purple,yes,BA_521968_ccrop.jpg,train
BA_526172_ccrop.jpg,Basophil,small,round,segmented-bilobed,low,densely,no,clear,light blue,coarse,purple,yes,BA_526172_ccrop.jpg,train
BA_527567_ccrop.jpg,Basophil,small,round,irregular,low,densely,no,clear,light blue,coarse,purple,yes,BA_527567_ccrop.jpg,train
BA_527667_ccrop.jpg,Basophil,small,irregular,segmented-bilobed,low,densely,no,clear,light blue,coarse,purple,yes,BA_527667_ccrop.jpg,train
BA_528783_ccrop.jpg,Basophil,small,round,irregular,low,densely,no,clear,light blue,coarse,purple,yes,BA_528783_ccrop.jpg,train
BA_529706_ccrop.jpg,Basophil,small,round,unsegmented-band,low,densely,no,clear,light blue,coarse,purple,yes,BA_529706_ccrop.jpg,train
BA_530459_ccrop.jpg,Basophil,small,round,segmented-multilobed,low,densely,no,clear,light blue,coarse,purple,yes,BA_530459_ccrop.jpg,train
BA_532264_ccrop.jpg,Basophil,small,round,irregular,low,densely,no,clear,light blue,coarse,purple,yes,BA_532264_ccrop.jpg,train
BA_532316_ccrop.jpg,Basophil,big,round,segmented-multilobed,low,densely,no,clear,light blue,coarse,purple,yes,BA_532316_ccrop.jpg,train
BA_53335_ccrop.jpg,Basophil,small,round,irregular,low,densely,no,clear,light blue,coarse,purple,yes,BA_53335_ccrop.jpg,train
BA_533802_ccrop.jpg,Basophil,small,round,segmented-multilobed,low,densely,no,clear,light blue,coarse,purple,yes,BA_533802_ccrop.jpg,train
BA_533987_ccrop.jpg,Basophil,big,irregular,irregular,low,densely,no,clear,light blue,coarse,purple,yes,BA_533987_ccrop.jpg,train
BA_534912_ccrop.jpg,Basophil,big,round,segmented-bilobed,low,densely,no,clear,purple blue,coarse,purple,yes,BA_534912_ccrop.jpg,train
BA_535573_ccrop.jpg,Basophil,small,round,irregular,low,densely,no,clear,light blue,coarse,purple,yes,BA_535573_ccrop.jpg,train
BA_535755_ccrop.jpg,Basophil,big,round,unsegmented-band,low,densely,no,clear,light blue,coarse,purple,yes,BA_535755_ccrop.jpg,train
BA_535936_ccrop.jpg,Basophil,big,irregular,unsegmented-band,low,densely,no,clear,light blue,coarse,purple,yes,BA_535936_ccrop.jpg,train
BA_537209_ccrop.jpg,Basophil,small,round,irregular,low,densely,no,clear,light blue,coarse,purple,yes,BA_537209_ccrop.jpg,train
BA_537842_ccrop.jpg,Basophil,small,round,irregular,low,densely,no,clear,light blue,coarse,purple,yes,BA_537842_ccrop.jpg,train
BA_538389_ccrop.jpg,Basophil,small,round,unsegmented-band,low,densely,no,clear,light blue,coarse,purple,yes,BA_538389_ccrop.jpg,train
BA_540646_ccrop.jpg,Basophil,small,round,irregular,low,densely,no,clear,light blue,coarse,purple,yes,BA_540646_ccrop.jpg,train
BA_544516_ccrop.jpg,Basophil,small,round,irregular,low,densely,no,clear,light blue,coarse,purple,yes,BA_544516_ccrop.jpg,train
BA_544558_ccrop.jpg,Basophil,small,round,irregular,low,densely,no,clear,light blue,coarse,purple,yes,BA_544558_ccrop.jpg,train
BA_545194_ccrop.jpg,Basophil,big,round,irregular,low,densely,no,clear,light blue,coarse,purple,yes,BA_545194_ccrop.jpg,train
BA_546746_ccrop.jpg,Basophil,small,round,unsegmented-indented,low,densely,no,clear,light blue,coarse,purple,yes,BA_546746_ccrop.jpg,train
BA_549440_ccrop.jpg,Basophil,big,round,unsegmented-band,low,densely,no,clear,light blue,coarse,purple,yes,BA_549440_ccrop.jpg,train
BA_549762_ccrop.jpg,Basophil,big,round,segmented-bilobed,low,densely,no,clear,light blue,coarse,purple,yes,BA_549762_ccrop.jpg,train
BA_551430_ccrop.jpg,Basophil,small,irregular,segmented-multilobed,low,densely,no,clear,light blue,coarse,purple,yes,BA_551430_ccrop.jpg,train
BA_551471_ccrop.jpg,Basophil,small,round,irregular,low,densely,no,clear,light blue,coarse,purple,yes,BA_551471_ccrop.jpg,train
BA_552972_ccrop.jpg,Basophil,big,irregular,segmented-bilobed,low,densely,no,clear,light blue,coarse,purple,yes,BA_552972_ccrop.jpg,train
BA_553981_ccrop.jpg,Basophil,small,round,irregular,low,densely,no,clear,light blue,coarse,purple,yes,BA_553981_ccrop.jpg,train
BA_555744_ccrop.jpg,Basophil,small,round,irregular,low,densely,no,clear,light blue,coarse,purple,yes,BA_555744_ccrop.jpg,train
BA_556332_ccrop.jpg,Basophil,small,round,unsegmented-band,low,densely,no,clear,light blue,small,purple,yes,BA_556332_ccrop.jpg,train
BA_556627_ccrop.jpg,Basophil,small,round,irregular,low,densely,no,clear,light blue,coarse,purple,yes,BA_556627_ccrop.jpg,train
BA_558057_ccrop.jpg,Basophil,small,round,irregular,low,densely,no,clear,light blue,coarse,purple,yes,BA_558057_ccrop.jpg,train
BA_558929_ccrop.jpg,Basophil,small,round,irregular,low,densely,no,clear,light blue,coarse,purple,yes,BA_558929_ccrop.jpg,train
BA_558965_ccrop.jpg,Basophil,big,round,unsegmented-indented,low,densely,no,clear,light blue,coarse,purple,yes,BA_558965_ccrop.jpg,train
BA_559801_ccrop.jpg,Basophil,small,round,irregular,low,densely,no,clear,light blue,coarse,purple,yes,BA_559801_ccrop.jpg,train
BA_56068_ccrop.jpg,Basophil,small,round,irregular,low,densely,no,clear,light blue,coarse,purple,yes,BA_56068_ccrop.jpg,train
BA_563270_ccrop.jpg,Basophil,small,round,irregular,low,densely,no,clear,light blue,coarse,purple,yes,BA_563270_ccrop.jpg,train
BA_563406_ccrop.jpg,Basophil,big,irregular,unsegmented-band,low,densely,no,clear,light blue,coarse,purple,yes,BA_563406_ccrop.jpg,train
BA_563628_ccrop.jpg,Basophil,big,round,segmented-bilobed,low,densely,no,clear,light blue,coarse,purple,yes,BA_563628_ccrop.jpg,train
BA_564059_ccrop.jpg,Basophil,small,round,segmented-multilobed,low,densely,no,clear,purple blue,coarse,purple,yes,BA_564059_ccrop.jpg,train
BA_564254_ccrop.jpg,Basophil,small,round,irregular,low,densely,no,clear,light blue,coarse,purple,yes,BA_564254_ccrop.jpg,train
BA_564691_ccrop.jpg,Basophil,small,round,irregular,low,densely,no,clear,light blue,coarse,purple,yes,BA_564691_ccrop.jpg,train
BA_566824_ccrop.jpg,Basophil,small,round,segmented-multilobed,low,densely,no,clear,light blue,coarse,purple,yes,BA_566824_ccrop.jpg,train
BA_566878_ccrop.jpg,Basophil,big,round,irregular,low,densely,no,clear,light blue,coarse,purple,yes,BA_566878_ccrop.jpg,train
BA_567293_ccrop.jpg,Basophil,small,round,irregular,low,densely,no,clear,light blue,coarse,purple,yes,BA_567293_ccrop.jpg,train
BA_567394_ccrop.jpg,Basophil,small,round,unsegmented-band,low,densely,no,clear,light blue,coarse,purple,yes,BA_567394_ccrop.jpg,train
BA_569593_ccrop.jpg,Basophil,small,round,irregular,low,densely,no,clear,light blue,coarse,purple,yes,BA_569593_ccrop.jpg,train
BA_570415_ccrop.jpg,Basophil,small,round,irregular,low,densely,no,clear,light blue,coarse,purple,yes,BA_570415_ccrop.jpg,train
BA_572677_ccrop.jpg,Basophil,big,irregular,segmented-bilobed,low,densely,no,clear,light blue,coarse,purple,yes,BA_572677_ccrop.jpg,train
BA_576309_ccrop.jpg,Basophil,small,round,irregular,low,densely,no,clear,light blue,coarse,purple,yes,BA_576309_ccrop.jpg,train
BA_577373_ccrop.jpg,Basophil,small,round,segmented-multilobed,low,densely,no,clear,light blue,coarse,purple,yes,BA_577373_ccrop.jpg,train
BA_577892_ccrop.jpg,Basophil,small,round,segmented-bilobed,low,densely,no,clear,light blue,coarse,purple,yes,BA_577892_ccrop.jpg,train
BA_579017_ccrop.jpg,Basophil,big,round,segmented-multilobed,low,densely,no,clear,light blue,coarse,purple,yes,BA_579017_ccrop.jpg,train
BA_580_ccrop.jpg,Basophil,small,round,segmented-bilobed,low,densely,no,clear,light blue,coarse,purple,yes,BA_580_ccrop.jpg,train
BA_580588_ccrop.jpg,Basophil,small,round,irregular,low,densely,no,clear,light blue,coarse,purple,yes,BA_580588_ccrop.jpg,train
BA_58212_ccrop.jpg,Basophil,small,round,segmented-multilobed,low,densely,no,clear,light blue,coarse,purple,yes,BA_58212_ccrop.jpg,train
BA_582752_ccrop.jpg,Basophil,small,round,irregular,low,densely,no,clear,light blue,coarse,purple,yes,BA_582752_ccrop.jpg,train
BA_583432_ccrop.jpg,Basophil,small,round,irregular,low,densely,no,clear,light blue,coarse,purple,yes,BA_583432_ccrop.jpg,train
BA_583859_ccrop.jpg,Basophil,small,round,segmented-bilobed,low,densely,no,clear,light blue,coarse,purple,yes,BA_583859_ccrop.jpg,train
BA_58432_ccrop.jpg,Basophil,small,round,segmented-multilobed,low,densely,no,clear,light blue,coarse,purple,yes,BA_58432_ccrop.jpg,train
BA_584667_ccrop.jpg,Basophil,big,round,segmented-multilobed,low,densely,no,clear,light blue,coarse,purple,yes,BA_584667_ccrop.jpg,train
BA_585015_ccrop.jpg,Basophil,big,round,segmented-bilobed,low,densely,no,clear,light blue,coarse,purple,yes,BA_585015_ccrop.jpg,train
BA_58746_ccrop.jpg,Basophil,small,round,segmented-bilobed,low,densely,no,clear,light blue,coarse,purple,yes,BA_58746_ccrop.jpg,train
BA_588492_ccrop.jpg,Basophil,small,round,irregular,low,densely,no,clear,light blue,coarse,purple,yes,BA_588492_ccrop.jpg,train
BA_589182_ccrop.jpg,Basophil,small,round,irregular,low,densely,no,clear,light blue,coarse,purple,yes,BA_589182_ccrop.jpg,train
BA_589260_ccrop.jpg,Basophil,big,irregular,irregular,low,densely,no,clear,light blue,coarse,purple,yes,BA_589260_ccrop.jpg,train
BA_589888_ccrop.jpg,Basophil,small,round,irregular,low,densely,no,clear,light blue,coarse,purple,yes,BA_589888_ccrop.jpg,train
BA_59405_ccrop.jpg,Basophil,small,irregular,irregular,low,densely,no,clear,light blue,coarse,purple,yes,BA_59405_ccrop.jpg,train
BA_594428_ccrop.jpg,Basophil,small,round,irregular,low,densely,no,clear,light blue,coarse,purple,yes,BA_594428_ccrop.jpg,train
BA_594501_ccrop.jpg,Basophil,small,round,segmented-multilobed,low,densely,no,clear,light blue,coarse,purple,yes,BA_594501_ccrop.jpg,train
BA_594734_ccrop.jpg,Basophil,small,round,segmented-multilobed,low,densely,no,clear,light blue,coarse,purple,yes,BA_594734_ccrop.jpg,train
BA_59759_ccrop.jpg,Basophil,small,round,irregular,low,densely,no,clear,light blue,coarse,purple,yes,BA_59759_ccrop.jpg,train
BA_598745_ccrop.jpg,Basophil,small,round,irregular,low,densely,no,clear,light blue,coarse,purple,yes,BA_598745_ccrop.jpg,train
BA_599277_ccrop.jpg,Basophil,big,irregular,irregular,low,densely,no,clear,light blue,coarse,purple,yes,BA_599277_ccrop.jpg,train
BA_601035_ccrop.jpg,Basophil,big,round,irregular,low,densely,no,clear,light blue,coarse,purple,yes,BA_601035_ccrop.jpg,train
BA_601585_ccrop.jpg,Basophil,small,irregular,irregular,low,densely,no,clear,light blue,coarse,purple,yes,BA_601585_ccrop.jpg,train
BA_602661_ccrop.jpg,Basophil,small,round,irregular,low,densely,no,clear,light blue,coarse,purple,yes,BA_602661_ccrop.jpg,train
BA_602999_ccrop.jpg,Basophil,small,round,irregular,low,densely,no,clear,light blue,coarse,purple,yes,BA_602999_ccrop.jpg,train
BA_603889_ccrop.jpg,Basophil,big,round,segmented-bilobed,low,densely,no,clear,light blue,coarse,purple,yes,BA_603889_ccrop.jpg,train
BA_604921_ccrop.jpg,Basophil,small,round,irregular,low,densely,no,clear,light blue,coarse,purple,yes,BA_604921_ccrop.jpg,train
BA_605110_ccrop.jpg,Basophil,small,round,irregular,low,densely,no,clear,light blue,coarse,purple,yes,BA_605110_ccrop.jpg,train
BA_60640_ccrop.jpg,Basophil,small,round,irregular,low,densely,no,clear,light blue,coarse,purple,yes,BA_60640_ccrop.jpg,train
BA_606591_ccrop.jpg,Basophil,big,round,irregular,low,densely,no,clear,light blue,coarse,purple,yes,BA_606591_ccrop.jpg,train
BA_608637_ccrop.jpg,Basophil,small,round,segmented-bilobed,low,densely,no,clear,light blue,coarse,purple,yes,BA_608637_ccrop.jpg,train
BA_609344_ccrop.jpg,Basophil,small,irregular,irregular,low,densely,no,clear,light blue,coarse,purple,yes,BA_609344_ccrop.jpg,train
BA_6109_ccrop.jpg,Basophil,small,round,segmented-bilobed,low,densely,no,clear,light blue,coarse,purple,yes,BA_6109_ccrop.jpg,train
BA_61113_ccrop.jpg,Basophil,small,round,segmented-multilobed,low,densely,no,clear,light blue,coarse,purple,yes,BA_61113_ccrop.jpg,train
BA_612717_ccrop.jpg,Basophil,small,round,segmented-bilobed,low,densely,no,clear,light blue,coarse,purple,yes,BA_612717_ccrop.jpg,train
BA_612971_ccrop.jpg,Basophil,big,round,irregular,low,densely,no,clear,light blue,coarse,purple,yes,BA_612971_ccrop.jpg,train
BA_615294_ccrop.jpg,Basophil,small,round,irregular,low,densely,no,clear,light blue,coarse,purple,yes,BA_615294_ccrop.jpg,train
BA_6162_ccrop.jpg,Basophil,small,round,segmented-multilobed,low,densely,no,clear,light blue,coarse,purple,yes,BA_6162_ccrop.jpg,train
BA_617523_ccrop.jpg,Basophil,small,round,irregular,low,densely,no,clear,light blue,coarse,purple,yes,BA_617523_ccrop.jpg,train
BA_618288_ccrop.jpg,Basophil,small,round,irregular,low,densely,no,clear,light blue,coarse,purple,yes,BA_618288_ccrop.jpg,train
BA_618537_ccrop.jpg,Basophil,small,round,irregular,low,densely,no,clear,light blue,coarse,purple,yes,BA_618537_ccrop.jpg,train
BA_619254_ccrop.jpg,Basophil,small,round,irregular,low,densely,no,clear,light blue,coarse,purple,yes,BA_619254_ccrop.jpg,train
BA_620858_ccrop.jpg,Basophil,small,round,segmented-bilobed,low,densely,no,clear,light blue,coarse,purple,yes,BA_620858_ccrop.jpg,train
BA_622087_ccrop.jpg,Basophil,small,round,segmented-bilobed,low,densely,no,clear,light blue,coarse,purple,yes,BA_622087_ccrop.jpg,train
BA_624477_ccrop.jpg,Basophil,big,irregular,unsegmented-band,low,densely,no,clear,light blue,coarse,purple,yes,BA_624477_ccrop.jpg,train
BA_625461_ccrop.jpg,Basophil,small,round,segmented-multilobed,low,densely,no,clear,light blue,coarse,purple,yes,BA_625461_ccrop.jpg,train
BA_625812_ccrop.jpg,Basophil,big,round,irregular,low,densely,no,clear,light blue,coarse,purple,yes,BA_625812_ccrop.jpg,train
BA_628597_ccrop.jpg,Basophil,small,round,irregular,low,densely,no,clear,light blue,coarse,purple,yes,BA_628597_ccrop.jpg,train
BA_629062_ccrop.jpg,Basophil,small,round,segmented-bilobed,low,densely,no,clear,light blue,coarse,purple,yes,BA_629062_ccrop.jpg,train
BA_63104_ccrop.jpg,Basophil,small,round,irregular,low,densely,no,clear,light blue,coarse,purple,yes,BA_63104_ccrop.jpg,train
BA_633258_ccrop.jpg,Basophil,small,round,segmented-bilobed,low,densely,no,clear,light blue,coarse,purple,yes,BA_633258_ccrop.jpg,train
BA_633824_ccrop.jpg,Basophil,small,round,unsegmented-band,low,densely,no,clear,light blue,coarse,purple,yes,BA_633824_ccrop.jpg,train
BA_634115_ccrop.jpg,Basophil,small,irregular,irregular,low,densely,no,clear,light blue,coarse,purple,yes,BA_634115_ccrop.jpg,train
BA_634320_ccrop.jpg,Basophil,small,round,segmented-bilobed,low,densely,no,clear,light blue,coarse,purple,yes,BA_634320_ccrop.jpg,train
BA_63564_ccrop.jpg,Basophil,small,round,irregular,low,densely,no,clear,light blue,coarse,purple,yes,BA_63564_ccrop.jpg,train
BA_635801_ccrop.jpg,Basophil,big,irregular,irregular,low,densely,no,clear,light blue,coarse,purple,yes,BA_635801_ccrop.jpg,train
BA_636660_ccrop.jpg,Basophil,small,round,segmented-bilobed,low,densely,no,clear,light blue,coarse,purple,yes,BA_636660_ccrop.jpg,train
BA_637803_ccrop.jpg,Basophil,small,round,unsegmented-round,low,densely,no,clear,light blue,coarse,purple,yes,BA_637803_ccrop.jpg,train
BA_638911_ccrop.jpg,Basophil,small,irregular,irregular,low,densely,no,clear,light blue,coarse,purple,yes,BA_638911_ccrop.jpg,train
BA_640005_ccrop.jpg,Basophil,big,round,segmented-bilobed,low,densely,no,clear,light blue,coarse,purple,yes,BA_640005_ccrop.jpg,train
BA_640409_ccrop.jpg,Basophil,big,round,irregular,low,densely,no,clear,light blue,coarse,purple,yes,BA_640409_ccrop.jpg,train
BA_641976_ccrop.jpg,Basophil,small,round,unsegmented-band,low,densely,no,clear,light blue,coarse,purple,yes,BA_641976_ccrop.jpg,train
BA_642041_ccrop.jpg,Basophil,small,round,irregular,low,densely,no,clear,light blue,coarse,purple,yes,BA_642041_ccrop.jpg,train
BA_646371_ccrop.jpg,Basophil,big,irregular,segmented-bilobed,low,densely,no,clear,light blue,coarse,purple,yes,BA_646371_ccrop.jpg,train
BA_647514_ccrop.jpg,Basophil,small,round,unsegmented-band,low,densely,no,clear,light blue,coarse,purple,yes,BA_647514_ccrop.jpg,train
BA_647570_ccrop.jpg,Basophil,small,round,segmented-multilobed,low,densely,no,clear,light blue,coarse,purple,yes,BA_647570_ccrop.jpg,train
BA_650536_ccrop.jpg,Basophil,big,round,unsegmented-band,low,densely,no,clear,light blue,coarse,purple,yes,BA_650536_ccrop.jpg,train
BA_655272_ccrop.jpg,Basophil,big,irregular,segmented-multilobed,low,densely,no,clear,light blue,coarse,purple,yes,BA_655272_ccrop.jpg,train
BA_656750_ccrop.jpg,Basophil,small,round,segmented-bilobed,low,densely,no,clear,light blue,coarse,purple,yes,BA_656750_ccrop.jpg,train
BA_65751_ccrop.jpg,Basophil,small,round,segmented-bilobed,low,densely,no,clear,light blue,coarse,purple,yes,BA_65751_ccrop.jpg,train
BA_658350_ccrop.jpg,Basophil,small,round,unsegmented-band,low,densely,no,clear,light blue,coarse,purple,yes,BA_658350_ccrop.jpg,train
BA_660263_ccrop.jpg,Basophil,small,round,segmented-multilobed,low,densely,no,clear,light blue,coarse,purple,yes,BA_660263_ccrop.jpg,train
BA_666027_ccrop.jpg,Basophil,big,round,segmented-multilobed,low,densely,no,clear,light blue,coarse,purple,yes,BA_666027_ccrop.jpg,train
BA_666432_ccrop.jpg,Basophil,big,round,segmented-bilobed,low,densely,no,clear,light blue,coarse,purple,yes,BA_666432_ccrop.jpg,train
BA_667936_ccrop.jpg,Basophil,small,round,segmented-bilobed,low,densely,no,clear,light blue,coarse,purple,yes,BA_667936_ccrop.jpg,train
BA_668105_ccrop.jpg,Basophil,small,round,segmented-multilobed,low,densely,no,clear,light blue,coarse,purple,yes,BA_668105_ccrop.jpg,train
BA_66834_ccrop.jpg,Basophil,big,round,segmented-bilobed,low,densely,no,clear,light blue,coarse,purple,yes,BA_66834_ccrop.jpg,train
BA_66887_ccrop.jpg,Basophil,small,round,segmented-multilobed,low,densely,no,clear,light blue,coarse,purple,yes,BA_66887_ccrop.jpg,train
BA_669765_ccrop.jpg,Basophil,small,round,segmented-bilobed,low,densely,no,clear,light blue,coarse,purple,yes,BA_669765_ccrop.jpg,train
BA_671878_ccrop.jpg,Basophil,small,round,segmented-bilobed,low,densely,no,clear,light blue,coarse,purple,yes,BA_671878_ccrop.jpg,train
BA_672755_ccrop.jpg,Basophil,small,round,segmented-bilobed,low,densely,no,clear,light blue,coarse,purple,yes,BA_672755_ccrop.jpg,train
BA_673919_ccrop.jpg,Basophil,small,round,segmented-multilobed,low,densely,no,clear,light blue,coarse,purple,yes,BA_673919_ccrop.jpg,train
BA_674430_ccrop.jpg,Basophil,big,irregular,irregular,low,densely,no,clear,light blue,coarse,purple,yes,BA_674430_ccrop.jpg,train
BA_674593_ccrop.jpg,Basophil,small,irregular,segmented-bilobed,low,densely,no,clear,light blue,coarse,purple,yes,BA_674593_ccrop.jpg,train
BA_675444_ccrop.jpg,Basophil,small,round,irregular,low,densely,no,clear,light blue,coarse,purple,yes,BA_675444_ccrop.jpg,train
BA_676044_ccrop.jpg,Basophil,small,round,irregular,low,densely,no,clear,light blue,coarse,purple,yes,BA_676044_ccrop.jpg,train
BA_677937_ccrop.jpg,Basophil,small,round,segmented-multilobed,low,densely,no,clear,light blue,coarse,purple,yes,BA_677937_ccrop.jpg,train
BA_683125_ccrop.jpg,Basophil,small,round,irregular,low,densely,no,clear,light blue,coarse,purple,yes,BA_683125_ccrop.jpg,train
BA_684441_ccrop.jpg,Basophil,big,round,unsegmented-band,low,densely,no,clear,light blue,coarse,purple,yes,BA_684441_ccrop.jpg,train
BA_685684_ccrop.jpg,Basophil,small,round,irregular,low,densely,no,clear,light blue,coarse,purple,yes,BA_685684_ccrop.jpg,train
BA_685720_ccrop.jpg,Basophil,small,round,irregular,low,densely,no,clear,light blue,coarse,purple,yes,BA_685720_ccrop.jpg,train
BA_687195_ccrop.jpg,Basophil,small,round,irregular,low,densely,no,clear,light blue,coarse,purple,yes,BA_687195_ccrop.jpg,train
BA_689200_ccrop.jpg,Basophil,small,round,unsegmented-band,low,densely,no,clear,light blue,coarse,purple,yes,BA_689200_ccrop.jpg,train
BA_689718_ccrop.jpg,Basophil,small,round,irregular,low,densely,no,clear,light blue,coarse,purple,yes,BA_689718_ccrop.jpg,train
BA_691060_ccrop.jpg,Basophil,small,round,unsegmented-band,low,densely,no,clear,light blue,coarse,purple,yes,BA_691060_ccrop.jpg,train
BA_691235_ccrop.jpg,Basophil,small,round,segmented-multilobed,low,densely,no,clear,light blue,coarse,purple,yes,BA_691235_ccrop.jpg,train
BA_692349_ccrop.jpg,Basophil,small,round,irregular,low,densely,no,clear,light blue,coarse,purple,yes,BA_692349_ccrop.jpg,train
BA_693714_ccrop.jpg,Basophil,small,round,segmented-multilobed,low,densely,no,clear,light blue,coarse,purple,yes,BA_693714_ccrop.jpg,train
BA_695025_ccrop.jpg,Basophil,big,round,segmented-multilobed,low,densely,no,clear,light blue,coarse,purple,yes,BA_695025_ccrop.jpg,train
BA_695712_ccrop.jpg,Basophil,small,round,segmented-multilobed,low,densely,no,clear,light blue,coarse,purple,yes,BA_695712_ccrop.jpg,train
BA_696680_ccrop.jpg,Basophil,small,round,unsegmented-band,low,densely,no,clear,light blue,coarse,purple,yes,BA_696680_ccrop.jpg,train
BA_698312_ccrop.jpg,Basophil,small,round,irregular,low,densely,no,clear,light blue,coarse,purple,yes,BA_698312_ccrop.jpg,train
BA_700139_ccrop.jpg,Basophil,small,round,segmented-bilobed,low,densely,no,clear,light blue,coarse,purple,yes,BA_700139_ccrop.jpg,train
BA_702907_ccrop.jpg,Basophil,small,round,irregular,low,densely,no,clear,light blue,coarse,purple,yes,BA_702907_ccrop.jpg,train
BA_705900_ccrop.jpg,Basophil,small,round,unsegmented-band,low,densely,no,clear,light blue,coarse,purple,yes,BA_705900_ccrop.jpg,train
BA_708202_ccrop.jpg,Basophil,big,irregular,segmented-bilobed,low,densely,no,clear,light blue,coarse,purple,yes,BA_708202_ccrop.jpg,train
BA_709347_ccrop.jpg,Basophil,small,round,irregular,low,densely,no,clear,light blue,coarse,purple,yes,BA_709347_ccrop.jpg,train
BA_710454_ccrop.jpg,Basophil,small,round,unsegmented-band,low,densely,no,clear,light blue,coarse,purple,yes,BA_710454_ccrop.jpg,train
BA_710902_ccrop.jpg,Basophil,small,round,segmented-bilobed,low,densely,no,clear,light blue,coarse,purple,yes,BA_710902_ccrop.jpg,train
BA_711276_ccrop.jpg,Basophil,small,round,segmented-multilobed,low,densely,no,clear,light blue,coarse,purple,yes,BA_711276_ccrop.jpg,train
BA_712840_ccrop.jpg,Basophil,small,round,irregular,low,densely,no,clear,light blue,coarse,purple,yes,BA_712840_ccrop.jpg,train
BA_712958_ccrop.jpg,Basophil,small,round,segmented-bilobed,low,densely,no,clear,light blue,coarse,purple,yes,BA_712958_ccrop.jpg,train
BA_716054_ccrop.jpg,Basophil,small,round,unsegmented-band,low,densely,no,clear,light blue,coarse,purple,yes,BA_716054_ccrop.jpg,train
BA_716177_ccrop.jpg,Basophil,small,round,segmented-multilobed,low,densely,no,clear,light blue,coarse,purple,yes,BA_716177_ccrop.jpg,train
BA_717119_ccrop.jpg,Basophil,small,round,irregular,low,densely,no,clear,light blue,coarse,purple,yes,BA_717119_ccrop.jpg,train
BA_720056_ccrop.jpg,Basophil,small,round,irregular,low,densely,no,clear,light blue,coarse,purple,yes,BA_720056_ccrop.jpg,train
BA_723161_ccrop.jpg,Basophil,small,round,segmented-multilobed,low,densely,no,clear,light blue,coarse,purple,yes,BA_723161_ccrop.jpg,train
BA_723661_ccrop.jpg,Basophil,small,round,segmented-bilobed,low,densely,no,clear,light blue,coarse,purple,yes,BA_723661_ccrop.jpg,train
BA_725408_ccrop.jpg,Basophil,small,round,segmented-multilobed,low,densely,no,clear,light blue,coarse,purple,yes,BA_725408_ccrop.jpg,train
BA_725557_ccrop.jpg,Basophil,small,round,unsegmented-band,low,densely,no,clear,light blue,coarse,purple,yes,BA_725557_ccrop.jpg,train
BA_72574_ccrop.jpg,Basophil,small,irregular,irregular,low,densely,no,clear,light blue,coarse,purple,yes,BA_72574_ccrop.jpg,train
BA_726134_ccrop.jpg,Basophil,big,round,irregular,low,densely,no,clear,light blue,coarse,purple,yes,BA_726134_ccrop.jpg,train
BA_726199_ccrop.jpg,Basophil,big,round,irregular,low,densely,no,clear,light blue,coarse,purple,yes,BA_726199_ccrop.jpg,train
BA_726414_ccrop.jpg,Basophil,big,round,segmented-multilobed,low,densely,no,clear,light blue,coarse,purple,yes,BA_726414_ccrop.jpg,train
BA_726726_ccrop.jpg,Basophil,small,round,unsegmented-band,low,densely,no,clear,light blue,coarse,purple,yes,BA_726726_ccrop.jpg,train
BA_727435_ccrop.jpg,Basophil,small,round,unsegmented-band,low,densely,no,clear,light blue,coarse,purple,yes,BA_727435_ccrop.jpg,train
BA_727528_ccrop.jpg,Basophil,small,round,segmented-bilobed,low,densely,no,clear,light blue,coarse,purple,yes,BA_727528_ccrop.jpg,train
BA_728520_ccrop.jpg,Basophil,big,round,irregular,low,densely,no,clear,light blue,coarse,purple,yes,BA_728520_ccrop.jpg,train
BA_729979_ccrop.jpg,Basophil,small,round,irregular,low,densely,no,clear,light blue,coarse,purple,yes,BA_729979_ccrop.jpg,train
BA_731815_ccrop.jpg,Basophil,big,round,unsegmented-round,low,densely,no,clear,light blue,coarse,purple,yes,BA_731815_ccrop.jpg,train
BA_733311_ccrop.jpg,Basophil,small,round,segmented-multilobed,low,densely,no,clear,light blue,coarse,purple,yes,BA_733311_ccrop.jpg,train
BA_73594_ccrop.jpg,Basophil,big,irregular,segmented-bilobed,low,densely,no,clear,light blue,coarse,purple,yes,BA_73594_ccrop.jpg,train
BA_736344_ccrop.jpg,Basophil,small,round,segmented-bilobed,low,densely,no,clear,light blue,coarse,purple,yes,BA_736344_ccrop.jpg,train
BA_737054_ccrop.jpg,Basophil,small,round,segmented-multilobed,low,densely,no,clear,light blue,coarse,purple,yes,BA_737054_ccrop.jpg,train
BA_73780_ccrop.jpg,Basophil,small,round,unsegmented-round,low,densely,no,clear,light blue,coarse,purple,yes,BA_73780_ccrop.jpg,train
BA_738477_ccrop.jpg,Basophil,small,round,irregular,low,densely,no,clear,light blue,coarse,purple,yes,BA_738477_ccrop.jpg,train
BA_738567_ccrop.jpg,Basophil,small,round,irregular,low,densely,no,clear,light blue,coarse,purple,yes,BA_738567_ccrop.jpg,train
BA_739484_ccrop.jpg,Basophil,small,round,unsegmented-round,low,densely,no,clear,light blue,coarse,purple,yes,BA_739484_ccrop.jpg,train
BA_742244_ccrop.jpg,Basophil,big,round,segmented-multilobed,low,densely,no,clear,light blue,coarse,purple,yes,BA_742244_ccrop.jpg,train
BA_742698_ccrop.jpg,Basophil,small,round,irregular,low,densely,no,clear,light blue,coarse,purple,yes,BA_742698_ccrop.jpg,train
BA_744466_ccrop.jpg,Basophil,big,round,irregular,low,densely,no,clear,light blue,coarse,purple,yes,BA_744466_ccrop.jpg,train
BA_746210_ccrop.jpg,Basophil,small,round,segmented-bilobed,low,densely,no,clear,light blue,coarse,purple,yes,BA_746210_ccrop.jpg,train
BA_746935_ccrop.jpg,Basophil,small,round,segmented-bilobed,low,densely,no,clear,light blue,coarse,purple,yes,BA_746935_ccrop.jpg,train
BA_747919_ccrop.jpg,Basophil,small,round,segmented-bilobed,low,densely,no,clear,light blue,coarse,purple,yes,BA_747919_ccrop.jpg,train
BA_748012_ccrop.jpg,Basophil,big,round,irregular,low,densely,no,clear,light blue,coarse,purple,yes,BA_748012_ccrop.jpg,train
BA_74901_ccrop.jpg,Basophil,small,round,unsegmented-round,low,densely,no,clear,light blue,small,purple,yes,BA_74901_ccrop.jpg,train
BA_749108_ccrop.jpg,Basophil,small,round,unsegmented-band,low,densely,no,clear,light blue,coarse,purple,yes,BA_749108_ccrop.jpg,train
BA_749588_ccrop.jpg,Basophil,small,round,segmented-multilobed,low,densely,no,clear,light blue,coarse,purple,yes,BA_749588_ccrop.jpg,train
BA_74973_ccrop.jpg,Basophil,small,round,segmented-bilobed,low,densely,no,clear,light blue,coarse,purple,yes,BA_74973_ccrop.jpg,train
BA_752724_ccrop.jpg,Basophil,big,round,unsegmented-band,low,densely,no,clear,light blue,coarse,purple,yes,BA_752724_ccrop.jpg,train
BA_752996_ccrop.jpg,Basophil,big,round,irregular,low,densely,no,clear,light blue,coarse,purple,yes,BA_752996_ccrop.jpg,train
BA_753251_ccrop.jpg,Basophil,small,round,segmented-multilobed,low,densely,no,clear,light blue,coarse,purple,yes,BA_753251_ccrop.jpg,train
BA_754114_ccrop.jpg,Basophil,small,round,segmented-bilobed,low,densely,no,clear,light blue,coarse,purple,yes,BA_754114_ccrop.jpg,train
BA_756115_ccrop.jpg,Basophil,big,round,segmented-bilobed,low,densely,no,clear,light blue,coarse,purple,yes,BA_756115_ccrop.jpg,train
BA_759075_ccrop.jpg,Basophil,small,round,segmented-multilobed,low,densely,no,clear,light blue,coarse,purple,yes,BA_759075_ccrop.jpg,train
BA_759768_ccrop.jpg,Basophil,small,round,segmented-bilobed,low,densely,no,clear,light blue,coarse,purple,yes,BA_759768_ccrop.jpg,train
BA_760001_ccrop.jpg,Basophil,big,irregular,irregular,low,densely,no,clear,light blue,coarse,purple,yes,BA_760001_ccrop.jpg,train
BA_760452_ccrop.jpg,Basophil,small,round,segmented-bilobed,low,densely,no,clear,light blue,coarse,purple,yes,BA_760452_ccrop.jpg,train
BA_760781_ccrop.jpg,Basophil,small,round,segmented-bilobed,low,densely,no,clear,light blue,coarse,purple,yes,BA_760781_ccrop.jpg,train
BA_761947_ccrop.jpg,Basophil,small,round,irregular,low,densely,no,clear,light blue,coarse,purple,yes,BA_761947_ccrop.jpg,train
BA_762060_ccrop.jpg,Basophil,small,irregular,irregular,low,densely,no,clear,light blue,coarse,purple,yes,BA_762060_ccrop.jpg,train
BA_76584_ccrop.jpg,Basophil,small,round,segmented-bilobed,low,densely,no,clear,light blue,coarse,purple,yes,BA_76584_ccrop.jpg,train
BA_768330_ccrop.jpg,Basophil,big,round,segmented-bilobed,low,densely,no,clear,light blue,coarse,purple,yes,BA_768330_ccrop.jpg,train
BA_770604_ccrop.jpg,Basophil,small,round,unsegmented-band,low,densely,no,clear,light blue,coarse,purple,yes,BA_770604_ccrop.jpg,train
BA_773081_ccrop.jpg,Basophil,small,round,irregular,low,densely,no,clear,light blue,coarse,purple,yes,BA_773081_ccrop.jpg,train
BA_77342_ccrop.jpg,Basophil,small,round,segmented-bilobed,low,densely,no,clear,light blue,coarse,purple,yes,BA_77342_ccrop.jpg,train
BA_775053_ccrop.jpg,Basophil,small,round,irregular,low,densely,no,clear,light blue,coarse,purple,yes,BA_775053_ccrop.jpg,train
BA_775722_ccrop.jpg,Basophil,small,round,unsegmented-band,low,densely,no,clear,light blue,coarse,purple,yes,BA_775722_ccrop.jpg,train
BA_779592_ccrop.jpg,Basophil,big,round,irregular,low,densely,no,clear,light blue,coarse,purple,yes,BA_779592_ccrop.jpg,train
BA_779930_ccrop.jpg,Basophil,small,round,segmented-bilobed,low,densely,no,clear,light blue,coarse,purple,yes,BA_779930_ccrop.jpg,train
BA_783348_ccrop.jpg,Basophil,small,round,unsegmented-band,low,densely,no,clear,light blue,coarse,purple,yes,BA_783348_ccrop.jpg,train
BA_783821_ccrop.jpg,Basophil,small,round,irregular,low,densely,no,clear,light blue,coarse,purple,yes,BA_783821_ccrop.jpg,train
BA_785211_ccrop.jpg,Basophil,small,round,irregular,low,densely,no,clear,light blue,coarse,purple,yes,BA_785211_ccrop.jpg,train
BA_785583_ccrop.jpg,Basophil,small,round,irregular,low,densely,no,clear,light blue,coarse,purple,yes,BA_785583_ccrop.jpg,train
BA_785668_ccrop.jpg,Basophil,small,round,segmented-bilobed,low,densely,no,clear,light blue,coarse,purple,yes,BA_785668_ccrop.jpg,train
BA_786797_ccrop.jpg,Basophil,small,round,irregular,low,densely,no,clear,light blue,coarse,purple,yes,BA_786797_ccrop.jpg,train
BA_786828_ccrop.jpg,Basophil,big,irregular,segmented-bilobed,low,densely,no,clear,light blue,coarse,purple,yes,BA_786828_ccrop.jpg,train
BA_787119_ccrop.jpg,Basophil,small,irregular,irregular,low,densely,no,clear,light blue,coarse,purple,yes,BA_787119_ccrop.jpg,train
BA_788432_ccrop.jpg,Basophil,small,round,irregular,low,densely,no,clear,light blue,coarse,purple,yes,BA_788432_ccrop.jpg,train
BA_788827_ccrop.jpg,Basophil,small,round,segmented-bilobed,low,densely,no,clear,light blue,coarse,purple,yes,BA_788827_ccrop.jpg,train
BA_790227_ccrop.jpg,Basophil,small,round,segmented-multilobed,low,densely,no,clear,light blue,coarse,purple,yes,BA_790227_ccrop.jpg,train
BA_791032_ccrop.jpg,Basophil,small,round,irregular,low,densely,no,clear,light blue,coarse,purple,yes,BA_791032_ccrop.jpg,train
BA_791143_ccrop.jpg,Basophil,small,round,unsegmented-band,low,densely,no,clear,light blue,coarse,purple,yes,BA_791143_ccrop.jpg,train
BA_793130_ccrop.jpg,Basophil,small,round,segmented-multilobed,low,densely,no,clear,light blue,coarse,purple,yes,BA_793130_ccrop.jpg,train
BA_795313_ccrop.jpg,Basophil,small,round,irregular,low,densely,no,clear,light blue,coarse,purple,yes,BA_795313_ccrop.jpg,train
BA_796830_ccrop.jpg,Basophil,small,round,segmented-bilobed,low,densely,no,clear,light blue,coarse,purple,yes,BA_796830_ccrop.jpg,train
BA_797848_ccrop.jpg,Basophil,small,round,segmented-bilobed,low,densely,no,clear,light blue,coarse,purple,yes,BA_797848_ccrop.jpg,train
BA_79939_ccrop.jpg,Basophil,big,irregular,unsegmented-band,low,densely,no,clear,light blue,coarse,purple,yes,BA_79939_ccrop.jpg,train
BA_799771_ccrop.jpg,Basophil,small,irregular,unsegmented-band,low,densely,no,clear,light blue,coarse,purple,yes,BA_799771_ccrop.jpg,train
BA_800475_ccrop.jpg,Basophil,small,round,segmented-multilobed,low,densely,no,clear,light blue,coarse,purple,yes,BA_800475_ccrop.jpg,train
BA_801290_ccrop.jpg,Basophil,small,round,segmented-bilobed,low,densely,no,clear,light blue,coarse,purple,yes,BA_801290_ccrop.jpg,train
BA_801529_ccrop.jpg,Basophil,small,round,irregular,low,densely,no,clear,light blue,coarse,purple,yes,BA_801529_ccrop.jpg,train
BA_801667_ccrop.jpg,Basophil,small,round,segmented-multilobed,low,densely,no,clear,light blue,coarse,purple,yes,BA_801667_ccrop.jpg,train
BA_801858_ccrop.jpg,Basophil,small,round,segmented-multilobed,low,densely,no,clear,light blue,coarse,purple,yes,BA_801858_ccrop.jpg,train
BA_802408_ccrop.jpg,Basophil,small,round,segmented-bilobed,low,densely,no,clear,light blue,coarse,purple,yes,BA_802408_ccrop.jpg,train
BA_803923_ccrop.jpg,Basophil,small,round,segmented-bilobed,low,densely,no,clear,light blue,coarse,purple,yes,BA_803923_ccrop.jpg,train
BA_804739_ccrop.jpg,Basophil,small,round,unsegmented-band,low,densely,no,clear,light blue,coarse,purple,yes,BA_804739_ccrop.jpg,train
BA_806767_ccrop.jpg,Basophil,small,round,segmented-multilobed,low,densely,no,clear,light blue,coarse,purple,yes,BA_806767_ccrop.jpg,train
BA_807787_ccrop.jpg,Basophil,big,round,segmented-multilobed,low,densely,no,clear,light blue,coarse,purple,yes,BA_807787_ccrop.jpg,train
BA_809385_ccrop.jpg,Basophil,small,round,segmented-multilobed,low,densely,no,clear,light blue,coarse,purple,yes,BA_809385_ccrop.jpg,train
BA_809918_ccrop.jpg,Basophil,big,irregular,segmented-bilobed,low,densely,no,clear,light blue,coarse,purple,yes,BA_809918_ccrop.jpg,train
BA_810083_ccrop.jpg,Basophil,small,round,irregular,low,densely,no,clear,light blue,coarse,purple,yes,BA_810083_ccrop.jpg,train
BA_810336_ccrop.jpg,Basophil,small,round,segmented-bilobed,low,densely,no,clear,light blue,coarse,purple,yes,BA_810336_ccrop.jpg,train
BA_812916_ccrop.jpg,Basophil,small,round,segmented-multilobed,low,densely,no,clear,light blue,coarse,purple,yes,BA_812916_ccrop.jpg,train
BA_815713_ccrop.jpg,Basophil,small,round,segmented-bilobed,low,densely,no,clear,light blue,coarse,purple,yes,BA_815713_ccrop.jpg,train
BA_815872_ccrop.jpg,Basophil,small,round,segmented-multilobed,low,densely,no,clear,light blue,coarse,purple,yes,BA_815872_ccrop.jpg,train
BA_816082_ccrop.jpg,Basophil,small,round,segmented-multilobed,low,densely,no,clear,light blue,coarse,purple,yes,BA_816082_ccrop.jpg,train
BA_816294_ccrop.jpg,Basophil,big,irregular,irregular,low,densely,no,clear,light blue,coarse,purple,yes,BA_816294_ccrop.jpg,train
BA_817842_ccrop.jpg,Basophil,small,round,irregular,low,densely,no,clear,light blue,coarse,purple,yes,BA_817842_ccrop.jpg,train
BA_817890_ccrop.jpg,Basophil,small,irregular,irregular,low,densely,no,clear,light blue,coarse,purple,yes,BA_817890_ccrop.jpg,train
BA_818588_ccrop.jpg,Basophil,big,round,segmented-bilobed,low,densely,no,clear,light blue,coarse,purple,yes,BA_818588_ccrop.jpg,train
BA_819177_ccrop.jpg,Basophil,small,round,segmented-bilobed,low,densely,no,clear,light blue,coarse,purple,yes,BA_819177_ccrop.jpg,train
BA_820417_ccrop.jpg,Basophil,small,round,irregular,low,densely,no,clear,light blue,coarse,purple,yes,BA_820417_ccrop.jpg,train
BA_821772_ccrop.jpg,Basophil,small,round,segmented-bilobed,low,densely,no,clear,light blue,coarse,purple,yes,BA_821772_ccrop.jpg,train
BA_823167_ccrop.jpg,Basophil,small,round,irregular,low,densely,no,clear,light blue,coarse,purple,yes,BA_823167_ccrop.jpg,train
BA_824665_ccrop.jpg,Basophil,small,round,unsegmented-round,low,densely,no,clear,light blue,coarse,purple,yes,BA_824665_ccrop.jpg,train
BA_824897_ccrop.jpg,Basophil,small,round,irregular,low,densely,no,clear,light blue,coarse,purple,yes,BA_824897_ccrop.jpg,train
BA_825699_ccrop.jpg,Basophil,small,irregular,segmented-bilobed,low,densely,no,clear,light blue,coarse,purple,yes,BA_825699_ccrop.jpg,train
BA_827566_ccrop.jpg,Basophil,small,round,irregular,low,densely,no,clear,light blue,coarse,purple,yes,BA_827566_ccrop.jpg,train
BA_830535_ccrop.jpg,Basophil,small,round,segmented-bilobed,low,densely,no,clear,light blue,coarse,purple,yes,BA_830535_ccrop.jpg,train
BA_830805_ccrop.jpg,Basophil,small,round,irregular,low,densely,no,clear,light blue,coarse,purple,yes,BA_830805_ccrop.jpg,train
BA_831290_ccrop.jpg,Basophil,small,round,irregular,low,densely,no,clear,light blue,coarse,purple,yes,BA_831290_ccrop.jpg,train
BA_832900_ccrop.jpg,Basophil,small,irregular,irregular,low,densely,no,clear,light blue,coarse,purple,yes,BA_832900_ccrop.jpg,train
BA_833409_ccrop.jpg,Basophil,small,round,segmented-bilobed,low,densely,no,clear,light blue,coarse,purple,yes,BA_833409_ccrop.jpg,train
BA_834693_ccrop.jpg,Basophil,small,round,irregular,low,densely,no,clear,light blue,coarse,purple,yes,BA_834693_ccrop.jpg,train
BA_834949_ccrop.jpg,Basophil,big,round,segmented-bilobed,low,densely,no,clear,light blue,coarse,purple,yes,BA_834949_ccrop.jpg,train
BA_835431_ccrop.jpg,Basophil,small,round,irregular,low,densely,no,clear,light blue,coarse,purple,yes,BA_835431_ccrop.jpg,train
BA_835645_ccrop.jpg,Basophil,small,round,segmented-bilobed,low,densely,no,clear,light blue,coarse,purple,yes,BA_835645_ccrop.jpg,train
BA_835897_ccrop.jpg,Basophil,small,round,irregular,low,densely,no,clear,light blue,coarse,purple,yes,BA_835897_ccrop.jpg,train
BA_837965_ccrop.jpg,Basophil,small,round,irregular,low,densely,no,clear,light blue,coarse,purple,yes,BA_837965_ccrop.jpg,train
BA_83911_ccrop.jpg,Basophil,small,round,segmented-bilobed,low,densely,no,clear,light blue,coarse,purple,yes,BA_83911_ccrop.jpg,train
BA_84086_ccrop.jpg,Basophil,small,round,irregular,low,densely,no,clear,light blue,coarse,purple,yes,BA_84086_ccrop.jpg,train
BA_844617_ccrop.jpg,Basophil,small,round,segmented-multilobed,low,densely,no,clear,light blue,coarse,purple,yes,BA_844617_ccrop.jpg,train
BA_845115_ccrop.jpg,Basophil,big,round,segmented-bilobed,low,densely,no,clear,light blue,coarse,purple,yes,BA_845115_ccrop.jpg,train
BA_845210_ccrop.jpg,Basophil,big,round,segmented-bilobed,low,densely,no,clear,light blue,coarse,purple,yes,BA_845210_ccrop.jpg,train
BA_847959_ccrop.jpg,Basophil,small,round,unsegmented-band,low,densely,no,clear,light blue,coarse,purple,yes,BA_847959_ccrop.jpg,train
BA_849105_ccrop.jpg,Basophil,small,round,segmented-bilobed,low,densely,no,clear,light blue,coarse,purple,yes,BA_849105_ccrop.jpg,train
BA_849533_ccrop.jpg,Basophil,small,round,segmented-multilobed,low,densely,no,clear,light blue,coarse,purple,yes,BA_849533_ccrop.jpg,train
BA_849723_ccrop.jpg,Basophil,small,round,irregular,low,densely,no,clear,light blue,coarse,purple,yes,BA_849723_ccrop.jpg,train
BA_854375_ccrop.jpg,Basophil,small,round,segmented-bilobed,low,densely,no,clear,light blue,coarse,purple,yes,BA_854375_ccrop.jpg,train
BA_854946_ccrop.jpg,Basophil,big,round,unsegmented-band,low,densely,no,clear,light blue,coarse,purple,yes,BA_854946_ccrop.jpg,train
BA_855901_ccrop.jpg,Basophil,small,round,unsegmented-band,low,densely,no,clear,light blue,coarse,purple,yes,BA_855901_ccrop.jpg,train
BA_858886_ccrop.jpg,Basophil,small,irregular,unsegmented-band,low,densely,no,clear,light blue,coarse,purple,yes,BA_858886_ccrop.jpg,train
BA_85940_ccrop.jpg,Basophil,small,round,segmented-bilobed,low,densely,no,clear,light blue,coarse,purple,yes,BA_85940_ccrop.jpg,train
BA_86193_ccrop.jpg,Basophil,small,round,irregular,low,densely,no,clear,light blue,coarse,purple,yes,BA_86193_ccrop.jpg,train
BA_863732_ccrop.jpg,Basophil,small,round,unsegmented-band,low,densely,no,clear,light blue,coarse,purple,yes,BA_863732_ccrop.jpg,train
BA_864938_ccrop.jpg,Basophil,small,round,segmented-multilobed,low,densely,no,clear,light blue,coarse,purple,yes,BA_864938_ccrop.jpg,train
BA_867482_ccrop.jpg,Basophil,big,irregular,irregular,low,densely,no,clear,light blue,coarse,purple,yes,BA_867482_ccrop.jpg,train
BA_871319_ccrop.jpg,Basophil,small,round,irregular,low,densely,no,clear,light blue,coarse,purple,yes,BA_871319_ccrop.jpg,train
BA_87226_ccrop.jpg,Basophil,small,round,segmented-bilobed,low,densely,no,clear,light blue,coarse,purple,yes,BA_87226_ccrop.jpg,train
BA_8742_ccrop.jpg,Basophil,small,round,irregular,low,densely,no,clear,light blue,coarse,purple,yes,BA_8742_ccrop.jpg,train
BA_874689_ccrop.jpg,Basophil,big,round,irregular,low,densely,no,clear,light blue,coarse,purple,yes,BA_874689_ccrop.jpg,train
BA_875399_ccrop.jpg,Basophil,small,round,irregular,low,densely,no,clear,light blue,coarse,purple,yes,BA_875399_ccrop.jpg,train
BA_875554_ccrop.jpg,Basophil,small,round,segmented-bilobed,low,densely,no,clear,light blue,coarse,purple,yes,BA_875554_ccrop.jpg,train
BA_877555_ccrop.jpg,Basophil,small,round,segmented-bilobed,low,densely,no,clear,light blue,coarse,purple,yes,BA_877555_ccrop.jpg,train
BA_878109_ccrop.jpg,Basophil,big,irregular,segmented-bilobed,low,densely,no,clear,light blue,coarse,purple,yes,BA_878109_ccrop.jpg,train
BA_878312_ccrop.jpg,Basophil,big,round,unsegmented-round,low,densely,yes,clear,light blue,coarse,purple,yes,BA_878312_ccrop.jpg,train
BA_879692_ccrop.jpg,Basophil,big,round,irregular,low,densely,no,clear,light blue,coarse,purple,yes,BA_879692_ccrop.jpg,train
BA_883361_ccrop.jpg,Basophil,big,round,irregular,low,densely,no,clear,light blue,coarse,purple,yes,BA_883361_ccrop.jpg,train
BA_884046_ccrop.jpg,Basophil,small,round,irregular,low,densely,no,clear,light blue,coarse,purple,yes,BA_884046_ccrop.jpg,train
BA_885874_ccrop.jpg,Basophil,small,round,unsegmented-round,low,densely,no,clear,light blue,coarse,purple,yes,BA_885874_ccrop.jpg,train
BA_889100_ccrop.jpg,Basophil,small,round,unsegmented-round,low,densely,no,clear,light blue,coarse,purple,yes,BA_889100_ccrop.jpg,train
BA_891403_ccrop.jpg,Basophil,small,round,irregular,low,densely,no,clear,light blue,coarse,purple,yes,BA_891403_ccrop.jpg,train
BA_891878_ccrop.jpg,Basophil,small,round,segmented-bilobed,low,densely,no,clear,light blue,coarse,purple,yes,BA_891878_ccrop.jpg,train
BA_892159_ccrop.jpg,Basophil,big,round,segmented-bilobed,low,densely,no,clear,light blue,coarse,purple,yes,BA_892159_ccrop.jpg,train
BA_892429_ccrop.jpg,Basophil,big,round,segmented-multilobed,low,densely,no,clear,light blue,coarse,purple,yes,BA_892429_ccrop.jpg,train
BA_893914_ccrop.jpg,Basophil,small,round,segmented-multilobed,low,densely,no,clear,light blue,coarse,purple,yes,BA_893914_ccrop.jpg,train
BA_895163_ccrop.jpg,Basophil,big,irregular,unsegmented-band,low,densely,no,clear,light blue,coarse,purple,yes,BA_895163_ccrop.jpg,train
BA_895902_ccrop.jpg,Basophil,small,irregular,segmented-multilobed,low,densely,no,clear,light blue,coarse,purple,yes,BA_895902_ccrop.jpg,train
BA_897513_ccrop.jpg,Basophil,big,irregular,irregular,low,densely,no,clear,light blue,coarse,purple,yes,BA_897513_ccrop.jpg,train
BA_899396_ccrop.jpg,Basophil,small,round,irregular,low,densely,no,clear,light blue,coarse,purple,yes,BA_899396_ccrop.jpg,train
BA_901979_ccrop.jpg,Basophil,small,round,irregular,low,densely,no,clear,light blue,coarse,purple,yes,BA_901979_ccrop.jpg,train
BA_902136_ccrop.jpg,Basophil,small,round,segmented-bilobed,low,densely,no,clear,light blue,coarse,purple,yes,BA_902136_ccrop.jpg,train
BA_903017_ccrop.jpg,Basophil,small,round,segmented-bilobed,low,densely,no,clear,light blue,coarse,purple,yes,BA_903017_ccrop.jpg,train
BA_904365_ccrop.jpg,Basophil,small,round,irregular,low,densely,no,clear,light blue,coarse,purple,yes,BA_904365_ccrop.jpg,train
BA_904489_ccrop.jpg,Basophil,small,round,irregular,low,densely,no,clear,light blue,coarse,purple,yes,BA_904489_ccrop.jpg,train
BA_906734_ccrop.jpg,Basophil,small,round,segmented-bilobed,low,densely,no,clear,light blue,coarse,purple,yes,BA_906734_ccrop.jpg,train
BA_909453_ccrop.jpg,Basophil,big,irregular,irregular,low,densely,no,clear,light blue,coarse,purple,yes,BA_909453_ccrop.jpg,train
BA_911725_ccrop.jpg,Basophil,small,round,segmented-bilobed,low,densely,no,clear,light blue,coarse,purple,yes,BA_911725_ccrop.jpg,train
BA_911932_ccrop.jpg,Basophil,small,round,irregular,low,densely,no,clear,light blue,coarse,purple,yes,BA_911932_ccrop.jpg,train
BA_913408_ccrop.jpg,Basophil,small,round,segmented-multilobed,low,densely,no,clear,light blue,coarse,purple,yes,BA_913408_ccrop.jpg,train
BA_914096_ccrop.jpg,Basophil,big,round,irregular,low,densely,no,clear,light blue,coarse,purple,yes,BA_914096_ccrop.jpg,train
BA_915247_ccrop.jpg,Basophil,big,round,irregular,low,densely,no,clear,light blue,coarse,purple,yes,BA_915247_ccrop.jpg,train
BA_915476_ccrop.jpg,Basophil,small,round,segmented-multilobed,low,densely,no,clear,light blue,coarse,purple,yes,BA_915476_ccrop.jpg,train
BA_916894_ccrop.jpg,Basophil,small,round,segmented-multilobed,low,densely,no,clear,light blue,coarse,purple,yes,BA_916894_ccrop.jpg,train
BA_917697_ccrop.jpg,Basophil,small,round,irregular,low,densely,no,clear,light blue,coarse,purple,yes,BA_917697_ccrop.jpg,train
BA_918397_ccrop.jpg,Basophil,small,round,segmented-multilobed,low,densely,no,clear,light blue,coarse,purple,yes,BA_918397_ccrop.jpg,train
BA_920815_ccrop.jpg,Basophil,small,round,irregular,low,densely,no,clear,light blue,coarse,purple,yes,BA_920815_ccrop.jpg,train
BA_921895_ccrop.jpg,Basophil,small,round,segmented-bilobed,low,densely,no,clear,light blue,coarse,purple,yes,BA_921895_ccrop.jpg,train
BA_922284_ccrop.jpg,Basophil,big,irregular,segmented-bilobed,low,densely,no,clear,light blue,coarse,purple,yes,BA_922284_ccrop.jpg,train
BA_922772_ccrop.jpg,Basophil,big,round,unsegmented-band,low,densely,no,clear,light blue,coarse,purple,yes,BA_922772_ccrop.jpg,train
BA_92330_ccrop.jpg,Basophil,small,round,irregular,low,densely,no,clear,light blue,coarse,purple,yes,BA_92330_ccrop.jpg,train
BA_925938_ccrop.jpg,Basophil,small,round,segmented-bilobed,low,densely,no,clear,light blue,coarse,purple,yes,BA_925938_ccrop.jpg,train
BA_928397_ccrop.jpg,Basophil,small,round,segmented-bilobed,low,densely,no,clear,light blue,coarse,purple,yes,BA_928397_ccrop.jpg,train
BA_929127_ccrop.jpg,Basophil,big,round,segmented-multilobed,low,densely,no,clear,light blue,coarse,purple,yes,BA_929127_ccrop.jpg,train
BA_93046_ccrop.jpg,Basophil,small,round,unsegmented-band,low,densely,no,clear,light blue,coarse,purple,yes,BA_93046_ccrop.jpg,train
BA_931113_ccrop.jpg,Basophil,small,round,unsegmented-round,low,densely,no,clear,light blue,coarse,purple,yes,BA_931113_ccrop.jpg,train
BA_931171_ccrop.jpg,Basophil,small,round,segmented-multilobed,low,densely,no,clear,light blue,coarse,purple,yes,BA_931171_ccrop.jpg,train
BA_931425_ccrop.jpg,Basophil,small,round,irregular,low,densely,no,clear,light blue,coarse,purple,yes,BA_931425_ccrop.jpg,train
BA_932159_ccrop.jpg,Basophil,small,round,segmented-multilobed,low,densely,no,clear,light blue,coarse,purple,yes,BA_932159_ccrop.jpg,train
BA_933664_ccrop.jpg,Basophil,big,round,irregular,low,densely,no,clear,light blue,coarse,purple,yes,BA_933664_ccrop.jpg,train
BA_935881_ccrop.jpg,Basophil,small,round,segmented-multilobed,low,densely,no,clear,light blue,coarse,purple,yes,BA_935881_ccrop.jpg,train
BA_937156_ccrop.jpg,Basophil,big,irregular,irregular,low,densely,no,clear,light blue,coarse,purple,yes,BA_937156_ccrop.jpg,train
BA_937420_ccrop.jpg,Basophil,small,irregular,segmented-bilobed,low,densely,no,clear,light blue,coarse,purple,yes,BA_937420_ccrop.jpg,train
BA_93822_ccrop.jpg,Basophil,small,round,segmented-bilobed,low,densely,no,clear,light blue,coarse,purple,yes,BA_93822_ccrop.jpg,train
BA_938817_ccrop.jpg,Basophil,small,round,irregular,low,densely,no,clear,light blue,coarse,purple,yes,BA_938817_ccrop.jpg,train
BA_939188_ccrop.jpg,Basophil,small,round,segmented-bilobed,low,densely,no,clear,light blue,coarse,purple,yes,BA_939188_ccrop.jpg,train
BA_943255_ccrop.jpg,Basophil,small,round,irregular,low,densely,no,clear,light blue,coarse,purple,yes,BA_943255_ccrop.jpg,train
BA_94405_ccrop.jpg,Basophil,small,round,segmented-multilobed,low,densely,no,clear,light blue,coarse,purple,yes,BA_94405_ccrop.jpg,train
BA_944690_ccrop.jpg,Basophil,small,round,segmented-bilobed,low,densely,no,clear,light blue,coarse,purple,yes,BA_944690_ccrop.jpg,train
BA_945174_ccrop.jpg,Basophil,small,round,segmented-bilobed,low,densely,no,clear,light blue,coarse,purple,yes,BA_945174_ccrop.jpg,train
BA_945631_ccrop.jpg,Basophil,small,round,segmented-bilobed,low,densely,no,clear,light blue,coarse,purple,yes,BA_945631_ccrop.jpg,train
BA_946406_ccrop.jpg,Basophil,small,round,segmented-bilobed,low,densely,no,clear,light blue,coarse,purple,yes,BA_946406_ccrop.jpg,train
BA_949685_ccrop.jpg,Basophil,big,round,irregular,low,densely,no,clear,light blue,coarse,purple,yes,BA_949685_ccrop.jpg,train
BA_951184_ccrop.jpg,Basophil,small,round,irregular,low,densely,no,clear,light blue,coarse,purple,yes,BA_951184_ccrop.jpg,train
BA_952797_ccrop.jpg,Basophil,small,round,segmented-bilobed,low,densely,no,clear,light blue,coarse,purple,yes,BA_952797_ccrop.jpg,train
BA_953133_ccrop.jpg,Basophil,small,round,irregular,low,densely,no,clear,light blue,coarse,purple,yes,BA_953133_ccrop.jpg,train
BA_953342_ccrop.jpg,Basophil,small,round,irregular,low,densely,no,clear,light blue,coarse,purple,yes,BA_953342_ccrop.jpg,train
BA_95396_ccrop.jpg,Basophil,small,round,segmented-multilobed,low,densely,no,clear,light blue,coarse,purple,yes,BA_95396_ccrop.jpg,train
BA_954165_ccrop.jpg,Basophil,big,round,irregular,low,densely,no,clear,light blue,coarse,purple,yes,BA_954165_ccrop.jpg,train
BA_957241_ccrop.jpg,Basophil,small,irregular,irregular,low,densely,no,clear,light blue,coarse,purple,yes,BA_957241_ccrop.jpg,train
BA_961010_ccrop.jpg,Basophil,small,round,segmented-bilobed,low,densely,no,clear,light blue,coarse,purple,yes,BA_961010_ccrop.jpg,train
BA_963023_ccrop.jpg,Basophil,small,round,segmented-bilobed,low,densely,no,clear,light blue,coarse,purple,yes,BA_963023_ccrop.jpg,train
BA_965179_ccrop.jpg,Basophil,big,round,irregular,low,densely,no,clear,light blue,coarse,purple,yes,BA_965179_ccrop.jpg,train
BA_965389_ccrop.jpg,Basophil,small,round,irregular,low,densely,no,clear,light blue,coarse,purple,yes,BA_965389_ccrop.jpg,train
BA_968993_ccrop.jpg,Basophil,small,round,irregular,low,densely,no,clear,light blue,coarse,purple,yes,BA_968993_ccrop.jpg,train
BA_970453_ccrop.jpg,Basophil,small,round,irregular,low,densely,no,clear,light blue,coarse,purple,yes,BA_970453_ccrop.jpg,train
BA_975423_ccrop.jpg,Basophil,small,round,irregular,low,densely,no,clear,light blue,coarse,purple,yes,BA_975423_ccrop.jpg,train
BA_975585_ccrop.jpg,Basophil,small,round,segmented-bilobed,low,densely,no,clear,light blue,coarse,purple,yes,BA_975585_ccrop.jpg,train
BA_977935_ccrop.jpg,Basophil,small,round,segmented-bilobed,low,densely,no,clear,light blue,coarse,purple,yes,BA_977935_ccrop.jpg,train
BA_980473_ccrop.jpg,Basophil,big,round,irregular,low,densely,no,clear,light blue,coarse,purple,yes,BA_980473_ccrop.jpg,train
BA_98051_ccrop.jpg,Basophil,small,round,irregular,low,densely,no,clear,light blue,coarse,purple,yes,BA_98051_ccrop.jpg,train
BA_981874_ccrop.jpg,Basophil,small,round,segmented-multilobed,low,densely,no,clear,light blue,coarse,purple,yes,BA_981874_ccrop.jpg,train
BA_982393_ccrop.jpg,Basophil,small,round,segmented-multilobed,low,densely,no,clear,light blue,coarse,purple,yes,BA_982393_ccrop.jpg,train
BA_985011_ccrop.jpg,Basophil,small,round,segmented-multilobed,low,densely,no,clear,light blue,coarse,purple,yes,BA_985011_ccrop.jpg,train
BA_985054_ccrop.jpg,Basophil,big,irregular,segmented-multilobed,low,densely,no,clear,light blue,coarse,purple,yes,BA_985054_ccrop.jpg,train
BA_985581_ccrop.jpg,Basophil,small,round,segmented-bilobed,low,densely,no,clear,light blue,coarse,purple,yes,BA_985581_ccrop.jpg,train
BA_986028_ccrop.jpg,Basophil,small,round,unsegmented-band,low,densely,no,clear,light blue,coarse,purple,yes,BA_986028_ccrop.jpg,train
BA_988506_ccrop.jpg,Basophil,small,round,irregular,low,densely,no,clear,light blue,coarse,purple,yes,BA_988506_ccrop.jpg,train
BA_989748_ccrop.jpg,Basophil,small,round,segmented-bilobed,low,densely,no,clear,light blue,coarse,purple,yes,BA_989748_ccrop.jpg,train
BA_990612_ccrop.jpg,Basophil,big,irregular,irregular,low,densely,no,clear,light blue,coarse,purple,yes,BA_990612_ccrop.jpg,train
BA_992703_ccrop.jpg,Basophil,small,round,irregular,low,densely,no,clear,light blue,coarse,purple,yes,BA_992703_ccrop.jpg,train
BA_99303_ccrop.jpg,Basophil,big,round,segmented-multilobed,low,densely,no,clear,light blue,coarse,purple,yes,BA_99303_ccrop.jpg,train
BA_993193_ccrop.jpg,Basophil,big,irregular,segmented-bilobed,low,densely,no,clear,light blue,coarse,purple,yes,BA_993193_ccrop.jpg,train
BA_994113_ccrop.jpg,Basophil,small,round,segmented-bilobed,low,densely,no,clear,light blue,coarse,purple,yes,BA_994113_ccrop.jpg,train
BA_994179_ccrop.jpg,Basophil,small,round,segmented-bilobed,low,densely,no,clear,light blue,coarse,purple,yes,BA_994179_ccrop.jpg,train
BA_995394_ccrop.jpg,Basophil,small,round,segmented-multilobed,low,densely,no,clear,light blue,coarse,purple,yes,BA_995394_ccrop.jpg,train
BA_99625_ccrop.jpg,Basophil,small,round,segmented-bilobed,low,densely,no,clear,light blue,coarse,purple,yes,BA_99625_ccrop.jpg,train
BNE_100878_ccrop.jpg,Neutrophil,small,round,unsegmented-band,low,densely,no,clear,light blue,small,pink,yes,BNE_100878_ccrop.jpg,train
BNE_101082_ccrop.jpg,Neutrophil,big,irregular,unsegmented-band,low,densely,no,clear,light blue,small,pink,yes,BNE_101082_ccrop.jpg,train
BNE_101234_ccrop.jpg,Neutrophil,small,round,unsegmented-band,low,densely,no,clear,light blue,small,pink,yes,BNE_101234_ccrop.jpg,train
BNE_102129_ccrop.jpg,Neutrophil,big,round,unsegmented-band,low,densely,no,clear,light blue,small,pink,yes,BNE_102129_ccrop.jpg,train
BNE_102779_ccrop.jpg,Neutrophil,small,round,unsegmented-band,low,densely,no,clear,light blue,small,pink,yes,BNE_102779_ccrop.jpg,train
BNE_102912_ccrop.jpg,Neutrophil,big,irregular,unsegmented-band,low,densely,no,clear,light blue,small,purple,yes,BNE_102912_ccrop.jpg,train
BNE_103440_ccrop.jpg,Neutrophil,small,round,unsegmented-band,low,densely,no,clear,light blue,small,purple,yes,BNE_103440_ccrop.jpg,train
BNE_104344_ccrop.jpg,Neutrophil,big,round,unsegmented-band,low,densely,no,clear,light blue,small,pink,yes,BNE_104344_ccrop.jpg,train
BNE_105060_ccrop.jpg,Neutrophil,small,round,unsegmented-band,low,densely,no,clear,light blue,small,pink,yes,BNE_105060_ccrop.jpg,train
BNE_105090_ccrop.jpg,Neutrophil,big,irregular,unsegmented-band,low,densely,no,clear,light blue,small,pink,yes,BNE_105090_ccrop.jpg,train
BNE_105145_ccrop.jpg,Neutrophil,small,round,unsegmented-band,low,densely,no,clear,light blue,small,pink,yes,BNE_105145_ccrop.jpg,train
BNE_106934_ccrop.jpg,Neutrophil,small,round,unsegmented-band,low,densely,no,clear,light blue,small,pink,yes,BNE_106934_ccrop.jpg,train
BNE_108207_ccrop.jpg,Neutrophil,big,round,unsegmented-indented,low,densely,no,clear,light blue,small,pink,yes,BNE_108207_ccrop.jpg,train
BNE_109895_ccrop.jpg,Neutrophil,big,round,unsegmented-band,low,densely,no,clear,light blue,small,purple,yes,BNE_109895_ccrop.jpg,train
BNE_111339_ccrop.jpg,Neutrophil,big,round,unsegmented-band,low,densely,no,clear,light blue,small,pink,yes,BNE_111339_ccrop.jpg,train
BNE_111504_ccrop.jpg,Neutrophil,small,round,unsegmented-band,low,densely,no,clear,light blue,small,purple,yes,BNE_111504_ccrop.jpg,train
BNE_112944_ccrop.jpg,Neutrophil,big,round,unsegmented-band,low,densely,no,clear,light blue,small,pink,yes,BNE_112944_ccrop.jpg,train
BNE_112967_ccrop.jpg,Neutrophil,big,irregular,unsegmented-band,low,densely,yes,clear,light blue,small,pink,yes,BNE_112967_ccrop.jpg,train
BNE_113656_ccrop.jpg,Neutrophil,small,round,unsegmented-band,low,densely,no,clear,light blue,small,pink,yes,BNE_113656_ccrop.jpg,train
BNE_114654_ccrop.jpg,Neutrophil,big,round,unsegmented-band,low,densely,no,clear,light blue,small,pink,yes,BNE_114654_ccrop.jpg,train
BNE_115189_ccrop.jpg,Neutrophil,big,round,unsegmented-band,low,densely,no,clear,light blue,small,pink,yes,BNE_115189_ccrop.jpg,train
BNE_115257_ccrop.jpg,Neutrophil,small,round,unsegmented-band,low,densely,no,clear,light blue,small,pink,yes,BNE_115257_ccrop.jpg,train
BNE_118878_ccrop.jpg,Neutrophil,small,round,unsegmented-band,low,densely,no,clear,light blue,small,pink,yes,BNE_118878_ccrop.jpg,train
BNE_121986_ccrop.jpg,Neutrophil,small,round,unsegmented-band,low,densely,no,clear,light blue,small,pink,yes,BNE_121986_ccrop.jpg,train
BNE_124082_ccrop.jpg,Neutrophil,small,round,unsegmented-band,low,densely,no,clear,light blue,small,pink,yes,BNE_124082_ccrop.jpg,train
BNE_124086_ccrop.jpg,Neutrophil,big,round,unsegmented-band,low,densely,no,clear,light blue,small,pink,yes,BNE_124086_ccrop.jpg,train
BNE_125415_ccrop.jpg,Neutrophil,small,round,unsegmented-band,low,densely,no,clear,light blue,small,nil,yes,BNE_125415_ccrop.jpg,train
BNE_125604_ccrop.jpg,Neutrophil,small,round,unsegmented-band,low,densely,no,clear,light blue,small,pink,yes,BNE_125604_ccrop.jpg,train
BNE_125774_ccrop.jpg,Neutrophil,big,round,unsegmented-band,low,densely,no,clear,light blue,small,pink,yes,BNE_125774_ccrop.jpg,train
BNE_125889_ccrop.jpg,Neutrophil,big,round,unsegmented-band,low,densely,no,clear,light blue,small,pink,yes,BNE_125889_ccrop.jpg,train
BNE_126596_ccrop.jpg,Neutrophil,small,round,unsegmented-band,low,densely,no,clear,light blue,small,pink,yes,BNE_126596_ccrop.jpg,train
BNE_127951_ccrop.jpg,Neutrophil,small,round,unsegmented-band,low,densely,no,clear,light blue,small,pink,yes,BNE_127951_ccrop.jpg,train
BNE_128335_ccrop.jpg,Neutrophil,big,round,unsegmented-band,low,densely,no,clear,light blue,small,pink,yes,BNE_128335_ccrop.jpg,train
BNE_128511_ccrop.jpg,Neutrophil,big,round,unsegmented-band,low,densely,no,clear,light blue,small,pink,yes,BNE_128511_ccrop.jpg,train
BNE_128562_ccrop.jpg,Neutrophil,small,round,unsegmented-band,low,densely,no,clear,light blue,small,pink,yes,BNE_128562_ccrop.jpg,train
BNE_129177_ccrop.jpg,Neutrophil,small,round,irregular,low,densely,no,clear,light blue,small,pink,yes,BNE_129177_ccrop.jpg,train
BNE_129649_ccrop.jpg,Neutrophil,small,round,unsegmented-band,low,densely,no,clear,light blue,small,pink,yes,BNE_129649_ccrop.jpg,train
BNE_131871_ccrop.jpg,Neutrophil,small,round,unsegmented-band,low,densely,no,clear,light blue,small,pink,yes,BNE_131871_ccrop.jpg,train
BNE_133048_ccrop.jpg,Neutrophil,small,round,unsegmented-band,low,densely,no,clear,light blue,small,pink,yes,BNE_133048_ccrop.jpg,train
BNE_133301_ccrop.jpg,Neutrophil,big,round,unsegmented-band,low,densely,no,clear,light blue,small,pink,yes,BNE_133301_ccrop.jpg,train
BNE_135293_ccrop.jpg,Neutrophil,small,round,unsegmented-band,low,densely,yes,clear,light blue,small,pink,yes,BNE_135293_ccrop.jpg,train
BNE_137691_ccrop.jpg,Neutrophil,big,round,unsegmented-band,low,densely,no,clear,light blue,small,pink,yes,BNE_137691_ccrop.jpg,train
BNE_138667_ccrop.jpg,Neutrophil,big,round,unsegmented-band,low,densely,no,clear,light blue,small,pink,yes,BNE_138667_ccrop.jpg,train
BNE_139528_ccrop.jpg,Neutrophil,small,round,unsegmented-band,low,densely,no,clear,light blue,small,pink,yes,BNE_139528_ccrop.jpg,train
BNE_139893_ccrop.jpg,Neutrophil,big,round,unsegmented-band,low,densely,no,clear,light blue,small,pink,yes,BNE_139893_ccrop.jpg,train
BNE_140522_ccrop.jpg,Neutrophil,big,round,unsegmented-band,low,densely,no,clear,light blue,small,pink,yes,BNE_140522_ccrop.jpg,train
BNE_141953_ccrop.jpg,Neutrophil,small,round,unsegmented-band,low,densely,no,clear,light blue,small,pink,yes,BNE_141953_ccrop.jpg,train
BNE_143245_ccrop.jpg,Neutrophil,big,irregular,unsegmented-band,low,densely,no,clear,light blue,small,pink,yes,BNE_143245_ccrop.jpg,train
BNE_145817_ccrop.jpg,Neutrophil,big,round,unsegmented-band,low,densely,no,clear,light blue,small,pink,yes,BNE_145817_ccrop.jpg,train
BNE_145948_ccrop.jpg,Neutrophil,big,round,unsegmented-band,low,densely,no,clear,light blue,small,pink,yes,BNE_145948_ccrop.jpg,train
BNE_147218_ccrop.jpg,Neutrophil,small,round,unsegmented-band,low,densely,no,clear,light blue,small,pink,yes,BNE_147218_ccrop.jpg,train
BNE_147710_ccrop.jpg,Neutrophil,big,round,unsegmented-band,low,densely,no,clear,light blue,small,pink,yes,BNE_147710_ccrop.jpg,train
BNE_147908_ccrop.jpg,Neutrophil,big,round,unsegmented-band,low,densely,no,clear,light blue,small,pink,yes,BNE_147908_ccrop.jpg,train
BNE_148538_ccrop.jpg,Neutrophil,big,round,unsegmented-band,low,densely,yes,clear,light blue,small,pink,yes,BNE_148538_ccrop.jpg,train
BNE_150545_ccrop.jpg,Neutrophil,big,round,unsegmented-band,low,densely,no,clear,light blue,small,pink,yes,BNE_150545_ccrop.jpg,train
BNE_151054_ccrop.jpg,Neutrophil,big,round,unsegmented-band,low,densely,no,clear,light blue,small,pink,yes,BNE_151054_ccrop.jpg,train
BNE_152051_ccrop.jpg,Neutrophil,big,round,unsegmented-band,low,densely,no,clear,light blue,small,pink,yes,BNE_152051_ccrop.jpg,train
BNE_153786_ccrop.jpg,Neutrophil,big,irregular,unsegmented-band,low,densely,no,clear,light blue,small,pink,yes,BNE_153786_ccrop.jpg,train
BNE_154092_ccrop.jpg,Neutrophil,small,round,unsegmented-band,low,densely,no,clear,light blue,small,pink,yes,BNE_154092_ccrop.jpg,train
BNE_155905_ccrop.jpg,Neutrophil,big,irregular,unsegmented-band,low,densely,no,clear,light blue,small,purple,yes,BNE_155905_ccrop.jpg,train
BNE_156651_ccrop.jpg,Neutrophil,big,irregular,unsegmented-band,low,densely,no,clear,light blue,small,pink,yes,BNE_156651_ccrop.jpg,train
BNE_157937_ccrop.jpg,Neutrophil,big,round,unsegmented-band,low,densely,no,clear,light blue,small,pink,yes,BNE_157937_ccrop.jpg,train
BNE_158179_ccrop.jpg,Neutrophil,big,round,unsegmented-band,low,densely,no,clear,light blue,small,pink,yes,BNE_158179_ccrop.jpg,train
BNE_159250_ccrop.jpg,Neutrophil,small,round,unsegmented-band,low,densely,yes,clear,light blue,small,pink,yes,BNE_159250_ccrop.jpg,train
BNE_159609_ccrop.jpg,Neutrophil,big,round,unsegmented-band,low,densely,no,clear,light blue,small,pink,yes,BNE_159609_ccrop.jpg,train
BNE_162202_ccrop.jpg,Neutrophil,small,round,unsegmented-band,low,densely,no,clear,light blue,small,pink,yes,BNE_162202_ccrop.jpg,train
BNE_162618_ccrop.jpg,Neutrophil,big,round,unsegmented-band,low,densely,no,clear,light blue,small,pink,yes,BNE_162618_ccrop.jpg,train
BNE_162735_ccrop.jpg,Neutrophil,big,round,unsegmented-band,low,densely,no,clear,light blue,small,pink,yes,BNE_162735_ccrop.jpg,train
BNE_162999_ccrop.jpg,Neutrophil,big,round,unsegmented-band,low,densely,no,clear,light blue,small,pink,yes,BNE_162999_ccrop.jpg,train
BNE_163373_ccrop.jpg,Neutrophil,small,round,unsegmented-band,low,densely,no,clear,light blue,small,pink,yes,BNE_163373_ccrop.jpg,train
BNE_163974_ccrop.jpg,Neutrophil,small,round,unsegmented-band,low,densely,no,clear,light blue,small,pink,yes,BNE_163974_ccrop.jpg,train
BNE_164468_ccrop.jpg,Neutrophil,big,round,unsegmented-band,low,densely,no,clear,light blue,small,pink,yes,BNE_164468_ccrop.jpg,train
BNE_164917_ccrop.jpg,Neutrophil,small,round,unsegmented-band,low,densely,no,clear,light blue,small,pink,yes,BNE_164917_ccrop.jpg,train
BNE_168987_ccrop.jpg,Neutrophil,small,round,unsegmented-band,low,densely,no,clear,light blue,small,pink,yes,BNE_168987_ccrop.jpg,train
BNE_169393_ccrop.jpg,Neutrophil,small,round,unsegmented-band,low,densely,no,clear,light blue,small,pink,yes,BNE_169393_ccrop.jpg,train
BNE_172318_ccrop.jpg,Neutrophil,big,round,unsegmented-band,low,densely,yes,clear,light blue,small,purple,yes,BNE_172318_ccrop.jpg,train
BNE_172884_ccrop.jpg,Neutrophil,small,round,unsegmented-band,low,densely,no,clear,light blue,small,pink,yes,BNE_172884_ccrop.jpg,train
BNE_173369_ccrop.jpg,Neutrophil,small,round,unsegmented-band,low,densely,no,clear,light blue,small,purple,yes,BNE_173369_ccrop.jpg,train
BNE_174167_ccrop.jpg,Neutrophil,small,round,unsegmented-band,low,densely,no,clear,light blue,small,pink,yes,BNE_174167_ccrop.jpg,train
BNE_174448_ccrop.jpg,Neutrophil,big,round,unsegmented-band,low,densely,no,clear,light blue,small,pink,yes,BNE_174448_ccrop.jpg,train
BNE_175205_ccrop.jpg,Neutrophil,small,round,unsegmented-band,low,densely,no,clear,light blue,small,pink,yes,BNE_175205_ccrop.jpg,train
BNE_175617_ccrop.jpg,Neutrophil,small,round,unsegmented-band,low,densely,no,clear,light blue,small,pink,yes,BNE_175617_ccrop.jpg,train
BNE_175829_ccrop.jpg,Neutrophil,small,round,unsegmented-band,low,densely,no,clear,light blue,small,pink,yes,BNE_175829_ccrop.jpg,train
BNE_179854_ccrop.jpg,Neutrophil,big,irregular,unsegmented-band,low,densely,no,clear,light blue,small,pink,yes,BNE_179854_ccrop.jpg,train
BNE_179915_ccrop.jpg,Neutrophil,small,round,unsegmented-band,low,densely,no,clear,light blue,small,pink,yes,BNE_179915_ccrop.jpg,train
BNE_179976_ccrop.jpg,Neutrophil,small,round,unsegmented-band,low,densely,no,clear,light blue,small,pink,yes,BNE_179976_ccrop.jpg,train
BNE_180266_ccrop.jpg,Neutrophil,small,round,unsegmented-band,low,densely,no,clear,light blue,small,purple,yes,BNE_180266_ccrop.jpg,train
BNE_180631_ccrop.jpg,Neutrophil,big,irregular,unsegmented-band,low,densely,yes,clear,light blue,small,pink,yes,BNE_180631_ccrop.jpg,train
BNE_181227_ccrop.jpg,Neutrophil,big,round,unsegmented-band,low,densely,no,clear,light blue,small,pink,yes,BNE_181227_ccrop.jpg,train
BNE_181624_ccrop.jpg,Neutrophil,small,round,unsegmented-band,low,densely,no,clear,light blue,small,pink,yes,BNE_181624_ccrop.jpg,train
BNE_181803_ccrop.jpg,Neutrophil,big,round,unsegmented-band,low,densely,no,clear,light blue,small,pink,yes,BNE_181803_ccrop.jpg,train
BNE_182172_ccrop.jpg,Neutrophil,big,irregular,unsegmented-band,low,densely,no,clear,light blue,small,pink,yes,BNE_182172_ccrop.jpg,train
BNE_1830_ccrop.jpg,Neutrophil,big,round,unsegmented-band,low,densely,no,clear,light blue,small,pink,yes,BNE_1830_ccrop.jpg,train
BNE_184051_ccrop.jpg,Neutrophil,small,round,unsegmented-band,low,densely,no,clear,light blue,small,pink,yes,BNE_184051_ccrop.jpg,train
BNE_184808_ccrop.jpg,Neutrophil,big,round,unsegmented-band,low,densely,no,clear,light blue,small,pink,yes,BNE_184808_ccrop.jpg,train
BNE_185561_ccrop.jpg,Neutrophil,small,round,unsegmented-band,low,densely,no,clear,light blue,small,pink,yes,BNE_185561_ccrop.jpg,train
BNE_186122_ccrop.jpg,Neutrophil,small,round,irregular,low,densely,no,clear,light blue,small,pink,yes,BNE_186122_ccrop.jpg,train
BNE_186526_ccrop.jpg,Neutrophil,big,round,unsegmented-band,low,densely,no,clear,light blue,small,pink,yes,BNE_186526_ccrop.jpg,train
BNE_188626_ccrop.jpg,Neutrophil,big,irregular,unsegmented-band,low,densely,no,clear,light blue,small,pink,yes,BNE_188626_ccrop.jpg,train
BNE_189402_ccrop.jpg,Neutrophil,small,round,unsegmented-band,low,densely,no,clear,light blue,small,pink,yes,BNE_189402_ccrop.jpg,train
BNE_191639_ccrop.jpg,Neutrophil,big,irregular,unsegmented-band,low,densely,no,clear,light blue,small,pink,yes,BNE_191639_ccrop.jpg,train
BNE_191700_ccrop.jpg,Neutrophil,big,irregular,unsegmented-band,low,densely,no,clear,light blue,small,pink,yes,BNE_191700_ccrop.jpg,train
BNE_196260_ccrop.jpg,Neutrophil,small,round,unsegmented-band,low,densely,no,clear,light blue,small,pink,yes,BNE_196260_ccrop.jpg,train
BNE_196924_ccrop.jpg,Neutrophil,big,irregular,segmented-bilobed,low,densely,no,clear,light blue,small,pink,yes,BNE_196924_ccrop.jpg,train
BNE_197336_ccrop.jpg,Neutrophil,big,irregular,unsegmented-band,low,densely,no,clear,light blue,small,pink,yes,BNE_197336_ccrop.jpg,train
BNE_197388_ccrop.jpg,Neutrophil,small,round,unsegmented-band,low,densely,no,clear,light blue,coarse,purple,yes,BNE_197388_ccrop.jpg,train
BNE_197399_ccrop.jpg,Neutrophil,small,round,unsegmented-band,low,densely,no,clear,light blue,small,pink,yes,BNE_197399_ccrop.jpg,train
BNE_199310_ccrop.jpg,Neutrophil,small,round,unsegmented-band,low,densely,no,clear,light blue,small,pink,yes,BNE_199310_ccrop.jpg,train
BNE_200172_ccrop.jpg,Neutrophil,big,round,unsegmented-band,low,densely,no,clear,light blue,small,pink,yes,BNE_200172_ccrop.jpg,train
BNE_200354_ccrop.jpg,Neutrophil,small,round,unsegmented-band,low,densely,no,clear,light blue,small,pink,yes,BNE_200354_ccrop.jpg,train
BNE_204601_ccrop.jpg,Neutrophil,big,round,unsegmented-band,low,densely,no,clear,light blue,small,pink,yes,BNE_204601_ccrop.jpg,train
BNE_204774_ccrop.jpg,Neutrophil,small,irregular,unsegmented-band,low,densely,no,clear,light blue,small,pink,yes,BNE_204774_ccrop.jpg,train
BNE_207654_ccrop.jpg,Neutrophil,small,round,unsegmented-band,low,densely,no,clear,light blue,small,pink,yes,BNE_207654_ccrop.jpg,train
BNE_207715_ccrop.jpg,Neutrophil,big,round,unsegmented-band,low,densely,no,clear,light blue,small,pink,yes,BNE_207715_ccrop.jpg,train
BNE_207900_ccrop.jpg,Neutrophil,big,round,unsegmented-band,low,densely,no,clear,light blue,small,pink,yes,BNE_207900_ccrop.jpg,train
BNE_208576_ccrop.jpg,Neutrophil,big,irregular,unsegmented-band,low,densely,no,clear,light blue,small,pink,yes,BNE_208576_ccrop.jpg,train
BNE_208829_ccrop.jpg,Neutrophil,big,irregular,unsegmented-band,low,densely,no,clear,light blue,small,pink,yes,BNE_208829_ccrop.jpg,train
BNE_209954_ccrop.jpg,Neutrophil,small,round,unsegmented-band,low,densely,no,clear,light blue,small,pink,yes,BNE_209954_ccrop.jpg,train
BNE_210217_ccrop.jpg,Neutrophil,big,round,unsegmented-band,low,densely,no,clear,light blue,small,pink,yes,BNE_210217_ccrop.jpg,train
BNE_210628_ccrop.jpg,Neutrophil,big,irregular,unsegmented-band,low,densely,no,clear,light blue,small,pink,yes,BNE_210628_ccrop.jpg,train
BNE_210724_ccrop.jpg,Neutrophil,big,round,unsegmented-band,low,densely,no,clear,light blue,small,pink,yes,BNE_210724_ccrop.jpg,train
BNE_211063_ccrop.jpg,Neutrophil,small,round,unsegmented-band,low,densely,no,clear,light blue,small,pink,yes,BNE_211063_ccrop.jpg,train
BNE_211504_ccrop.jpg,Neutrophil,big,round,unsegmented-band,low,densely,no,clear,light blue,small,pink,yes,BNE_211504_ccrop.jpg,train
BNE_212149_ccrop.jpg,Neutrophil,small,round,unsegmented-band,low,densely,no,clear,light blue,small,pink,yes,BNE_212149_ccrop.jpg,train
BNE_212416_ccrop.jpg,Neutrophil,small,round,unsegmented-band,low,densely,no,clear,light blue,small,pink,yes,BNE_212416_ccrop.jpg,train
BNE_213160_ccrop.jpg,Neutrophil,big,round,unsegmented-band,low,densely,no,clear,light blue,small,pink,yes,BNE_213160_ccrop.jpg,train
BNE_214018_ccrop.jpg,Neutrophil,big,round,unsegmented-band,low,densely,no,clear,light blue,small,pink,yes,BNE_214018_ccrop.jpg,train
BNE_215066_ccrop.jpg,Neutrophil,small,round,unsegmented-band,low,densely,no,clear,light blue,small,pink,yes,BNE_215066_ccrop.jpg,train
BNE_215841_ccrop.jpg,Neutrophil,small,round,unsegmented-band,low,densely,no,clear,light blue,small,pink,yes,BNE_215841_ccrop.jpg,train
BNE_217172_ccrop.jpg,Neutrophil,small,round,unsegmented-band,low,densely,no,clear,light blue,small,pink,yes,BNE_217172_ccrop.jpg,train
BNE_218516_ccrop.jpg,Neutrophil,big,irregular,unsegmented-band,low,densely,no,clear,light blue,small,pink,yes,BNE_218516_ccrop.jpg,train
BNE_220181_ccrop.jpg,Neutrophil,big,irregular,unsegmented-band,low,densely,no,clear,light blue,small,pink,yes,BNE_220181_ccrop.jpg,train
BNE_221053_ccrop.jpg,Neutrophil,small,round,unsegmented-band,low,densely,no,clear,light blue,small,pink,yes,BNE_221053_ccrop.jpg,train
BNE_221104_ccrop.jpg,Neutrophil,small,round,irregular,low,densely,no,clear,light blue,small,pink,yes,BNE_221104_ccrop.jpg,train
BNE_225075_ccrop.jpg,Neutrophil,small,round,unsegmented-band,low,densely,no,clear,light blue,small,pink,yes,BNE_225075_ccrop.jpg,train
BNE_225821_ccrop.jpg,Neutrophil,small,round,unsegmented-band,low,densely,no,clear,light blue,small,pink,yes,BNE_225821_ccrop.jpg,train
BNE_226455_ccrop.jpg,Neutrophil,small,round,unsegmented-band,low,densely,no,clear,light blue,small,pink,yes,BNE_226455_ccrop.jpg,train
BNE_227495_ccrop.jpg,Neutrophil,big,round,unsegmented-band,low,densely,no,clear,light blue,small,pink,yes,BNE_227495_ccrop.jpg,train
BNE_228660_ccrop.jpg,Neutrophil,big,round,unsegmented-indented,low,densely,no,clear,light blue,small,pink,yes,BNE_228660_ccrop.jpg,train
BNE_229603_ccrop.jpg,Neutrophil,big,round,unsegmented-band,low,densely,no,clear,light blue,small,pink,yes,BNE_229603_ccrop.jpg,train
BNE_229896_ccrop.jpg,Neutrophil,big,round,unsegmented-band,low,densely,no,clear,light blue,small,pink,yes,BNE_229896_ccrop.jpg,train
BNE_230478_ccrop.jpg,Neutrophil,big,round,segmented-bilobed,low,densely,no,clear,light blue,small,pink,yes,BNE_230478_ccrop.jpg,train
BNE_231171_ccrop.jpg,Neutrophil,small,round,unsegmented-band,low,densely,no,clear,light blue,small,pink,yes,BNE_231171_ccrop.jpg,train
BNE_233784_ccrop.jpg,Neutrophil,big,round,unsegmented-band,low,densely,no,clear,light blue,small,pink,yes,BNE_233784_ccrop.jpg,train
BNE_235785_ccrop.jpg,Neutrophil,small,round,unsegmented-band,low,densely,no,clear,light blue,small,pink,yes,BNE_235785_ccrop.jpg,train
BNE_239147_ccrop.jpg,Neutrophil,big,round,unsegmented-band,low,densely,no,clear,light blue,small,pink,yes,BNE_239147_ccrop.jpg,train
BNE_239868_ccrop.jpg,Neutrophil,small,round,unsegmented-band,low,densely,no,clear,light blue,small,pink,yes,BNE_239868_ccrop.jpg,train
BNE_240705_ccrop.jpg,Neutrophil,big,round,unsegmented-band,low,densely,no,clear,light blue,small,pink,yes,BNE_240705_ccrop.jpg,train
BNE_241283_ccrop.jpg,Neutrophil,small,round,unsegmented-band,low,densely,no,clear,light blue,small,pink,yes,BNE_241283_ccrop.jpg,train
BNE_242154_ccrop.jpg,Neutrophil,big,round,unsegmented-band,low,densely,no,clear,light blue,small,pink,yes,BNE_242154_ccrop.jpg,train
BNE_242171_ccrop.jpg,Neutrophil,small,round,unsegmented-band,low,densely,no,clear,light blue,small,pink,yes,BNE_242171_ccrop.jpg,train
BNE_242487_ccrop.jpg,Neutrophil,small,round,unsegmented-band,low,densely,no,clear,light blue,small,pink,yes,BNE_242487_ccrop.jpg,train
BNE_243975_ccrop.jpg,Neutrophil,big,round,unsegmented-band,low,densely,no,clear,light blue,small,purple,yes,BNE_243975_ccrop.jpg,train
BNE_244495_ccrop.jpg,Neutrophil,small,round,unsegmented-band,low,densely,no,clear,light blue,small,pink,yes,BNE_244495_ccrop.jpg,train
BNE_245676_ccrop.jpg,Neutrophil,big,round,unsegmented-band,low,densely,no,clear,light blue,small,pink,yes,BNE_245676_ccrop.jpg,train
BNE_245747_ccrop.jpg,Neutrophil,small,round,unsegmented-band,low,densely,no,clear,light blue,small,pink,yes,BNE_245747_ccrop.jpg,train
BNE_246456_ccrop.jpg,Neutrophil,small,round,segmented-multilobed,low,densely,no,clear,light blue,small,pink,yes,BNE_246456_ccrop.jpg,train
BNE_248619_ccrop.jpg,Neutrophil,small,round,unsegmented-band,low,densely,no,clear,light blue,small,pink,yes,BNE_248619_ccrop.jpg,train
BNE_248704_ccrop.jpg,Neutrophil,small,round,unsegmented-band,low,densely,no,clear,light blue,small,pink,yes,BNE_248704_ccrop.jpg,train
BNE_248881_ccrop.jpg,Neutrophil,small,round,unsegmented-band,low,densely,no,clear,light blue,small,pink,yes,BNE_248881_ccrop.jpg,train
BNE_2506_ccrop.jpg,Neutrophil,big,irregular,unsegmented-band,low,densely,no,clear,light blue,small,pink,yes,BNE_2506_ccrop.jpg,train
BNE_252057_ccrop.jpg,Neutrophil,small,round,unsegmented-band,low,densely,no,clear,light blue,small,purple,yes,BNE_252057_ccrop.jpg,train
BNE_252085_ccrop.jpg,Neutrophil,big,irregular,unsegmented-band,low,densely,no,clear,light blue,small,pink,yes,BNE_252085_ccrop.jpg,train
BNE_252524_ccrop.jpg,Neutrophil,small,round,irregular,low,densely,no,clear,light blue,small,pink,yes,BNE_252524_ccrop.jpg,train
BNE_253038_ccrop.jpg,Neutrophil,small,round,unsegmented-band,low,densely,no,clear,light blue,small,pink,yes,BNE_253038_ccrop.jpg,train
BNE_253450_ccrop.jpg,Neutrophil,big,irregular,unsegmented-band,low,densely,no,clear,light blue,small,pink,yes,BNE_253450_ccrop.jpg,train
BNE_256349_ccrop.jpg,Neutrophil,small,round,unsegmented-band,low,densely,no,clear,light blue,small,pink,yes,BNE_256349_ccrop.jpg,train
BNE_260007_ccrop.jpg,Neutrophil,big,round,unsegmented-band,low,densely,no,clear,light blue,small,pink,yes,BNE_260007_ccrop.jpg,train
BNE_260247_ccrop.jpg,Neutrophil,big,irregular,unsegmented-band,low,densely,no,clear,light blue,small,pink,yes,BNE_260247_ccrop.jpg,train
BNE_261745_ccrop.jpg,Neutrophil,big,round,unsegmented-band,low,densely,no,clear,light blue,small,purple,yes,BNE_261745_ccrop.jpg,train
BNE_264386_ccrop.jpg,Neutrophil,small,round,unsegmented-band,low,densely,no,clear,light blue,small,pink,yes,BNE_264386_ccrop.jpg,train
BNE_266388_ccrop.jpg,Neutrophil,small,round,unsegmented-band,low,densely,no,clear,light blue,small,pink,yes,BNE_266388_ccrop.jpg,train
BNE_267414_ccrop.jpg,Neutrophil,big,round,unsegmented-band,low,densely,no,clear,light blue,small,pink,yes,BNE_267414_ccrop.jpg,train
BNE_267426_ccrop.jpg,Neutrophil,small,round,unsegmented-band,low,densely,no,clear,light blue,small,pink,yes,BNE_267426_ccrop.jpg,train
BNE_268233_ccrop.jpg,Neutrophil,small,round,unsegmented-band,low,densely,no,clear,light blue,small,purple,yes,BNE_268233_ccrop.jpg,train
BNE_269331_ccrop.jpg,Neutrophil,big,round,unsegmented-band,low,densely,no,clear,light blue,small,pink,yes,BNE_269331_ccrop.jpg,train
BNE_269438_ccrop.jpg,Neutrophil,small,round,unsegmented-band,low,densely,no,clear,light blue,small,pink,yes,BNE_269438_ccrop.jpg,train
BNE_269708_ccrop.jpg,Neutrophil,big,irregular,unsegmented-band,low,densely,no,clear,light blue,small,pink,yes,BNE_269708_ccrop.jpg,train
BNE_270323_ccrop.jpg,Neutrophil,big,round,unsegmented-band,low,densely,no,clear,light blue,small,pink,yes,BNE_270323_ccrop.jpg,train
BNE_272971_ccrop.jpg,Neutrophil,big,round,unsegmented-band,low,densely,yes,clear,light blue,small,pink,yes,BNE_272971_ccrop.jpg,train
BNE_273369_ccrop.jpg,Neutrophil,small,round,unsegmented-band,low,densely,no,clear,light blue,small,pink,yes,BNE_273369_ccrop.jpg,train
BNE_273585_ccrop.jpg,Neutrophil,small,round,unsegmented-band,low,densely,no,clear,light blue,small,pink,yes,BNE_273585_ccrop.jpg,train
BNE_275283_ccrop.jpg,Neutrophil,small,round,segmented-multilobed,low,densely,no,clear,light blue,small,pink,yes,BNE_275283_ccrop.jpg,train
BNE_275340_ccrop.jpg,Neutrophil,small,round,unsegmented-band,low,densely,no,clear,light blue,small,pink,yes,BNE_275340_ccrop.jpg,train
BNE_276002_ccrop.jpg,Neutrophil,small,round,unsegmented-band,low,densely,no,clear,light blue,small,pink,yes,BNE_276002_ccrop.jpg,train
BNE_276467_ccrop.jpg,Neutrophil,big,round,unsegmented-band,low,densely,no,clear,light blue,small,pink,yes,BNE_276467_ccrop.jpg,train
BNE_277078_ccrop.jpg,Neutrophil,small,round,unsegmented-band,low,densely,no,clear,light blue,small,purple,yes,BNE_277078_ccrop.jpg,train
BNE_277387_ccrop.jpg,Neutrophil,small,round,unsegmented-band,low,densely,no,clear,light blue,small,pink,yes,BNE_277387_ccrop.jpg,train
BNE_277683_ccrop.jpg,Neutrophil,big,round,unsegmented-band,low,densely,no,clear,light blue,small,pink,yes,BNE_277683_ccrop.jpg,train
BNE_277907_ccrop.jpg,Neutrophil,small,irregular,segmented-bilobed,low,densely,no,clear,light blue,small,pink,yes,BNE_277907_ccrop.jpg,train
BNE_277934_ccrop.jpg,Neutrophil,small,round,unsegmented-band,low,densely,no,clear,light blue,small,pink,yes,BNE_277934_ccrop.jpg,train
BNE_277969_ccrop.jpg,Neutrophil,small,round,unsegmented-band,low,densely,no,clear,light blue,small,pink,yes,BNE_277969_ccrop.jpg,train
BNE_278616_ccrop.jpg,Neutrophil,small,round,unsegmented-band,low,densely,no,clear,light blue,small,pink,yes,BNE_278616_ccrop.jpg,train
BNE_279176_ccrop.jpg,Neutrophil,big,irregular,unsegmented-band,low,densely,no,clear,light blue,small,pink,yes,BNE_279176_ccrop.jpg,train
BNE_279206_ccrop.jpg,Neutrophil,small,round,segmented-bilobed,low,densely,no,clear,light blue,small,pink,yes,BNE_279206_ccrop.jpg,train
BNE_279578_ccrop.jpg,Neutrophil,big,irregular,unsegmented-band,low,densely,yes,clear,light blue,small,pink,yes,BNE_279578_ccrop.jpg,train
BNE_280912_ccrop.jpg,Neutrophil,big,round,unsegmented-band,low,densely,no,clear,light blue,small,pink,yes,BNE_280912_ccrop.jpg,train
BNE_2810_ccrop.jpg,Neutrophil,big,irregular,unsegmented-band,low,densely,yes,clear,light blue,small,pink,yes,BNE_2810_ccrop.jpg,train
BNE_284465_ccrop.jpg,Neutrophil,big,irregular,unsegmented-band,low,densely,no,clear,light blue,small,pink,yes,BNE_284465_ccrop.jpg,train
BNE_28484_ccrop.jpg,Neutrophil,small,round,unsegmented-band,low,densely,no,clear,light blue,small,pink,yes,BNE_28484_ccrop.jpg,train
BNE_285800_ccrop.jpg,Neutrophil,small,round,unsegmented-band,low,densely,no,clear,light blue,small,pink,yes,BNE_285800_ccrop.jpg,train
BNE_286463_ccrop.jpg,Neutrophil,big,irregular,unsegmented-band,low,densely,no,clear,light blue,small,pink,yes,BNE_286463_ccrop.jpg,train
BNE_286545_ccrop.jpg,Neutrophil,small,irregular,unsegmented-band,low,densely,no,clear,light blue,small,pink,yes,BNE_286545_ccrop.jpg,train
BNE_286728_ccrop.jpg,Neutrophil,small,round,unsegmented-band,low,densely,no,clear,light blue,small,pink,yes,BNE_286728_ccrop.jpg,train
BNE_287681_ccrop.jpg,Neutrophil,small,round,unsegmented-band,low,densely,no,clear,light blue,small,pink,yes,BNE_287681_ccrop.jpg,train
BNE_287880_ccrop.jpg,Neutrophil,small,round,segmented-bilobed,low,densely,no,clear,light blue,small,pink,yes,BNE_287880_ccrop.jpg,train
BNE_288032_ccrop.jpg,Neutrophil,small,round,unsegmented-band,low,densely,no,clear,light blue,small,pink,yes,BNE_288032_ccrop.jpg,train
BNE_288455_ccrop.jpg,Neutrophil,big,round,unsegmented-band,low,densely,no,clear,light blue,small,pink,yes,BNE_288455_ccrop.jpg,train
BNE_289043_ccrop.jpg,Neutrophil,small,irregular,unsegmented-band,low,densely,yes,clear,light blue,small,pink,yes,BNE_289043_ccrop.jpg,train
BNE_289214_ccrop.jpg,Neutrophil,big,round,unsegmented-band,low,densely,no,clear,light blue,small,pink,yes,BNE_289214_ccrop.jpg,train
BNE_291790_ccrop.jpg,Neutrophil,small,round,unsegmented-band,low,densely,no,clear,light blue,small,pink,yes,BNE_291790_ccrop.jpg,train
BNE_29265_ccrop.jpg,Neutrophil,small,round,unsegmented-band,low,densely,no,clear,light blue,small,pink,yes,BNE_29265_ccrop.jpg,train
BNE_294032_ccrop.jpg,Neutrophil,small,round,unsegmented-band,low,densely,no,clear,light blue,small,pink,yes,BNE_294032_ccrop.jpg,train
BNE_295498_ccrop.jpg,Neutrophil,big,round,unsegmented-band,low,densely,no,clear,light blue,small,pink,yes,BNE_295498_ccrop.jpg,train
BNE_295613_ccrop.jpg,Neutrophil,big,irregular,unsegmented-band,low,densely,no,clear,light blue,small,purple,yes,BNE_295613_ccrop.jpg,train
BNE_296056_ccrop.jpg,Neutrophil,small,irregular,unsegmented-band,low,densely,no,clear,light blue,small,pink,yes,BNE_296056_ccrop.jpg,train
BNE_296511_ccrop.jpg,Neutrophil,small,round,irregular,low,densely,no,clear,light blue,small,purple,yes,BNE_296511_ccrop.jpg,train
BNE_297581_ccrop.jpg,Neutrophil,big,round,unsegmented-band,low,densely,no,clear,light blue,small,pink,yes,BNE_297581_ccrop.jpg,train
BNE_297908_ccrop.jpg,Neutrophil,big,irregular,unsegmented-band,low,densely,no,clear,light blue,small,pink,yes,BNE_297908_ccrop.jpg,train
BNE_29805_ccrop.jpg,Neutrophil,big,round,unsegmented-band,low,densely,no,clear,light blue,small,purple,yes,BNE_29805_ccrop.jpg,train
BNE_30042_ccrop.jpg,Neutrophil,small,round,unsegmented-band,low,densely,no,clear,light blue,small,pink,yes,BNE_30042_ccrop.jpg,train
BNE_301347_ccrop.jpg,Neutrophil,small,irregular,unsegmented-band,low,densely,no,clear,light blue,small,pink,yes,BNE_301347_ccrop.jpg,train
BNE_30164_ccrop.jpg,Neutrophil,small,round,unsegmented-band,low,densely,no,clear,light blue,small,pink,yes,BNE_30164_ccrop.jpg,train
BNE_302976_ccrop.jpg,Neutrophil,big,round,unsegmented-band,low,densely,no,clear,light blue,small,pink,yes,BNE_302976_ccrop.jpg,train
BNE_303848_ccrop.jpg,Neutrophil,big,round,unsegmented-band,low,densely,no,clear,light blue,small,pink,yes,BNE_303848_ccrop.jpg,train
BNE_305565_ccrop.jpg,Neutrophil,small,irregular,unsegmented-band,low,densely,no,clear,light blue,small,pink,yes,BNE_305565_ccrop.jpg,train
BNE_305662_ccrop.jpg,Neutrophil,big,round,unsegmented-band,low,densely,no,clear,light blue,small,pink,yes,BNE_305662_ccrop.jpg,train
BNE_306476_ccrop.jpg,Neutrophil,small,irregular,segmented-multilobed,low,densely,no,clear,light blue,small,pink,yes,BNE_306476_ccrop.jpg,train
BNE_307253_ccrop.jpg,Neutrophil,small,round,unsegmented-band,low,densely,no,clear,light blue,small,pink,yes,BNE_307253_ccrop.jpg,train
BNE_307540_ccrop.jpg,Neutrophil,small,irregular,unsegmented-band,low,densely,no,clear,light blue,small,pink,yes,BNE_307540_ccrop.jpg,train
BNE_307591_ccrop.jpg,Neutrophil,small,round,unsegmented-band,low,densely,no,clear,light blue,small,purple,yes,BNE_307591_ccrop.jpg,train
BNE_309023_ccrop.jpg,Neutrophil,small,round,unsegmented-band,low,densely,no,clear,light blue,small,pink,yes,BNE_309023_ccrop.jpg,train
BNE_309082_ccrop.jpg,Neutrophil,small,round,unsegmented-band,low,densely,no,clear,light blue,small,pink,yes,BNE_309082_ccrop.jpg,train
BNE_309263_ccrop.jpg,Neutrophil,small,round,unsegmented-band,low,densely,no,clear,light blue,small,pink,yes,BNE_309263_ccrop.jpg,train
BNE_309326_ccrop.jpg,Neutrophil,small,round,unsegmented-band,low,densely,no,clear,light blue,small,pink,yes,BNE_309326_ccrop.jpg,train
BNE_30987_ccrop.jpg,Neutrophil,big,round,unsegmented-band,low,densely,no,clear,light blue,small,pink,yes,BNE_30987_ccrop.jpg,train
BNE_310407_ccrop.jpg,Neutrophil,small,irregular,unsegmented-band,low,densely,no,clear,light blue,small,pink,yes,BNE_310407_ccrop.jpg,train
BNE_31049_ccrop.jpg,Neutrophil,small,round,unsegmented-band,low,densely,no,clear,light blue,small,pink,yes,BNE_31049_ccrop.jpg,train
BNE_311194_ccrop.jpg,Neutrophil,small,round,unsegmented-band,low,densely,no,clear,light blue,small,purple,yes,BNE_311194_ccrop.jpg,train
BNE_313131_ccrop.jpg,Neutrophil,small,round,unsegmented-band,low,densely,no,clear,light blue,small,pink,yes,BNE_313131_ccrop.jpg,train
BNE_314110_ccrop.jpg,Neutrophil,small,round,unsegmented-band,low,densely,no,clear,light blue,small,pink,yes,BNE_314110_ccrop.jpg,train
BNE_314545_ccrop.jpg,Neutrophil,big,round,unsegmented-band,low,densely,no,clear,light blue,small,purple,yes,BNE_314545_ccrop.jpg,train
BNE_315095_ccrop.jpg,Neutrophil,big,round,unsegmented-band,low,densely,no,clear,light blue,small,pink,yes,BNE_315095_ccrop.jpg,train
BNE_315281_ccrop.jpg,Neutrophil,small,round,unsegmented-band,low,densely,no,clear,light blue,small,pink,yes,BNE_315281_ccrop.jpg,train
BNE_315742_ccrop.jpg,Neutrophil,small,round,unsegmented-band,low,densely,no,clear,light blue,small,pink,yes,BNE_315742_ccrop.jpg,train
BNE_315947_ccrop.jpg,Neutrophil,small,round,unsegmented-band,low,densely,yes,clear,light blue,small,pink,yes,BNE_315947_ccrop.jpg,train
BNE_316679_ccrop.jpg,Neutrophil,big,round,unsegmented-band,low,densely,no,clear,light blue,small,pink,yes,BNE_316679_ccrop.jpg,train
BNE_316816_ccrop.jpg,Neutrophil,small,round,unsegmented-band,low,densely,no,clear,light blue,small,pink,yes,BNE_316816_ccrop.jpg,train
BNE_31736_ccrop.jpg,Neutrophil,small,round,unsegmented-band,low,densely,no,clear,light blue,small,pink,yes,BNE_31736_ccrop.jpg,train
BNE_318645_ccrop.jpg,Neutrophil,small,round,unsegmented-band,low,densely,no,clear,light blue,small,pink,yes,BNE_318645_ccrop.jpg,train
BNE_319497_ccrop.jpg,Neutrophil,big,irregular,unsegmented-band,low,densely,no,clear,light blue,small,pink,yes,BNE_319497_ccrop.jpg,train
BNE_320077_ccrop.jpg,Neutrophil,small,round,unsegmented-band,low,densely,no,clear,light blue,small,pink,yes,BNE_320077_ccrop.jpg,train
BNE_320789_ccrop.jpg,Neutrophil,small,round,unsegmented-band,low,densely,no,clear,light blue,small,pink,yes,BNE_320789_ccrop.jpg,train
BNE_322820_ccrop.jpg,Neutrophil,big,round,unsegmented-band,low,densely,no,clear,light blue,small,pink,yes,BNE_322820_ccrop.jpg,train
BNE_323493_ccrop.jpg,Neutrophil,small,round,unsegmented-band,low,densely,no,clear,light blue,small,pink,yes,BNE_323493_ccrop.jpg,train
BNE_326426_ccrop.jpg,Neutrophil,big,irregular,unsegmented-band,low,densely,no,clear,light blue,small,pink,yes,BNE_326426_ccrop.jpg,train
BNE_326739_ccrop.jpg,Neutrophil,small,round,unsegmented-band,low,densely,no,clear,light blue,small,pink,yes,BNE_326739_ccrop.jpg,train
BNE_328699_ccrop.jpg,Neutrophil,small,round,unsegmented-band,low,densely,no,clear,light blue,small,pink,yes,BNE_328699_ccrop.jpg,train
BNE_329880_ccrop.jpg,Neutrophil,small,round,unsegmented-band,low,densely,no,clear,light blue,small,pink,yes,BNE_329880_ccrop.jpg,train
BNE_331198_ccrop.jpg,Neutrophil,small,round,unsegmented-band,low,densely,no,clear,light blue,small,pink,yes,BNE_331198_ccrop.jpg,train
BNE_331262_ccrop.jpg,Neutrophil,small,round,unsegmented-band,low,densely,no,clear,light blue,small,pink,yes,BNE_331262_ccrop.jpg,train
BNE_331697_ccrop.jpg,Neutrophil,small,round,unsegmented-band,low,densely,no,clear,light blue,small,pink,yes,BNE_331697_ccrop.jpg,train
BNE_332400_ccrop.jpg,Neutrophil,small,irregular,unsegmented-band,low,densely,no,clear,light blue,small,pink,yes,BNE_332400_ccrop.jpg,train
BNE_332485_ccrop.jpg,Neutrophil,small,round,irregular,low,densely,no,clear,light blue,small,pink,yes,BNE_332485_ccrop.jpg,train
BNE_33332_ccrop.jpg,Neutrophil,small,round,unsegmented-band,low,densely,no,clear,light blue,small,pink,yes,BNE_33332_ccrop.jpg,train
BNE_333793_ccrop.jpg,Neutrophil,small,round,unsegmented-band,low,densely,no,clear,light blue,small,pink,yes,BNE_333793_ccrop.jpg,train
BNE_334257_ccrop.jpg,Neutrophil,small,round,unsegmented-band,low,densely,no,clear,light blue,small,pink,yes,BNE_334257_ccrop.jpg,train
BNE_335860_ccrop.jpg,Neutrophil,small,irregular,unsegmented-band,low,densely,no,clear,light blue,small,pink,yes,BNE_335860_ccrop.jpg,train
BNE_336245_ccrop.jpg,Neutrophil,small,round,unsegmented-band,low,densely,no,clear,light blue,small,pink,yes,BNE_336245_ccrop.jpg,train
BNE_337968_ccrop.jpg,Neutrophil,small,round,unsegmented-band,low,densely,no,clear,light blue,small,pink,yes,BNE_337968_ccrop.jpg,train
BNE_338773_ccrop.jpg,Neutrophil,small,round,unsegmented-band,low,densely,no,clear,light blue,small,pink,yes,BNE_338773_ccrop.jpg,train
BNE_338982_ccrop.jpg,Neutrophil,big,round,unsegmented-band,low,densely,no,clear,light blue,small,pink,yes,BNE_338982_ccrop.jpg,train
BNE_340751_ccrop.jpg,Neutrophil,small,round,segmented-bilobed,low,densely,yes,clear,light blue,small,pink,yes,BNE_340751_ccrop.jpg,train
BNE_341487_ccrop.jpg,Neutrophil,big,round,unsegmented-band,low,densely,no,clear,light blue,small,pink,yes,BNE_341487_ccrop.jpg,train
BNE_341589_ccrop.jpg,Neutrophil,big,round,unsegmented-band,low,densely,no,clear,light blue,small,pink,yes,BNE_341589_ccrop.jpg,train
BNE_342062_ccrop.jpg,Neutrophil,small,round,unsegmented-band,low,densely,no,clear,light blue,small,pink,yes,BNE_342062_ccrop.jpg,train
BNE_34307_ccrop.jpg,Neutrophil,small,round,unsegmented-band,low,densely,no,clear,light blue,small,pink,yes,BNE_34307_ccrop.jpg,train
BNE_343542_ccrop.jpg,Neutrophil,small,round,unsegmented-band,low,densely,no,clear,light blue,small,pink,yes,BNE_343542_ccrop.jpg,train
BNE_344695_ccrop.jpg,Neutrophil,small,round,unsegmented-band,low,densely,no,clear,light blue,coarse,purple,yes,BNE_344695_ccrop.jpg,train
BNE_344758_ccrop.jpg,Neutrophil,big,round,unsegmented-band,low,densely,no,clear,light blue,small,pink,yes,BNE_344758_ccrop.jpg,train
BNE_344852_ccrop.jpg,Neutrophil,small,round,unsegmented-band,low,densely,no,clear,light blue,small,pink,yes,BNE_344852_ccrop.jpg,train
BNE_345170_ccrop.jpg,Neutrophil,small,irregular,unsegmented-band,low,densely,no,clear,light blue,small,pink,yes,BNE_345170_ccrop.jpg,train
BNE_345668_ccrop.jpg,Neutrophil,small,round,unsegmented-band,low,densely,no,clear,light blue,small,pink,yes,BNE_345668_ccrop.jpg,train
BNE_345873_ccrop.jpg,Neutrophil,small,irregular,unsegmented-band,low,densely,no,clear,light blue,small,pink,yes,BNE_345873_ccrop.jpg,train
BNE_346149_ccrop.jpg,Neutrophil,small,round,unsegmented-band,low,densely,no,clear,light blue,small,pink,yes,BNE_346149_ccrop.jpg,train
BNE_34735_ccrop.jpg,Neutrophil,small,irregular,unsegmented-band,low,densely,no,clear,light blue,small,pink,yes,BNE_34735_ccrop.jpg,train
BNE_347724_ccrop.jpg,Neutrophil,small,irregular,unsegmented-band,low,densely,no,clear,light blue,small,pink,yes,BNE_347724_ccrop.jpg,train
BNE_347850_ccrop.jpg,Neutrophil,big,round,unsegmented-band,low,densely,no,clear,light blue,small,pink,yes,BNE_347850_ccrop.jpg,train
BNE_34911_ccrop.jpg,Neutrophil,small,round,unsegmented-band,low,densely,no,clear,light blue,small,pink,yes,BNE_34911_ccrop.jpg,train
BNE_349232_ccrop.jpg,Neutrophil,small,round,unsegmented-band,low,densely,no,clear,light blue,small,pink,yes,BNE_349232_ccrop.jpg,train
BNE_351029_ccrop.jpg,Neutrophil,small,round,unsegmented-band,low,densely,no,clear,light blue,small,pink,yes,BNE_351029_ccrop.jpg,train
BNE_351123_ccrop.jpg,Neutrophil,big,irregular,unsegmented-band,low,loosely,yes,clear,light blue,small,pink,yes,BNE_351123_ccrop.jpg,train
BNE_352014_ccrop.jpg,Neutrophil,small,irregular,unsegmented-band,low,densely,yes,clear,light blue,small,pink,yes,BNE_352014_ccrop.jpg,train
BNE_352317_ccrop.jpg,Neutrophil,big,round,unsegmented-band,low,densely,no,clear,light blue,small,purple,yes,BNE_352317_ccrop.jpg,train
BNE_353118_ccrop.jpg,Neutrophil,small,round,unsegmented-band,low,densely,no,clear,light blue,small,pink,yes,BNE_353118_ccrop.jpg,train
BNE_354400_ccrop.jpg,Neutrophil,big,round,unsegmented-band,low,densely,no,clear,light blue,small,pink,yes,BNE_354400_ccrop.jpg,train
BNE_355910_ccrop.jpg,Neutrophil,small,round,unsegmented-band,low,densely,no,clear,light blue,small,pink,yes,BNE_355910_ccrop.jpg,train
BNE_357057_ccrop.jpg,Neutrophil,small,round,unsegmented-band,low,densely,no,clear,light blue,small,pink,yes,BNE_357057_ccrop.jpg,train
BNE_357822_ccrop.jpg,Neutrophil,small,round,unsegmented-band,low,densely,no,clear,light blue,small,pink,yes,BNE_357822_ccrop.jpg,train
BNE_357957_ccrop.jpg,Neutrophil,small,irregular,unsegmented-band,low,densely,yes,clear,light blue,small,pink,yes,BNE_357957_ccrop.jpg,train
BNE_358773_ccrop.jpg,Neutrophil,small,irregular,unsegmented-band,low,densely,no,clear,light blue,small,pink,yes,BNE_358773_ccrop.jpg,train
BNE_359949_ccrop.jpg,Neutrophil,small,round,unsegmented-band,low,densely,no,clear,light blue,small,pink,yes,BNE_359949_ccrop.jpg,train
BNE_360050_ccrop.jpg,Neutrophil,small,round,unsegmented-band,low,densely,no,clear,light blue,small,pink,yes,BNE_360050_ccrop.jpg,train
BNE_360309_ccrop.jpg,Neutrophil,small,round,unsegmented-band,low,densely,no,clear,light blue,small,pink,yes,BNE_360309_ccrop.jpg,train
BNE_362920_ccrop.jpg,Neutrophil,big,irregular,unsegmented-band,low,densely,no,clear,light blue,small,pink,yes,BNE_362920_ccrop.jpg,train
BNE_363611_ccrop.jpg,Neutrophil,big,irregular,segmented-bilobed,low,densely,no,clear,light blue,small,pink,yes,BNE_363611_ccrop.jpg,train
BNE_364260_ccrop.jpg,Neutrophil,small,round,unsegmented-band,low,densely,no,clear,light blue,small,pink,yes,BNE_364260_ccrop.jpg,train
BNE_365280_ccrop.jpg,Neutrophil,small,round,irregular,low,densely,no,clear,light blue,small,pink,yes,BNE_365280_ccrop.jpg,train
BNE_365484_ccrop.jpg,Neutrophil,small,round,unsegmented-band,low,densely,no,clear,light blue,small,pink,yes,BNE_365484_ccrop.jpg,train
BNE_366749_ccrop.jpg,Neutrophil,small,round,unsegmented-band,low,densely,no,clear,light blue,small,pink,yes,BNE_366749_ccrop.jpg,train
BNE_366885_ccrop.jpg,Neutrophil,big,round,unsegmented-band,low,densely,no,clear,light blue,small,pink,yes,BNE_366885_ccrop.jpg,train
BNE_367351_ccrop.jpg,Neutrophil,small,round,unsegmented-band,low,densely,no,clear,light blue,small,pink,yes,BNE_367351_ccrop.jpg,train
BNE_367547_ccrop.jpg,Neutrophil,small,round,unsegmented-band,low,densely,no,clear,light blue,small,pink,yes,BNE_367547_ccrop.jpg,train
BNE_368574_ccrop.jpg,Neutrophil,big,round,unsegmented-band,low,densely,no,clear,light blue,small,pink,yes,BNE_368574_ccrop.jpg,train
BNE_369028_ccrop.jpg,Neutrophil,big,round,unsegmented-band,low,densely,yes,clear,light blue,small,pink,yes,BNE_369028_ccrop.jpg,train
BNE_371863_ccrop.jpg,Neutrophil,big,round,unsegmented-band,low,densely,no,clear,light blue,small,pink,yes,BNE_371863_ccrop.jpg,train
BNE_373543_ccrop.jpg,Neutrophil,big,round,unsegmented-band,low,densely,no,clear,light blue,small,pink,yes,BNE_373543_ccrop.jpg,train
BNE_373678_ccrop.jpg,Neutrophil,big,round,unsegmented-band,low,densely,no,clear,light blue,small,pink,yes,BNE_373678_ccrop.jpg,train
BNE_374054_ccrop.jpg,Neutrophil,big,round,unsegmented-band,low,densely,no,clear,light blue,small,purple,yes,BNE_374054_ccrop.jpg,train
BNE_37422_ccrop.jpg,Neutrophil,small,round,unsegmented-band,low,densely,no,clear,light blue,small,pink,yes,BNE_37422_ccrop.jpg,train
BNE_375120_ccrop.jpg,Neutrophil,big,round,unsegmented-band,low,densely,no,clear,light blue,small,pink,yes,BNE_375120_ccrop.jpg,train
BNE_376075_ccrop.jpg,Neutrophil,big,round,unsegmented-band,low,densely,no,clear,light blue,small,pink,yes,BNE_376075_ccrop.jpg,train
BNE_376738_ccrop.jpg,Neutrophil,small,round,unsegmented-band,low,densely,no,clear,light blue,small,pink,yes,BNE_376738_ccrop.jpg,train
BNE_377951_ccrop.jpg,Neutrophil,big,round,unsegmented-band,low,densely,no,clear,light blue,small,pink,yes,BNE_377951_ccrop.jpg,train
BNE_378921_ccrop.jpg,Neutrophil,big,round,unsegmented-band,low,densely,no,clear,light blue,small,pink,yes,BNE_378921_ccrop.jpg,train
BNE_379446_ccrop.jpg,Neutrophil,small,round,unsegmented-band,low,densely,no,clear,light blue,small,pink,yes,BNE_379446_ccrop.jpg,train
BNE_380348_ccrop.jpg,Neutrophil,small,round,unsegmented-band,low,densely,no,clear,light blue,small,pink,yes,BNE_380348_ccrop.jpg,train
BNE_380387_ccrop.jpg,Neutrophil,small,round,unsegmented-band,low,densely,no,clear,light blue,small,pink,yes,BNE_380387_ccrop.jpg,train
BNE_380800_ccrop.jpg,Neutrophil,small,round,unsegmented-band,low,densely,no,clear,light blue,small,pink,yes,BNE_380800_ccrop.jpg,train
BNE_381862_ccrop.jpg,Neutrophil,big,round,unsegmented-band,low,densely,no,clear,light blue,small,pink,yes,BNE_381862_ccrop.jpg,train
BNE_382771_ccrop.jpg,Neutrophil,small,round,unsegmented-band,low,densely,no,clear,light blue,small,pink,yes,BNE_382771_ccrop.jpg,train
BNE_384062_ccrop.jpg,Neutrophil,small,round,segmented-bilobed,low,densely,no,clear,light blue,small,pink,yes,BNE_384062_ccrop.jpg,train
BNE_384068_ccrop.jpg,Neutrophil,big,irregular,unsegmented-band,low,densely,no,clear,light blue,small,pink,yes,BNE_384068_ccrop.jpg,train
BNE_384203_ccrop.jpg,Neutrophil,small,round,unsegmented-band,low,densely,no,clear,light blue,small,pink,yes,BNE_384203_ccrop.jpg,train
BNE_384920_ccrop.jpg,Neutrophil,small,round,unsegmented-band,low,densely,no,clear,light blue,small,pink,yes,BNE_384920_ccrop.jpg,train
BNE_385402_ccrop.jpg,Neutrophil,big,round,unsegmented-band,low,densely,no,clear,light blue,small,pink,yes,BNE_385402_ccrop.jpg,train
BNE_386017_ccrop.jpg,Neutrophil,big,round,unsegmented-band,low,densely,no,clear,light blue,small,pink,yes,BNE_386017_ccrop.jpg,train
BNE_388894_ccrop.jpg,Neutrophil,small,round,unsegmented-band,low,densely,no,clear,light blue,small,pink,yes,BNE_388894_ccrop.jpg,train
BNE_388940_ccrop.jpg,Neutrophil,big,round,unsegmented-band,low,densely,no,clear,light blue,small,pink,yes,BNE_388940_ccrop.jpg,train
BNE_38919_ccrop.jpg,Neutrophil,big,round,unsegmented-band,low,densely,no,clear,light blue,small,pink,yes,BNE_38919_ccrop.jpg,train
BNE_389215_ccrop.jpg,Neutrophil,big,round,unsegmented-band,low,densely,yes,clear,light blue,small,pink,yes,BNE_389215_ccrop.jpg,train
BNE_389738_ccrop.jpg,Neutrophil,small,round,unsegmented-band,low,densely,no,clear,light blue,small,pink,yes,BNE_389738_ccrop.jpg,train
BNE_389826_ccrop.jpg,Neutrophil,small,round,unsegmented-band,low,densely,no,clear,light blue,small,pink,yes,BNE_389826_ccrop.jpg,train
BNE_390179_ccrop.jpg,Neutrophil,small,round,unsegmented-band,low,densely,no,clear,light blue,small,pink,yes,BNE_390179_ccrop.jpg,train
BNE_390232_ccrop.jpg,Neutrophil,big,round,unsegmented-band,low,densely,no,clear,light blue,small,pink,yes,BNE_390232_ccrop.jpg,train
BNE_390698_ccrop.jpg,Neutrophil,small,round,unsegmented-band,low,densely,no,clear,light blue,small,pink,yes,BNE_390698_ccrop.jpg,train
BNE_393818_ccrop.jpg,Neutrophil,big,round,unsegmented-band,low,densely,no,clear,light blue,small,pink,yes,BNE_393818_ccrop.jpg,train
BNE_394928_ccrop.jpg,Neutrophil,big,irregular,unsegmented-band,low,densely,no,clear,light blue,small,pink,yes,BNE_394928_ccrop.jpg,train
BNE_396823_ccrop.jpg,Neutrophil,small,round,unsegmented-band,low,densely,no,clear,light blue,small,pink,yes,BNE_396823_ccrop.jpg,train
BNE_396832_ccrop.jpg,Neutrophil,small,round,unsegmented-band,low,densely,no,clear,light blue,small,pink,yes,BNE_396832_ccrop.jpg,train
BNE_396853_ccrop.jpg,Neutrophil,big,irregular,unsegmented-band,low,loosely,no,clear,light blue,small,pink,yes,BNE_396853_ccrop.jpg,train
BNE_397228_ccrop.jpg,Neutrophil,big,round,unsegmented-band,low,densely,no,clear,light blue,small,pink,yes,BNE_397228_ccrop.jpg,train
BNE_39767_ccrop.jpg,Neutrophil,small,round,unsegmented-band,low,densely,no,clear,light blue,small,pink,yes,BNE_39767_ccrop.jpg,train
BNE_398566_ccrop.jpg,Neutrophil,big,round,unsegmented-band,low,densely,no,clear,light blue,small,pink,yes,BNE_398566_ccrop.jpg,train
BNE_39950_ccrop.jpg,Neutrophil,big,round,unsegmented-band,low,densely,no,clear,light blue,small,pink,yes,BNE_39950_ccrop.jpg,train
BNE_399544_ccrop.jpg,Neutrophil,big,round,unsegmented-band,low,densely,no,clear,light blue,small,pink,yes,BNE_399544_ccrop.jpg,train
BNE_399554_ccrop.jpg,Neutrophil,small,round,unsegmented-band,low,densely,no,clear,light blue,small,pink,yes,BNE_399554_ccrop.jpg,train
BNE_400703_ccrop.jpg,Neutrophil,small,round,unsegmented-band,low,densely,no,clear,light blue,small,pink,yes,BNE_400703_ccrop.jpg,train
BNE_401488_ccrop.jpg,Neutrophil,small,round,unsegmented-band,low,densely,no,clear,light blue,small,pink,yes,BNE_401488_ccrop.jpg,train
BNE_404873_ccrop.jpg,Neutrophil,small,round,unsegmented-band,low,densely,no,clear,light blue,small,pink,yes,BNE_404873_ccrop.jpg,train
BNE_408177_ccrop.jpg,Neutrophil,small,round,unsegmented-band,low,densely,no,clear,light blue,small,pink,yes,BNE_408177_ccrop.jpg,train
BNE_409791_ccrop.jpg,Neutrophil,big,round,unsegmented-band,low,densely,no,clear,light blue,small,pink,yes,BNE_409791_ccrop.jpg,train
BNE_409857_ccrop.jpg,Neutrophil,big,round,unsegmented-band,low,densely,no,clear,light blue,small,pink,yes,BNE_409857_ccrop.jpg,train
BNE_411384_ccrop.jpg,Neutrophil,small,round,unsegmented-band,low,densely,no,clear,light blue,small,pink,yes,BNE_411384_ccrop.jpg,train
BNE_411518_ccrop.jpg,Neutrophil,small,round,unsegmented-band,low,densely,no,clear,light blue,small,pink,yes,BNE_411518_ccrop.jpg,train
BNE_412555_ccrop.jpg,Neutrophil,small,round,unsegmented-band,low,densely,no,clear,light blue,small,pink,yes,BNE_412555_ccrop.jpg,train
BNE_412858_ccrop.jpg,Neutrophil,big,round,unsegmented-band,low,densely,no,clear,light blue,small,pink,yes,BNE_412858_ccrop.jpg,train
BNE_415268_ccrop.jpg,Neutrophil,small,round,unsegmented-band,low,densely,no,clear,light blue,small,pink,yes,BNE_415268_ccrop.jpg,train
BNE_415445_ccrop.jpg,Neutrophil,big,irregular,segmented-bilobed,low,densely,no,clear,light blue,small,pink,yes,BNE_415445_ccrop.jpg,train
BNE_415744_ccrop.jpg,Neutrophil,big,round,unsegmented-band,low,densely,no,clear,light blue,small,pink,yes,BNE_415744_ccrop.jpg,train
BNE_417307_ccrop.jpg,Neutrophil,big,irregular,unsegmented-band,low,densely,no,clear,light blue,small,pink,yes,BNE_417307_ccrop.jpg,train
BNE_417877_ccrop.jpg,Neutrophil,big,round,unsegmented-band,low,densely,no,clear,light blue,small,pink,yes,BNE_417877_ccrop.jpg,train
BNE_41833_ccrop.jpg,Neutrophil,small,round,unsegmented-band,low,densely,no,clear,light blue,small,pink,yes,BNE_41833_ccrop.jpg,train
BNE_41840_ccrop.jpg,Neutrophil,big,round,unsegmented-band,low,densely,yes,clear,light blue,small,pink,yes,BNE_41840_ccrop.jpg,train
BNE_419128_ccrop.jpg,Neutrophil,small,round,unsegmented-band,low,densely,no,clear,light blue,small,pink,yes,BNE_419128_ccrop.jpg,train
BNE_420956_ccrop.jpg,Neutrophil,small,round,unsegmented-band,low,densely,no,clear,light blue,small,pink,yes,BNE_420956_ccrop.jpg,train
BNE_423834_ccrop.jpg,Neutrophil,small,round,unsegmented-band,low,densely,no,clear,light blue,small,pink,yes,BNE_423834_ccrop.jpg,train
BNE_424457_ccrop.jpg,Neutrophil,big,irregular,unsegmented-band,low,densely,no,clear,light blue,small,pink,yes,BNE_424457_ccrop.jpg,train
BNE_426453_ccrop.jpg,Neutrophil,small,round,unsegmented-band,low,densely,no,clear,light blue,small,pink,yes,BNE_426453_ccrop.jpg,train
BNE_426969_ccrop.jpg,Neutrophil,small,round,unsegmented-band,low,densely,no,clear,light blue,small,pink,yes,BNE_426969_ccrop.jpg,train
BNE_427204_ccrop.jpg,Neutrophil,big,round,unsegmented-band,low,densely,no,clear,light blue,small,pink,yes,BNE_427204_ccrop.jpg,train
BNE_42789_ccrop.jpg,Neutrophil,big,round,unsegmented-band,low,densely,no,clear,light blue,small,pink,yes,BNE_42789_ccrop.jpg,train
BNE_430604_ccrop.jpg,Neutrophil,small,round,unsegmented-band,low,densely,no,clear,light blue,small,pink,yes,BNE_430604_ccrop.jpg,train
BNE_431488_ccrop.jpg,Neutrophil,small,round,unsegmented-band,low,densely,yes,clear,light blue,small,pink,yes,BNE_431488_ccrop.jpg,train
BNE_433423_ccrop.jpg,Neutrophil,small,round,unsegmented-band,low,densely,no,clear,light blue,small,pink,yes,BNE_433423_ccrop.jpg,train
BNE_434568_ccrop.jpg,Neutrophil,small,round,unsegmented-band,low,densely,no,clear,light blue,small,pink,yes,BNE_434568_ccrop.jpg,train
BNE_435236_ccrop.jpg,Neutrophil,big,round,unsegmented-band,low,densely,no,clear,light blue,small,purple,yes,BNE_435236_ccrop.jpg,train
BNE_436110_ccrop.jpg,Neutrophil,small,round,unsegmented-band,low,densely,no,clear,light blue,small,purple,yes,BNE_436110_ccrop.jpg,train
BNE_436213_ccrop.jpg,Neutrophil,big,round,unsegmented-band,low,densely,no,clear,light blue,small,pink,yes,BNE_436213_ccrop.jpg,train
BNE_436393_ccrop.jpg,Neutrophil,big,irregular,unsegmented-band,low,loosely,yes,clear,light blue,small,pink,yes,BNE_436393_ccrop.jpg,train
BNE_436569_ccrop.jpg,Neutrophil,big,round,unsegmented-band,low,densely,no,clear,light blue,small,pink,yes,BNE_436569_ccrop.jpg,train
BNE_438239_ccrop.jpg,Neutrophil,small,round,unsegmented-band,low,densely,no,clear,light blue,small,pink,yes,BNE_438239_ccrop.jpg,train
BNE_438952_ccrop.jpg,Neutrophil,small,round,unsegmented-band,low,densely,no,clear,light blue,small,pink,yes,BNE_438952_ccrop.jpg,train
BNE_441101_ccrop.jpg,Neutrophil,big,round,unsegmented-band,low,densely,no,clear,light blue,small,pink,yes,BNE_441101_ccrop.jpg,train
BNE_44167_ccrop.jpg,Neutrophil,small,round,unsegmented-band,low,densely,no,clear,light blue,small,pink,yes,BNE_44167_ccrop.jpg,train
BNE_442322_ccrop.jpg,Neutrophil,small,round,unsegmented-band,low,densely,no,clear,light blue,small,pink,yes,BNE_442322_ccrop.jpg,train
BNE_44328_ccrop.jpg,Neutrophil,small,round,unsegmented-band,low,densely,no,clear,light blue,small,pink,yes,BNE_44328_ccrop.jpg,train
BNE_443350_ccrop.jpg,Neutrophil,small,irregular,unsegmented-band,low,densely,no,clear,light blue,small,pink,yes,BNE_443350_ccrop.jpg,train
BNE_443921_ccrop.jpg,Neutrophil,big,round,unsegmented-band,low,densely,no,clear,light blue,small,pink,yes,BNE_443921_ccrop.jpg,train
BNE_445224_ccrop.jpg,Neutrophil,big,round,unsegmented-band,low,densely,no,clear,light blue,small,pink,yes,BNE_445224_ccrop.jpg,train
BNE_446959_ccrop.jpg,Neutrophil,small,round,unsegmented-band,low,densely,no,clear,light blue,small,pink,yes,BNE_446959_ccrop.jpg,train
BNE_447939_ccrop.jpg,Neutrophil,small,round,unsegmented-band,low,densely,no,clear,light blue,small,pink,yes,BNE_447939_ccrop.jpg,train
BNE_448104_ccrop.jpg,Neutrophil,small,round,unsegmented-band,low,densely,no,clear,light blue,small,pink,yes,BNE_448104_ccrop.jpg,train
BNE_44875_ccrop.jpg,Neutrophil,small,round,unsegmented-band,low,densely,no,clear,light blue,small,pink,yes,BNE_44875_ccrop.jpg,train
BNE_448776_ccrop.jpg,Neutrophil,small,round,unsegmented-band,low,densely,no,clear,light blue,small,pink,yes,BNE_448776_ccrop.jpg,train
BNE_449730_ccrop.jpg,Neutrophil,big,round,unsegmented-band,low,densely,no,clear,light blue,small,pink,yes,BNE_449730_ccrop.jpg,train
BNE_449915_ccrop.jpg,Neutrophil,small,round,unsegmented-band,low,densely,no,clear,light blue,small,pink,yes,BNE_449915_ccrop.jpg,train
BNE_450464_ccrop.jpg,Neutrophil,small,round,unsegmented-band,low,densely,no,clear,light blue,small,pink,yes,BNE_450464_ccrop.jpg,train
BNE_451701_ccrop.jpg,Neutrophil,big,round,unsegmented-band,low,densely,no,clear,light blue,small,pink,yes,BNE_451701_ccrop.jpg,train
BNE_451729_ccrop.jpg,Neutrophil,big,irregular,unsegmented-band,low,densely,no,clear,light blue,small,pink,yes,BNE_451729_ccrop.jpg,train
BNE_453088_ccrop.jpg,Neutrophil,small,round,unsegmented-band,low,densely,no,clear,light blue,small,pink,yes,BNE_453088_ccrop.jpg,train
BNE_454089_ccrop.jpg,Neutrophil,small,round,unsegmented-band,low,densely,no,clear,light blue,small,pink,yes,BNE_454089_ccrop.jpg,train
BNE_454943_ccrop.jpg,Neutrophil,big,round,unsegmented-band,low,densely,no,clear,light blue,small,purple,yes,BNE_454943_ccrop.jpg,train
BNE_4555_ccrop.jpg,Neutrophil,small,round,unsegmented-band,low,densely,no,clear,light blue,small,pink,yes,BNE_4555_ccrop.jpg,train
BNE_455636_ccrop.jpg,Neutrophil,small,round,unsegmented-band,low,densely,no,clear,light blue,small,pink,yes,BNE_455636_ccrop.jpg,train
BNE_45575_ccrop.jpg,Neutrophil,small,round,unsegmented-band,low,densely,no,clear,light blue,small,pink,yes,BNE_45575_ccrop.jpg,train
BNE_456543_ccrop.jpg,Neutrophil,small,irregular,unsegmented-band,low,densely,no,clear,light blue,small,pink,yes,BNE_456543_ccrop.jpg,train
BNE_45721_ccrop.jpg,Neutrophil,small,round,unsegmented-band,low,densely,no,clear,light blue,small,pink,yes,BNE_45721_ccrop.jpg,train
BNE_458029_ccrop.jpg,Neutrophil,big,round,unsegmented-band,low,densely,no,clear,light blue,small,pink,yes,BNE_458029_ccrop.jpg,train
BNE_459066_ccrop.jpg,Neutrophil,small,round,unsegmented-band,low,densely,no,clear,light blue,small,purple,yes,BNE_459066_ccrop.jpg,train
BNE_459390_ccrop.jpg,Neutrophil,small,round,unsegmented-band,low,densely,no,clear,light blue,small,pink,yes,BNE_459390_ccrop.jpg,train
BNE_460072_ccrop.jpg,Neutrophil,small,round,unsegmented-band,low,densely,no,clear,light blue,small,pink,yes,BNE_460072_ccrop.jpg,train
BNE_461221_ccrop.jpg,Neutrophil,big,round,unsegmented-band,low,densely,no,clear,light blue,small,pink,yes,BNE_461221_ccrop.jpg,train
BNE_462102_ccrop.jpg,Neutrophil,big,round,unsegmented-band,low,densely,no,clear,light blue,small,pink,yes,BNE_462102_ccrop.jpg,train
BNE_46272_ccrop.jpg,Neutrophil,small,round,unsegmented-band,low,densely,no,clear,light blue,small,pink,yes,BNE_46272_ccrop.jpg,train
BNE_462747_ccrop.jpg,Neutrophil,small,round,unsegmented-band,low,densely,no,clear,light blue,small,pink,yes,BNE_462747_ccrop.jpg,train
BNE_462949_ccrop.jpg,Neutrophil,small,irregular,unsegmented-band,low,densely,yes,clear,light blue,small,pink,yes,BNE_462949_ccrop.jpg,train
BNE_464149_ccrop.jpg,Neutrophil,big,round,unsegmented-band,low,densely,no,clear,light blue,small,pink,yes,BNE_464149_ccrop.jpg,train
BNE_464803_ccrop.jpg,Neutrophil,big,round,unsegmented-band,low,densely,no,clear,light blue,small,pink,yes,BNE_464803_ccrop.jpg,train
BNE_46642_ccrop.jpg,Neutrophil,small,round,unsegmented-band,low,densely,no,clear,light blue,small,pink,yes,BNE_46642_ccrop.jpg,train
BNE_466790_ccrop.jpg,Neutrophil,big,round,unsegmented-band,low,densely,no,clear,light blue,small,pink,yes,BNE_466790_ccrop.jpg,train
BNE_467346_ccrop.jpg,Neutrophil,small,round,unsegmented-band,low,densely,no,clear,light blue,small,pink,yes,BNE_467346_ccrop.jpg,train
BNE_468833_ccrop.jpg,Neutrophil,big,irregular,unsegmented-band,low,densely,no,clear,light blue,small,pink,yes,BNE_468833_ccrop.jpg,train
BNE_471421_ccrop.jpg,Neutrophil,small,round,unsegmented-band,low,densely,no,clear,light blue,small,pink,yes,BNE_471421_ccrop.jpg,train
BNE_472143_ccrop.jpg,Neutrophil,big,round,unsegmented-band,low,densely,no,clear,light blue,small,pink,yes,BNE_472143_ccrop.jpg,train
BNE_473636_ccrop.jpg,Neutrophil,big,round,unsegmented-band,low,densely,no,clear,light blue,small,pink,yes,BNE_473636_ccrop.jpg,train
BNE_475803_ccrop.jpg,Neutrophil,small,round,unsegmented-band,low,densely,no,clear,light blue,small,pink,yes,BNE_475803_ccrop.jpg,train
BNE_477145_ccrop.jpg,Neutrophil,small,round,unsegmented-band,low,densely,no,clear,light blue,small,pink,yes,BNE_477145_ccrop.jpg,train
BNE_477641_ccrop.jpg,Neutrophil,big,round,unsegmented-band,low,densely,no,clear,light blue,small,pink,yes,BNE_477641_ccrop.jpg,train
BNE_480263_ccrop.jpg,Neutrophil,big,round,unsegmented-band,low,densely,no,clear,light blue,small,pink,yes,BNE_480263_ccrop.jpg,train
BNE_480971_ccrop.jpg,Neutrophil,small,round,unsegmented-band,low,densely,no,clear,light blue,small,pink,yes,BNE_480971_ccrop.jpg,train
BNE_481801_ccrop.jpg,Neutrophil,small,round,unsegmented-band,low,densely,no,clear,light blue,small,pink,yes,BNE_481801_ccrop.jpg,train
BNE_48402_ccrop.jpg,Neutrophil,small,round,unsegmented-band,low,densely,no,clear,light blue,small,pink,yes,BNE_48402_ccrop.jpg,train
BNE_484057_ccrop.jpg,Neutrophil,small,round,unsegmented-band,low,densely,no,clear,light blue,small,pink,yes,BNE_484057_ccrop.jpg,train
BNE_485377_ccrop.jpg,Neutrophil,big,irregular,unsegmented-band,low,densely,no,clear,light blue,small,pink,yes,BNE_485377_ccrop.jpg,train
BNE_487299_ccrop.jpg,Neutrophil,big,round,unsegmented-band,low,densely,no,clear,light blue,small,pink,yes,BNE_487299_ccrop.jpg,train
BNE_489159_ccrop.jpg,Neutrophil,small,round,unsegmented-band,low,densely,no,clear,light blue,small,pink,yes,BNE_489159_ccrop.jpg,train
BNE_489220_ccrop.jpg,Neutrophil,small,round,unsegmented-band,low,densely,no,clear,light blue,small,pink,yes,BNE_489220_ccrop.jpg,train
BNE_491118_ccrop.jpg,Neutrophil,big,round,unsegmented-band,low,densely,no,clear,light blue,small,pink,yes,BNE_491118_ccrop.jpg,train
BNE_491493_ccrop.jpg,Neutrophil,small,round,unsegmented-band,low,densely,no,clear,light blue,small,pink,yes,BNE_491493_ccrop.jpg,train
BNE_494996_ccrop.jpg,Neutrophil,small,round,unsegmented-band,low,densely,no,clear,light blue,small,pink,yes,BNE_494996_ccrop.jpg,train
BNE_495871_ccrop.jpg,Neutrophil,small,round,unsegmented-band,low,densely,no,clear,light blue,small,pink,yes,BNE_495871_ccrop.jpg,train
BNE_496407_ccrop.jpg,Neutrophil,big,round,unsegmented-band,low,densely,no,clear,light blue,small,pink,yes,BNE_496407_ccrop.jpg,train
BNE_496691_ccrop.jpg,Neutrophil,big,round,unsegmented-band,low,densely,no,clear,light blue,small,pink,yes,BNE_496691_ccrop.jpg,train
BNE_498494_ccrop.jpg,Neutrophil,big,round,unsegmented-band,low,densely,no,clear,light blue,small,pink,yes,BNE_498494_ccrop.jpg,train
BNE_499517_ccrop.jpg,Neutrophil,big,round,unsegmented-band,low,densely,no,clear,light blue,small,pink,yes,BNE_499517_ccrop.jpg,train
BNE_499604_ccrop.jpg,Neutrophil,small,round,unsegmented-band,low,densely,no,clear,light blue,small,pink,yes,BNE_499604_ccrop.jpg,train
BNE_500981_ccrop.jpg,Neutrophil,big,round,unsegmented-band,low,densely,no,clear,light blue,small,pink,yes,BNE_500981_ccrop.jpg,train
BNE_501437_ccrop.jpg,Neutrophil,big,irregular,unsegmented-band,low,densely,no,clear,light blue,small,pink,yes,BNE_501437_ccrop.jpg,train
BNE_502095_ccrop.jpg,Neutrophil,big,irregular,unsegmented-band,low,densely,no,clear,light blue,small,pink,yes,BNE_502095_ccrop.jpg,train
BNE_502987_ccrop.jpg,Neutrophil,big,irregular,unsegmented-band,low,densely,yes,clear,light blue,small,pink,yes,BNE_502987_ccrop.jpg,train
BNE_503739_ccrop.jpg,Neutrophil,small,irregular,unsegmented-band,low,densely,no,clear,light blue,small,pink,yes,BNE_503739_ccrop.jpg,train
BNE_506744_ccrop.jpg,Neutrophil,small,round,unsegmented-band,low,densely,no,clear,light blue,small,pink,yes,BNE_506744_ccrop.jpg,train
BNE_508303_ccrop.jpg,Neutrophil,small,round,unsegmented-band,low,densely,no,clear,light blue,small,pink,yes,BNE_508303_ccrop.jpg,train
BNE_509219_ccrop.jpg,Neutrophil,small,round,unsegmented-band,low,densely,no,clear,light blue,small,pink,yes,BNE_509219_ccrop.jpg,train
BNE_509596_ccrop.jpg,Neutrophil,small,round,unsegmented-band,low,densely,no,clear,light blue,small,pink,yes,BNE_509596_ccrop.jpg,train
BNE_510336_ccrop.jpg,Neutrophil,small,round,unsegmented-band,low,densely,yes,clear,light blue,small,pink,yes,BNE_510336_ccrop.jpg,train
BNE_51248_ccrop.jpg,Neutrophil,small,round,unsegmented-band,low,densely,no,clear,light blue,small,pink,yes,BNE_51248_ccrop.jpg,train
BNE_512963_ccrop.jpg,Neutrophil,big,round,unsegmented-band,low,densely,no,clear,light blue,small,pink,yes,BNE_512963_ccrop.jpg,train
BNE_514231_ccrop.jpg,Neutrophil,small,round,unsegmented-band,low,densely,no,clear,light blue,small,pink,yes,BNE_514231_ccrop.jpg,train
BNE_515288_ccrop.jpg,Neutrophil,big,round,unsegmented-band,low,densely,no,clear,light blue,small,pink,yes,BNE_515288_ccrop.jpg,train
BNE_515542_ccrop.jpg,Neutrophil,small,round,unsegmented-band,low,densely,no,clear,light blue,small,pink,yes,BNE_515542_ccrop.jpg,train
BNE_517514_ccrop.jpg,Neutrophil,big,round,unsegmented-band,low,densely,no,clear,light blue,small,pink,yes,BNE_517514_ccrop.jpg,train
BNE_519229_ccrop.jpg,Neutrophil,small,round,unsegmented-band,low,densely,no,clear,light blue,small,pink,yes,BNE_519229_ccrop.jpg,train
BNE_519373_ccrop.jpg,Neutrophil,big,irregular,unsegmented-band,low,densely,no,clear,light blue,small,pink,yes,BNE_519373_ccrop.jpg,train
BNE_519960_ccrop.jpg,Neutrophil,small,round,unsegmented-band,low,densely,no,clear,light blue,small,pink,yes,BNE_519960_ccrop.jpg,train
BNE_519989_ccrop.jpg,Neutrophil,big,round,unsegmented-band,low,densely,no,clear,light blue,small,pink,yes,BNE_519989_ccrop.jpg,train
BNE_520014_ccrop.jpg,Neutrophil,small,round,unsegmented-band,low,densely,no,clear,light blue,small,pink,yes,BNE_520014_ccrop.jpg,train
BNE_520896_ccrop.jpg,Neutrophil,small,round,unsegmented-band,low,densely,no,clear,light blue,small,pink,yes,BNE_520896_ccrop.jpg,train
BNE_522120_ccrop.jpg,Neutrophil,small,round,unsegmented-band,low,densely,no,clear,light blue,small,pink,yes,BNE_522120_ccrop.jpg,train
BNE_523259_ccrop.jpg,Neutrophil,big,round,unsegmented-band,low,densely,no,clear,light blue,small,purple,yes,BNE_523259_ccrop.jpg,train
BNE_524418_ccrop.jpg,Neutrophil,small,round,unsegmented-band,low,densely,no,clear,light blue,small,pink,yes,BNE_524418_ccrop.jpg,train
BNE_524998_ccrop.jpg,Neutrophil,small,round,unsegmented-band,low,densely,no,clear,light blue,small,pink,yes,BNE_524998_ccrop.jpg,train
BNE_525705_ccrop.jpg,Neutrophil,small,round,unsegmented-band,low,densely,no,clear,light blue,small,purple,yes,BNE_525705_ccrop.jpg,train
BNE_526012_ccrop.jpg,Neutrophil,small,round,unsegmented-band,low,densely,no,clear,light blue,small,purple,yes,BNE_526012_ccrop.jpg,train
BNE_5294_ccrop.jpg,Neutrophil,big,round,unsegmented-band,low,densely,no,clear,light blue,small,pink,yes,BNE_5294_ccrop.jpg,train
BNE_529971_ccrop.jpg,Neutrophil,big,round,unsegmented-band,low,densely,no,clear,light blue,small,pink,yes,BNE_529971_ccrop.jpg,train
BNE_5311_ccrop.jpg,Neutrophil,small,round,unsegmented-band,low,densely,no,clear,light blue,small,pink,yes,BNE_5311_ccrop.jpg,train
BNE_53394_ccrop.jpg,Neutrophil,big,round,unsegmented-band,low,densely,no,clear,light blue,small,pink,yes,BNE_53394_ccrop.jpg,train
BNE_53428_ccrop.jpg,Neutrophil,small,round,unsegmented-band,low,densely,no,clear,light blue,small,pink,yes,BNE_53428_ccrop.jpg,train
BNE_536163_ccrop.jpg,Neutrophil,small,round,unsegmented-band,low,densely,no,clear,light blue,small,pink,yes,BNE_536163_ccrop.jpg,train
BNE_538408_ccrop.jpg,Neutrophil,small,round,unsegmented-band,low,densely,no,clear,light blue,small,pink,yes,BNE_538408_ccrop.jpg,train
BNE_53927_ccrop.jpg,Neutrophil,small,round,unsegmented-band,low,densely,no,clear,light blue,small,pink,yes,BNE_53927_ccrop.jpg,train
BNE_54028_ccrop.jpg,Neutrophil,big,round,unsegmented-band,low,densely,no,clear,light blue,small,pink,yes,BNE_54028_ccrop.jpg,train
BNE_540909_ccrop.jpg,Neutrophil,small,round,unsegmented-band,low,densely,no,clear,light blue,small,pink,yes,BNE_540909_ccrop.jpg,train
BNE_542957_ccrop.jpg,Neutrophil,big,round,unsegmented-band,low,densely,no,clear,light blue,small,pink,yes,BNE_542957_ccrop.jpg,train
BNE_543730_ccrop.jpg,Neutrophil,big,round,unsegmented-band,low,densely,no,clear,light blue,small,pink,yes,BNE_543730_ccrop.jpg,train
BNE_544250_ccrop.jpg,Neutrophil,big,round,unsegmented-band,low,densely,no,clear,light blue,small,pink,yes,BNE_544250_ccrop.jpg,train
BNE_545123_ccrop.jpg,Neutrophil,small,irregular,unsegmented-band,low,densely,yes,clear,light blue,small,pink,yes,BNE_545123_ccrop.jpg,train
BNE_545407_ccrop.jpg,Neutrophil,big,round,unsegmented-band,low,densely,no,clear,light blue,small,pink,yes,BNE_545407_ccrop.jpg,train
BNE_546147_ccrop.jpg,Neutrophil,big,irregular,unsegmented-band,low,densely,yes,clear,light blue,small,pink,yes,BNE_546147_ccrop.jpg,train
BNE_546662_ccrop.jpg,Neutrophil,big,irregular,unsegmented-band,low,densely,no,clear,light blue,small,pink,yes,BNE_546662_ccrop.jpg,train
BNE_547029_ccrop.jpg,Neutrophil,big,round,unsegmented-band,low,densely,no,clear,light blue,small,pink,yes,BNE_547029_ccrop.jpg,train
BNE_548152_ccrop.jpg,Neutrophil,big,round,unsegmented-band,low,densely,no,clear,light blue,small,pink,yes,BNE_548152_ccrop.jpg,train
BNE_550549_ccrop.jpg,Neutrophil,small,round,unsegmented-band,low,densely,no,clear,light blue,small,pink,yes,BNE_550549_ccrop.jpg,train
BNE_553117_ccrop.jpg,Neutrophil,big,irregular,unsegmented-band,low,densely,no,clear,light blue,small,pink,yes,BNE_553117_ccrop.jpg,train
BNE_554123_ccrop.jpg,Neutrophil,big,round,segmented-bilobed,low,densely,no,clear,light blue,small,pink,yes,BNE_554123_ccrop.jpg,train
BNE_554509_ccrop.jpg,Neutrophil,small,round,unsegmented-band,low,densely,no,clear,light blue,small,pink,yes,BNE_554509_ccrop.jpg,train
BNE_555286_ccrop.jpg,Neutrophil,small,round,unsegmented-band,low,densely,no,clear,light blue,small,pink,yes,BNE_555286_ccrop.jpg,train
BNE_556078_ccrop.jpg,Neutrophil,small,round,unsegmented-band,low,densely,no,clear,light blue,small,pink,yes,BNE_556078_ccrop.jpg,train
BNE_55624_ccrop.jpg,Neutrophil,small,round,unsegmented-band,low,densely,no,clear,light blue,small,pink,yes,BNE_55624_ccrop.jpg,train
BNE_557210_ccrop.jpg,Neutrophil,big,irregular,unsegmented-band,low,densely,no,clear,light blue,small,pink,yes,BNE_557210_ccrop.jpg,train
BNE_558065_ccrop.jpg,Neutrophil,small,round,unsegmented-band,low,densely,no,clear,light blue,small,pink,yes,BNE_558065_ccrop.jpg,train
BNE_558159_ccrop.jpg,Neutrophil,big,round,unsegmented-band,low,densely,no,clear,light blue,small,pink,yes,BNE_558159_ccrop.jpg,train
BNE_558616_ccrop.jpg,Neutrophil,big,round,unsegmented-band,low,densely,no,clear,light blue,small,pink,yes,BNE_558616_ccrop.jpg,train
BNE_55926_ccrop.jpg,Neutrophil,big,round,unsegmented-band,low,densely,no,clear,light blue,small,pink,yes,BNE_55926_ccrop.jpg,train
BNE_559369_ccrop.jpg,Neutrophil,big,round,unsegmented-band,low,densely,no,clear,light blue,small,pink,yes,BNE_559369_ccrop.jpg,train
BNE_560375_ccrop.jpg,Neutrophil,big,round,unsegmented-band,low,densely,no,clear,light blue,small,pink,yes,BNE_560375_ccrop.jpg,train
BNE_561687_ccrop.jpg,Neutrophil,big,round,unsegmented-band,low,densely,no,clear,light blue,small,pink,yes,BNE_561687_ccrop.jpg,train
BNE_564586_ccrop.jpg,Neutrophil,small,round,unsegmented-band,low,densely,no,clear,light blue,small,pink,yes,BNE_564586_ccrop.jpg,train
BNE_564942_ccrop.jpg,Neutrophil,big,irregular,unsegmented-band,low,densely,no,clear,light blue,small,pink,yes,BNE_564942_ccrop.jpg,train
BNE_565190_ccrop.jpg,Neutrophil,big,round,unsegmented-band,low,densely,no,clear,light blue,small,pink,yes,BNE_565190_ccrop.jpg,train
BNE_56697_ccrop.jpg,Neutrophil,small,round,unsegmented-band,low,densely,no,clear,light blue,small,pink,yes,BNE_56697_ccrop.jpg,train
BNE_568093_ccrop.jpg,Neutrophil,small,round,unsegmented-band,low,densely,no,clear,light blue,small,pink,yes,BNE_568093_ccrop.jpg,train
BNE_569440_ccrop.jpg,Neutrophil,big,round,unsegmented-band,low,densely,no,clear,light blue,small,pink,yes,BNE_569440_ccrop.jpg,train
BNE_570330_ccrop.jpg,Neutrophil,big,round,unsegmented-band,low,densely,no,clear,light blue,small,pink,yes,BNE_570330_ccrop.jpg,train
BNE_570489_ccrop.jpg,Neutrophil,small,round,unsegmented-band,low,densely,no,clear,light blue,small,pink,yes,BNE_570489_ccrop.jpg,train
BNE_571324_ccrop.jpg,Neutrophil,small,irregular,unsegmented-band,low,densely,no,clear,light blue,small,pink,yes,BNE_571324_ccrop.jpg,train
BNE_572139_ccrop.jpg,Neutrophil,big,round,unsegmented-band,low,densely,no,clear,light blue,small,pink,yes,BNE_572139_ccrop.jpg,train
BNE_573024_ccrop.jpg,Neutrophil,small,round,unsegmented-band,low,densely,no,clear,light blue,small,pink,yes,BNE_573024_ccrop.jpg,train
BNE_576989_ccrop.jpg,Neutrophil,big,irregular,unsegmented-band,low,densely,no,clear,light blue,small,pink,yes,BNE_576989_ccrop.jpg,train
BNE_57734_ccrop.jpg,Neutrophil,small,round,unsegmented-band,low,densely,no,clear,light blue,small,pink,yes,BNE_57734_ccrop.jpg,train
BNE_57860_ccrop.jpg,Neutrophil,small,round,unsegmented-band,low,densely,no,clear,light blue,small,pink,yes,BNE_57860_ccrop.jpg,train
BNE_578714_ccrop.jpg,Neutrophil,small,round,unsegmented-band,low,densely,no,clear,light blue,small,pink,yes,BNE_578714_ccrop.jpg,train
BNE_579086_ccrop.jpg,Neutrophil,small,round,unsegmented-band,low,densely,no,clear,light blue,small,pink,yes,BNE_579086_ccrop.jpg,train
BNE_579098_ccrop.jpg,Neutrophil,small,round,unsegmented-band,low,densely,no,clear,light blue,small,pink,yes,BNE_579098_ccrop.jpg,train
BNE_580063_ccrop.jpg,Neutrophil,small,round,unsegmented-band,low,densely,no,clear,light blue,small,pink,yes,BNE_580063_ccrop.jpg,train
BNE_580262_ccrop.jpg,Neutrophil,big,round,unsegmented-band,low,densely,no,clear,light blue,small,pink,yes,BNE_580262_ccrop.jpg,train
BNE_581567_ccrop.jpg,Neutrophil,big,round,unsegmented-band,low,densely,no,clear,light blue,small,pink,yes,BNE_581567_ccrop.jpg,train
BNE_581608_ccrop.jpg,Neutrophil,small,round,unsegmented-band,low,densely,no,clear,light blue,small,pink,yes,BNE_581608_ccrop.jpg,train
BNE_582144_ccrop.jpg,Neutrophil,small,round,unsegmented-band,low,densely,yes,clear,light blue,small,pink,yes,BNE_582144_ccrop.jpg,train
BNE_582153_ccrop.jpg,Neutrophil,big,round,unsegmented-band,low,densely,no,clear,light blue,small,pink,yes,BNE_582153_ccrop.jpg,train
BNE_582893_ccrop.jpg,Neutrophil,big,round,unsegmented-band,low,densely,no,clear,light blue,small,pink,yes,BNE_582893_ccrop.jpg,train
BNE_58313_ccrop.jpg,Neutrophil,big,irregular,unsegmented-band,low,densely,no,clear,light blue,small,pink,yes,BNE_58313_ccrop.jpg,train
BNE_58419_ccrop.jpg,Neutrophil,small,round,unsegmented-band,low,densely,no,clear,light blue,small,pink,yes,BNE_58419_ccrop.jpg,train
BNE_585573_ccrop.jpg,Neutrophil,small,round,unsegmented-band,low,densely,no,clear,light blue,small,pink,yes,BNE_585573_ccrop.jpg,train
BNE_585707_ccrop.jpg,Neutrophil,small,round,unsegmented-band,low,densely,no,clear,light blue,small,purple,yes,BNE_585707_ccrop.jpg,train
BNE_586043_ccrop.jpg,Neutrophil,small,round,unsegmented-band,low,densely,no,clear,light blue,small,pink,yes,BNE_586043_ccrop.jpg,train
BNE_586518_ccrop.jpg,Neutrophil,small,round,unsegmented-band,low,densely,no,clear,light blue,small,pink,yes,BNE_586518_ccrop.jpg,train
BNE_587615_ccrop.jpg,Neutrophil,big,irregular,unsegmented-band,low,densely,no,clear,light blue,small,pink,yes,BNE_587615_ccrop.jpg,train
BNE_587693_ccrop.jpg,Neutrophil,small,round,unsegmented-band,low,densely,no,clear,light blue,small,pink,yes,BNE_587693_ccrop.jpg,train
BNE_588310_ccrop.jpg,Neutrophil,small,round,unsegmented-band,low,densely,no,clear,light blue,small,pink,yes,BNE_588310_ccrop.jpg,train
BNE_589405_ccrop.jpg,Neutrophil,big,round,unsegmented-band,low,densely,no,clear,light blue,small,pink,yes,BNE_589405_ccrop.jpg,train
BNE_59011_ccrop.jpg,Neutrophil,small,round,unsegmented-band,low,densely,no,clear,light blue,small,pink,yes,BNE_59011_ccrop.jpg,train
BNE_591751_ccrop.jpg,Neutrophil,big,round,unsegmented-band,low,densely,no,clear,light blue,small,pink,yes,BNE_591751_ccrop.jpg,train
BNE_592262_ccrop.jpg,Neutrophil,big,round,unsegmented-band,low,densely,no,clear,light blue,small,pink,yes,BNE_592262_ccrop.jpg,train
BNE_592960_ccrop.jpg,Neutrophil,small,irregular,segmented-bilobed,low,densely,no,clear,light blue,small,pink,yes,BNE_592960_ccrop.jpg,train
BNE_594365_ccrop.jpg,Neutrophil,big,irregular,unsegmented-band,low,densely,no,clear,light blue,small,pink,yes,BNE_594365_ccrop.jpg,train
BNE_596214_ccrop.jpg,Neutrophil,small,round,unsegmented-band,low,densely,no,clear,light blue,small,pink,yes,BNE_596214_ccrop.jpg,train
BNE_596261_ccrop.jpg,Neutrophil,small,round,unsegmented-band,low,densely,no,clear,light blue,small,pink,yes,BNE_596261_ccrop.jpg,train
BNE_59746_ccrop.jpg,Neutrophil,big,round,segmented-multilobed,low,densely,no,clear,light blue,small,pink,yes,BNE_59746_ccrop.jpg,train
BNE_59753_ccrop.jpg,Neutrophil,big,round,unsegmented-band,low,densely,no,clear,light blue,small,pink,yes,BNE_59753_ccrop.jpg,train
BNE_598005_ccrop.jpg,Neutrophil,big,irregular,unsegmented-band,low,densely,no,clear,light blue,small,pink,yes,BNE_598005_ccrop.jpg,train
BNE_598093_ccrop.jpg,Neutrophil,big,irregular,unsegmented-band,low,densely,no,clear,light blue,small,pink,yes,BNE_598093_ccrop.jpg,train
BNE_598157_ccrop.jpg,Neutrophil,small,round,unsegmented-band,low,densely,no,clear,light blue,small,pink,yes,BNE_598157_ccrop.jpg,train
BNE_598279_ccrop.jpg,Neutrophil,big,irregular,unsegmented-band,low,densely,no,clear,light blue,small,pink,yes,BNE_598279_ccrop.jpg,train
BNE_598798_ccrop.jpg,Neutrophil,big,round,unsegmented-band,low,densely,no,clear,light blue,small,pink,yes,BNE_598798_ccrop.jpg,train
BNE_599061_ccrop.jpg,Neutrophil,small,round,unsegmented-band,low,densely,no,clear,light blue,small,pink,yes,BNE_599061_ccrop.jpg,train
BNE_600196_ccrop.jpg,Neutrophil,small,round,unsegmented-band,low,densely,no,clear,light blue,small,purple,yes,BNE_600196_ccrop.jpg,train
BNE_600309_ccrop.jpg,Neutrophil,small,round,unsegmented-band,low,densely,no,clear,light blue,small,pink,yes,BNE_600309_ccrop.jpg,train
BNE_602109_ccrop.jpg,Neutrophil,big,irregular,unsegmented-band,low,densely,no,clear,light blue,small,pink,yes,BNE_602109_ccrop.jpg,train
BNE_603801_ccrop.jpg,Neutrophil,small,round,unsegmented-band,low,densely,no,clear,light blue,small,pink,yes,BNE_603801_ccrop.jpg,train
BNE_604011_ccrop.jpg,Neutrophil,big,round,unsegmented-band,low,densely,no,clear,light blue,small,pink,yes,BNE_604011_ccrop.jpg,train
BNE_604700_ccrop.jpg,Neutrophil,small,round,segmented-bilobed,low,densely,no,clear,light blue,small,pink,yes,BNE_604700_ccrop.jpg,train
BNE_604811_ccrop.jpg,Neutrophil,big,round,unsegmented-band,low,densely,no,clear,light blue,small,pink,yes,BNE_604811_ccrop.jpg,train
BNE_605631_ccrop.jpg,Neutrophil,small,round,unsegmented-band,low,densely,no,clear,light blue,small,pink,yes,BNE_605631_ccrop.jpg,train
BNE_608977_ccrop.jpg,Neutrophil,small,irregular,unsegmented-band,low,densely,no,clear,light blue,small,pink,yes,BNE_608977_ccrop.jpg,train
BNE_609298_ccrop.jpg,Neutrophil,small,round,unsegmented-band,low,densely,no,clear,light blue,small,pink,yes,BNE_609298_ccrop.jpg,train
BNE_611740_ccrop.jpg,Neutrophil,small,round,unsegmented-band,low,loosely,no,clear,light blue,small,pink,yes,BNE_611740_ccrop.jpg,train
BNE_612838_ccrop.jpg,Neutrophil,big,round,unsegmented-band,low,densely,no,clear,light blue,small,pink,yes,BNE_612838_ccrop.jpg,train
BNE_613105_ccrop.jpg,Neutrophil,small,round,unsegmented-band,low,densely,no,clear,light blue,small,pink,yes,BNE_613105_ccrop.jpg,train
BNE_613862_ccrop.jpg,Neutrophil,small,round,unsegmented-band,low,densely,no,clear,light blue,small,pink,yes,BNE_613862_ccrop.jpg,train
BNE_615368_ccrop.jpg,Neutrophil,small,round,unsegmented-band,low,densely,no,clear,light blue,small,pink,yes,BNE_615368_ccrop.jpg,train
BNE_617269_ccrop.jpg,Neutrophil,big,irregular,unsegmented-band,low,densely,no,clear,light blue,small,pink,yes,BNE_617269_ccrop.jpg,train
BNE_618269_ccrop.jpg,Neutrophil,small,round,unsegmented-band,low,densely,no,clear,light blue,small,pink,yes,BNE_618269_ccrop.jpg,train
BNE_620218_ccrop.jpg,Neutrophil,small,round,unsegmented-band,low,densely,no,clear,light blue,small,pink,yes,BNE_620218_ccrop.jpg,train
BNE_623314_ccrop.jpg,Neutrophil,big,round,unsegmented-band,low,loosely,no,clear,light blue,small,purple,yes,BNE_623314_ccrop.jpg,train
BNE_623488_ccrop.jpg,Neutrophil,small,round,unsegmented-band,low,densely,no,clear,light blue,small,pink,yes,BNE_623488_ccrop.jpg,train
BNE_623604_ccrop.jpg,Neutrophil,small,round,unsegmented-band,low,densely,no,clear,light blue,small,pink,yes,BNE_623604_ccrop.jpg,train
BNE_62365_ccrop.jpg,Neutrophil,small,round,unsegmented-round,low,densely,no,clear,light blue,small,pink,yes,BNE_62365_ccrop.jpg,train
BNE_624221_ccrop.jpg,Neutrophil,small,round,unsegmented-band,low,densely,no,clear,light blue,small,pink,yes,BNE_624221_ccrop.jpg,train
BNE_627756_ccrop.jpg,Neutrophil,big,round,unsegmented-band,low,densely,no,clear,light blue,small,pink,yes,BNE_627756_ccrop.jpg,train
BNE_62938_ccrop.jpg,Neutrophil,small,round,unsegmented-band,low,densely,no,clear,light blue,small,pink,yes,BNE_62938_ccrop.jpg,train
BNE_629963_ccrop.jpg,Neutrophil,small,round,unsegmented-band,low,densely,no,clear,light blue,small,pink,yes,BNE_629963_ccrop.jpg,train
BNE_630703_ccrop.jpg,Neutrophil,small,round,unsegmented-band,low,densely,no,clear,light blue,small,pink,yes,BNE_630703_ccrop.jpg,train
BNE_630905_ccrop.jpg,Neutrophil,small,round,segmented-multilobed,low,densely,no,clear,light blue,small,pink,yes,BNE_630905_ccrop.jpg,train
BNE_631173_ccrop.jpg,Neutrophil,small,round,unsegmented-band,low,densely,no,clear,light blue,small,pink,yes,BNE_631173_ccrop.jpg,train
BNE_633873_ccrop.jpg,Neutrophil,big,round,unsegmented-band,low,densely,no,clear,light blue,small,pink,yes,BNE_633873_ccrop.jpg,train
BNE_635273_ccrop.jpg,Neutrophil,big,irregular,unsegmented-band,low,loosely,no,clear,light blue,small,pink,yes,BNE_635273_ccrop.jpg,train
BNE_636091_ccrop.jpg,Neutrophil,small,round,unsegmented-band,low,densely,no,clear,light blue,small,pink,yes,BNE_636091_ccrop.jpg,train
BNE_636142_ccrop.jpg,Neutrophil,big,irregular,unsegmented-band,low,loosely,no,clear,light blue,small,purple,yes,BNE_636142_ccrop.jpg,train
BNE_637566_ccrop.jpg,Neutrophil,big,irregular,unsegmented-band,low,loosely,no,clear,light blue,small,pink,yes,BNE_637566_ccrop.jpg,train
BNE_637803_ccrop.jpg,Neutrophil,small,round,unsegmented-band,low,densely,no,clear,light blue,small,pink,yes,BNE_637803_ccrop.jpg,train
BNE_640026_ccrop.jpg,Neutrophil,small,irregular,unsegmented-band,low,densely,no,clear,light blue,small,pink,yes,BNE_640026_ccrop.jpg,train
BNE_640067_ccrop.jpg,Neutrophil,small,round,unsegmented-band,low,densely,no,clear,light blue,small,pink,yes,BNE_640067_ccrop.jpg,train
BNE_640140_ccrop.jpg,Neutrophil,big,round,unsegmented-band,low,densely,no,clear,light blue,small,pink,yes,BNE_640140_ccrop.jpg,train
BNE_641093_ccrop.jpg,Neutrophil,small,round,unsegmented-band,low,densely,no,clear,light blue,small,pink,yes,BNE_641093_ccrop.jpg,train
BNE_642218_ccrop.jpg,Neutrophil,big,irregular,unsegmented-band,low,densely,no,clear,light blue,small,pink,yes,BNE_642218_ccrop.jpg,train
BNE_643351_ccrop.jpg,Neutrophil,small,round,unsegmented-band,low,densely,no,clear,light blue,small,pink,yes,BNE_643351_ccrop.jpg,train
BNE_643739_ccrop.jpg,Neutrophil,small,round,unsegmented-band,low,densely,no,clear,light blue,small,pink,yes,BNE_643739_ccrop.jpg,train
BNE_64421_ccrop.jpg,Neutrophil,big,irregular,unsegmented-band,low,densely,yes,clear,light blue,small,pink,yes,BNE_64421_ccrop.jpg,train
BNE_644247_ccrop.jpg,Neutrophil,big,round,unsegmented-band,low,densely,no,clear,light blue,small,pink,yes,BNE_644247_ccrop.jpg,train
BNE_645191_ccrop.jpg,Neutrophil,small,round,unsegmented-band,low,densely,no,clear,light blue,small,pink,yes,BNE_645191_ccrop.jpg,train
BNE_645573_ccrop.jpg,Neutrophil,big,irregular,unsegmented-band,low,densely,no,clear,light blue,small,pink,yes,BNE_645573_ccrop.jpg,train
BNE_646654_ccrop.jpg,Neutrophil,small,round,unsegmented-band,low,densely,no,clear,light blue,small,pink,yes,BNE_646654_ccrop.jpg,train
BNE_647348_ccrop.jpg,Neutrophil,big,round,unsegmented-band,low,densely,no,clear,light blue,small,pink,yes,BNE_647348_ccrop.jpg,train
BNE_647486_ccrop.jpg,Neutrophil,big,round,unsegmented-band,low,densely,no,clear,light blue,small,purple,yes,BNE_647486_ccrop.jpg,train
BNE_649469_ccrop.jpg,Neutrophil,small,round,unsegmented-band,low,densely,no,clear,light blue,small,purple,yes,BNE_649469_ccrop.jpg,train
BNE_650594_ccrop.jpg,Neutrophil,small,round,unsegmented-band,low,densely,no,clear,light blue,small,pink,yes,BNE_650594_ccrop.jpg,train
BNE_651693_ccrop.jpg,Neutrophil,small,round,unsegmented-band,low,densely,no,clear,light blue,small,pink,yes,BNE_651693_ccrop.jpg,train
BNE_653016_ccrop.jpg,Neutrophil,big,irregular,unsegmented-band,low,densely,no,clear,light blue,small,pink,yes,BNE_653016_ccrop.jpg,train
BNE_653147_ccrop.jpg,Neutrophil,small,round,unsegmented-band,low,densely,no,clear,light blue,small,pink,yes,BNE_653147_ccrop.jpg,train
BNE_654014_ccrop.jpg,Neutrophil,small,round,unsegmented-band,low,densely,no,clear,light blue,small,pink,yes,BNE_654014_ccrop.jpg,train
BNE_654315_ccrop.jpg,Neutrophil,big,irregular,unsegmented-band,low,densely,no,clear,light blue,small,pink,yes,BNE_654315_ccrop.jpg,train
BNE_656115_ccrop.jpg,Neutrophil,big,round,unsegmented-band,low,densely,no,clear,light blue,small,pink,yes,BNE_656115_ccrop.jpg,train
BNE_657003_ccrop.jpg,Neutrophil,big,round,unsegmented-band,low,densely,no,clear,light blue,small,pink,yes,BNE_657003_ccrop.jpg,train
BNE_657751_ccrop.jpg,Neutrophil,big,round,unsegmented-band,low,loosely,no,clear,light blue,small,pink,yes,BNE_657751_ccrop.jpg,train
BNE_658440_ccrop.jpg,Neutrophil,big,round,unsegmented-band,low,densely,no,clear,light blue,small,pink,yes,BNE_658440_ccrop.jpg,train
BNE_658776_ccrop.jpg,Neutrophil,small,irregular,unsegmented-band,low,densely,no,clear,light blue,small,pink,yes,BNE_658776_ccrop.jpg,train
BNE_659216_ccrop.jpg,Neutrophil,small,round,unsegmented-band,low,densely,no,clear,light blue,small,pink,yes,BNE_659216_ccrop.jpg,train
BNE_659430_ccrop.jpg,Neutrophil,big,irregular,unsegmented-band,low,densely,no,clear,light blue,small,pink,yes,BNE_659430_ccrop.jpg,train
BNE_660663_ccrop.jpg,Neutrophil,small,irregular,unsegmented-band,low,densely,yes,clear,light blue,small,pink,yes,BNE_660663_ccrop.jpg,train
BNE_661607_ccrop.jpg,Neutrophil,big,round,unsegmented-band,low,densely,no,clear,light blue,small,pink,yes,BNE_661607_ccrop.jpg,train
BNE_661686_ccrop.jpg,Neutrophil,small,round,unsegmented-band,low,densely,no,clear,light blue,small,pink,yes,BNE_661686_ccrop.jpg,train
BNE_66389_ccrop.jpg,Neutrophil,small,round,unsegmented-band,low,densely,no,clear,light blue,small,pink,yes,BNE_66389_ccrop.jpg,train
BNE_664457_ccrop.jpg,Neutrophil,small,round,unsegmented-band,low,loosely,no,clear,light blue,small,purple,yes,BNE_664457_ccrop.jpg,train
BNE_666016_ccrop.jpg,Neutrophil,small,round,unsegmented-band,low,densely,no,clear,light blue,small,pink,yes,BNE_666016_ccrop.jpg,train
BNE_666824_ccrop.jpg,Neutrophil,small,irregular,unsegmented-band,low,densely,yes,clear,light blue,small,pink,yes,BNE_666824_ccrop.jpg,train
BNE_667822_ccrop.jpg,Neutrophil,big,round,unsegmented-band,low,loosely,no,clear,light blue,small,pink,yes,BNE_667822_ccrop.jpg,train
BNE_669603_ccrop.jpg,Neutrophil,small,round,unsegmented-band,low,densely,no,clear,light blue,small,pink,yes,BNE_669603_ccrop.jpg,train
BNE_671120_ccrop.jpg,Neutrophil,small,round,unsegmented-band,low,densely,no,clear,light blue,small,pink,yes,BNE_671120_ccrop.jpg,train
BNE_671277_ccrop.jpg,Neutrophil,big,irregular,unsegmented-band,low,densely,no,clear,light blue,small,pink,yes,BNE_671277_ccrop.jpg,train
BNE_67131_ccrop.jpg,Neutrophil,small,round,unsegmented-band,low,densely,no,clear,light blue,small,pink,yes,BNE_67131_ccrop.jpg,train
BNE_672329_ccrop.jpg,Neutrophil,big,round,unsegmented-band,low,densely,no,clear,light blue,small,pink,yes,BNE_672329_ccrop.jpg,train
BNE_673108_ccrop.jpg,Neutrophil,big,round,unsegmented-band,low,loosely,no,clear,light blue,small,pink,yes,BNE_673108_ccrop.jpg,train
BNE_67367_ccrop.jpg,Neutrophil,big,round,unsegmented-band,low,densely,no,clear,light blue,small,pink,yes,BNE_67367_ccrop.jpg,train
BNE_674224_ccrop.jpg,Neutrophil,big,round,unsegmented-band,low,densely,no,clear,light blue,small,pink,yes,BNE_674224_ccrop.jpg,train
BNE_676841_ccrop.jpg,Neutrophil,small,round,unsegmented-band,low,densely,no,clear,light blue,small,pink,yes,BNE_676841_ccrop.jpg,train
BNE_676979_ccrop.jpg,Neutrophil,big,round,unsegmented-band,low,densely,no,clear,light blue,small,pink,yes,BNE_676979_ccrop.jpg,train
BNE_677665_ccrop.jpg,Neutrophil,small,round,unsegmented-band,low,densely,no,clear,light blue,small,pink,yes,BNE_677665_ccrop.jpg,train
BNE_679904_ccrop.jpg,Neutrophil,small,round,unsegmented-band,low,densely,no,clear,light blue,small,pink,yes,BNE_679904_ccrop.jpg,train
BNE_680440_ccrop.jpg,Neutrophil,big,irregular,unsegmented-band,low,densely,no,clear,light blue,small,pink,yes,BNE_680440_ccrop.jpg,train
BNE_680877_ccrop.jpg,Neutrophil,small,round,unsegmented-band,low,densely,no,clear,light blue,small,pink,yes,BNE_680877_ccrop.jpg,train
BNE_681134_ccrop.jpg,Neutrophil,small,round,unsegmented-band,low,densely,no,clear,light blue,small,pink,yes,BNE_681134_ccrop.jpg,train
BNE_68390_ccrop.jpg,Neutrophil,big,round,unsegmented-band,low,densely,no,clear,light blue,small,pink,yes,BNE_68390_ccrop.jpg,train
BNE_685199_ccrop.jpg,Neutrophil,big,round,unsegmented-band,low,densely,no,clear,light blue,small,pink,yes,BNE_685199_ccrop.jpg,train
BNE_686136_ccrop.jpg,Neutrophil,big,round,unsegmented-band,low,loosely,no,clear,light blue,small,pink,yes,BNE_686136_ccrop.jpg,train
BNE_686296_ccrop.jpg,Neutrophil,big,round,unsegmented-band,low,loosely,no,clear,light blue,small,pink,yes,BNE_686296_ccrop.jpg,train
BNE_688044_ccrop.jpg,Neutrophil,small,round,unsegmented-band,low,densely,no,clear,light blue,small,pink,yes,BNE_688044_ccrop.jpg,train
BNE_688321_ccrop.jpg,Neutrophil,small,round,unsegmented-band,low,densely,yes,clear,light blue,small,pink,yes,BNE_688321_ccrop.jpg,train
BNE_689617_ccrop.jpg,Neutrophil,big,round,unsegmented-band,low,densely,no,clear,light blue,small,pink,yes,BNE_689617_ccrop.jpg,train
BNE_69105_ccrop.jpg,Neutrophil,small,irregular,unsegmented-band,low,densely,no,clear,light blue,small,pink,yes,BNE_69105_ccrop.jpg,train
BNE_692510_ccrop.jpg,Neutrophil,small,round,unsegmented-band,low,densely,no,clear,light blue,small,pink,yes,BNE_692510_ccrop.jpg,train
BNE_693172_ccrop.jpg,Neutrophil,big,round,unsegmented-band,low,densely,no,clear,light blue,small,pink,yes,BNE_693172_ccrop.jpg,train
BNE_695422_ccrop.jpg,Neutrophil,big,round,unsegmented-band,low,densely,no,clear,light blue,small,pink,yes,BNE_695422_ccrop.jpg,train
BNE_69587_ccrop.jpg,Neutrophil,big,round,unsegmented-band,low,densely,no,clear,light blue,small,pink,yes,BNE_69587_ccrop.jpg,train
BNE_698717_ccrop.jpg,Neutrophil,big,round,unsegmented-band,low,densely,no,clear,light blue,small,pink,yes,BNE_698717_ccrop.jpg,train
BNE_700622_ccrop.jpg,Neutrophil,small,round,unsegmented-band,low,densely,no,clear,light blue,small,pink,yes,BNE_700622_ccrop.jpg,train
BNE_705327_ccrop.jpg,Neutrophil,big,irregular,unsegmented-band,low,loosely,no,clear,light blue,small,pink,yes,BNE_705327_ccrop.jpg,train
BNE_705602_ccrop.jpg,Neutrophil,small,round,unsegmented-band,low,densely,no,clear,light blue,small,pink,yes,BNE_705602_ccrop.jpg,train
BNE_706135_ccrop.jpg,Neutrophil,small,round,unsegmented-band,low,densely,no,clear,light blue,small,pink,yes,BNE_706135_ccrop.jpg,train
BNE_706305_ccrop.jpg,Neutrophil,small,round,unsegmented-band,low,loosely,no,clear,light blue,small,pink,yes,BNE_706305_ccrop.jpg,train
BNE_707813_ccrop.jpg,Neutrophil,big,round,unsegmented-band,low,loosely,no,clear,light blue,nil,nil,no,BNE_707813_ccrop.jpg,train
BNE_709653_ccrop.jpg,Neutrophil,big,round,unsegmented-band,low,densely,no,clear,light blue,small,pink,yes,BNE_709653_ccrop.jpg,train
BNE_709975_ccrop.jpg,Neutrophil,big,round,unsegmented-band,low,densely,no,clear,light blue,small,pink,yes,BNE_709975_ccrop.jpg,train
BNE_710070_ccrop.jpg,Neutrophil,big,round,unsegmented-band,low,loosely,no,clear,light blue,small,pink,yes,BNE_710070_ccrop.jpg,train
BNE_711852_ccrop.jpg,Neutrophil,big,round,unsegmented-band,low,densely,no,clear,light blue,small,pink,yes,BNE_711852_ccrop.jpg,train
BNE_7119_ccrop.jpg,Neutrophil,small,round,unsegmented-band,low,densely,no,clear,light blue,small,pink,yes,BNE_7119_ccrop.jpg,train
BNE_713975_ccrop.jpg,Neutrophil,small,round,unsegmented-band,low,densely,no,clear,light blue,small,pink,yes,BNE_713975_ccrop.jpg,train
BNE_715_ccrop.jpg,Neutrophil,small,round,unsegmented-band,low,densely,no,clear,light blue,small,pink,yes,BNE_715_ccrop.jpg,train
BNE_715693_ccrop.jpg,Neutrophil,big,round,unsegmented-band,low,densely,no,clear,light blue,small,pink,yes,BNE_715693_ccrop.jpg,train
BNE_717710_ccrop.jpg,Neutrophil,small,round,unsegmented-band,low,densely,no,clear,light blue,small,pink,yes,BNE_717710_ccrop.jpg,train
BNE_718921_ccrop.jpg,Neutrophil,big,irregular,unsegmented-band,low,densely,no,clear,light blue,small,pink,yes,BNE_718921_ccrop.jpg,train
BNE_719511_ccrop.jpg,Neutrophil,small,round,unsegmented-band,low,densely,no,clear,light blue,small,pink,yes,BNE_719511_ccrop.jpg,train
BNE_720143_ccrop.jpg,Neutrophil,big,round,unsegmented-band,low,densely,no,clear,light blue,small,pink,yes,BNE_720143_ccrop.jpg,train
BNE_721486_ccrop.jpg,Neutrophil,small,round,unsegmented-band,low,densely,no,clear,light blue,small,pink,yes,BNE_721486_ccrop.jpg,train
BNE_722116_ccrop.jpg,Neutrophil,small,round,unsegmented-band,low,densely,no,clear,light blue,small,pink,yes,BNE_722116_ccrop.jpg,train
BNE_723261_ccrop.jpg,Neutrophil,big,irregular,unsegmented-band,low,loosely,no,clear,light blue,small,pink,yes,BNE_723261_ccrop.jpg,train
BNE_724027_ccrop.jpg,Neutrophil,big,round,unsegmented-band,low,densely,no,clear,light blue,small,pink,yes,BNE_724027_ccrop.jpg,train
BNE_725869_ccrop.jpg,Neutrophil,small,round,unsegmented-band,low,densely,no,clear,light blue,small,pink,yes,BNE_725869_ccrop.jpg,train
BNE_725999_ccrop.jpg,Neutrophil,big,round,segmented-bilobed,low,densely,no,clear,light blue,small,pink,yes,BNE_725999_ccrop.jpg,train
BNE_726027_ccrop.jpg,Neutrophil,small,round,unsegmented-band,low,densely,no,clear,light blue,small,pink,yes,BNE_726027_ccrop.jpg,train
BNE_726259_ccrop.jpg,Neutrophil,big,round,unsegmented-band,low,loosely,no,clear,light blue,small,pink,yes,BNE_726259_ccrop.jpg,train
BNE_726666_ccrop.jpg,Neutrophil,big,round,unsegmented-band,low,densely,no,clear,light blue,small,pink,yes,BNE_726666_ccrop.jpg,train
BNE_727973_ccrop.jpg,Neutrophil,big,round,unsegmented-band,low,densely,no,clear,light blue,small,pink,yes,BNE_727973_ccrop.jpg,train
BNE_728500_ccrop.jpg,Neutrophil,small,round,unsegmented-band,low,densely,no,clear,light blue,small,pink,yes,BNE_728500_ccrop.jpg,train
BNE_73023_ccrop.jpg,Neutrophil,small,round,unsegmented-band,low,densely,no,clear,light blue,small,pink,yes,BNE_73023_ccrop.jpg,train
BNE_731008_ccrop.jpg,Neutrophil,big,round,unsegmented-band,low,densely,no,clear,light blue,small,pink,yes,BNE_731008_ccrop.jpg,train
BNE_733085_ccrop.jpg,Neutrophil,big,round,unsegmented-band,low,loosely,no,clear,light blue,small,pink,yes,BNE_733085_ccrop.jpg,train
BNE_733616_ccrop.jpg,Neutrophil,small,round,unsegmented-band,low,densely,no,clear,light blue,small,pink,yes,BNE_733616_ccrop.jpg,train
BNE_733916_ccrop.jpg,Neutrophil,small,round,unsegmented-band,low,densely,no,clear,light blue,small,pink,yes,BNE_733916_ccrop.jpg,train
BNE_734001_ccrop.jpg,Neutrophil,small,round,unsegmented-band,low,loosely,no,clear,light blue,small,pink,yes,BNE_734001_ccrop.jpg,train
BNE_734804_ccrop.jpg,Neutrophil,small,round,unsegmented-band,low,densely,no,clear,light blue,small,pink,yes,BNE_734804_ccrop.jpg,train
BNE_734929_ccrop.jpg,Neutrophil,small,round,unsegmented-band,low,densely,no,clear,light blue,small,pink,yes,BNE_734929_ccrop.jpg,train
BNE_739399_ccrop.jpg,Neutrophil,big,round,unsegmented-band,low,densely,no,clear,light blue,small,pink,yes,BNE_739399_ccrop.jpg,train
BNE_739805_ccrop.jpg,Neutrophil,big,round,unsegmented-band,low,densely,no,clear,light blue,small,pink,yes,BNE_739805_ccrop.jpg,train
BNE_740551_ccrop.jpg,Neutrophil,small,round,unsegmented-band,low,densely,no,clear,light blue,small,pink,yes,BNE_740551_ccrop.jpg,train
BNE_741104_ccrop.jpg,Neutrophil,small,round,unsegmented-band,low,densely,no,clear,light blue,small,pink,yes,BNE_741104_ccrop.jpg,train
BNE_74120_ccrop.jpg,Neutrophil,small,round,unsegmented-band,low,densely,no,clear,light blue,small,pink,yes,BNE_74120_ccrop.jpg,train
BNE_742479_ccrop.jpg,Neutrophil,big,round,unsegmented-band,low,densely,no,clear,light blue,small,pink,yes,BNE_742479_ccrop.jpg,train
BNE_742515_ccrop.jpg,Neutrophil,small,irregular,unsegmented-round,low,densely,no,clear,light blue,small,pink,yes,BNE_742515_ccrop.jpg,train
BNE_746471_ccrop.jpg,Neutrophil,small,round,unsegmented-band,low,densely,no,clear,light blue,small,pink,yes,BNE_746471_ccrop.jpg,train
BNE_746634_ccrop.jpg,Neutrophil,small,irregular,unsegmented-band,low,densely,no,clear,light blue,small,pink,yes,BNE_746634_ccrop.jpg,train
BNE_747852_ccrop.jpg,Neutrophil,big,irregular,unsegmented-band,low,densely,no,clear,light blue,small,pink,yes,BNE_747852_ccrop.jpg,train
BNE_748706_ccrop.jpg,Neutrophil,big,irregular,unsegmented-band,low,densely,no,clear,light blue,small,pink,yes,BNE_748706_ccrop.jpg,train
BNE_749180_ccrop.jpg,Neutrophil,big,irregular,unsegmented-band,low,densely,no,clear,light blue,small,pink,yes,BNE_749180_ccrop.jpg,train
BNE_751887_ccrop.jpg,Neutrophil,small,round,unsegmented-band,low,densely,no,clear,light blue,small,pink,yes,BNE_751887_ccrop.jpg,train
BNE_752441_ccrop.jpg,Neutrophil,small,round,unsegmented-band,low,densely,no,clear,light blue,small,pink,yes,BNE_752441_ccrop.jpg,train
BNE_752984_ccrop.jpg,Neutrophil,small,round,unsegmented-band,low,densely,yes,clear,light blue,small,pink,yes,BNE_752984_ccrop.jpg,train
BNE_756237_ccrop.jpg,Neutrophil,small,round,unsegmented-band,low,densely,no,clear,light blue,small,pink,yes,BNE_756237_ccrop.jpg,train
BNE_757613_ccrop.jpg,Neutrophil,small,round,unsegmented-band,low,densely,no,clear,light blue,small,pink,yes,BNE_757613_ccrop.jpg,train
BNE_760262_ccrop.jpg,Neutrophil,big,irregular,unsegmented-band,low,densely,no,clear,light blue,small,pink,yes,BNE_760262_ccrop.jpg,train
BNE_760668_ccrop.jpg,Neutrophil,small,round,unsegmented-band,low,densely,no,clear,light blue,small,pink,yes,BNE_760668_ccrop.jpg,train
BNE_761275_ccrop.jpg,Neutrophil,big,round,unsegmented-band,low,densely,no,clear,light blue,small,pink,yes,BNE_761275_ccrop.jpg,train
BNE_761456_ccrop.jpg,Neutrophil,small,round,unsegmented-band,low,densely,no,clear,light blue,small,pink,yes,BNE_761456_ccrop.jpg,train
BNE_761523_ccrop.jpg,Neutrophil,small,round,unsegmented-band,low,densely,no,clear,light blue,small,pink,yes,BNE_761523_ccrop.jpg,train
BNE_762064_ccrop.jpg,Neutrophil,small,round,unsegmented-band,low,densely,no,clear,light blue,small,pink,yes,BNE_762064_ccrop.jpg,train
BNE_762145_ccrop.jpg,Neutrophil,small,irregular,irregular,low,densely,no,clear,light blue,small,pink,yes,BNE_762145_ccrop.jpg,train
BNE_762565_ccrop.jpg,Neutrophil,big,round,unsegmented-band,low,densely,no,clear,light blue,small,pink,yes,BNE_762565_ccrop.jpg,train
BNE_764108_ccrop.jpg,Neutrophil,big,irregular,unsegmented-band,low,densely,no,clear,light blue,small,pink,yes,BNE_764108_ccrop.jpg,train
BNE_764437_ccrop.jpg,Neutrophil,big,round,unsegmented-band,low,densely,no,clear,light blue,small,pink,yes,BNE_764437_ccrop.jpg,train
BNE_765092_ccrop.jpg,Neutrophil,big,round,segmented-bilobed,low,densely,no,clear,light blue,small,pink,yes,BNE_765092_ccrop.jpg,train
BNE_766669_ccrop.jpg,Neutrophil,big,round,unsegmented-band,low,densely,no,clear,light blue,small,pink,yes,BNE_766669_ccrop.jpg,train
BNE_767862_ccrop.jpg,Neutrophil,big,round,unsegmented-band,low,densely,no,clear,light blue,small,pink,yes,BNE_767862_ccrop.jpg,train
BNE_771331_ccrop.jpg,Neutrophil,big,round,unsegmented-band,low,densely,no,clear,light blue,small,pink,yes,BNE_771331_ccrop.jpg,train
BNE_772616_ccrop.jpg,Neutrophil,big,round,segmented-bilobed,low,densely,no,clear,light blue,small,pink,yes,BNE_772616_ccrop.jpg,train
BNE_772825_ccrop.jpg,Neutrophil,small,round,unsegmented-band,low,densely,no,clear,light blue,small,pink,yes,BNE_772825_ccrop.jpg,train
BNE_773314_ccrop.jpg,Neutrophil,big,round,unsegmented-band,low,densely,no,clear,light blue,small,pink,yes,BNE_773314_ccrop.jpg,train
BNE_775595_ccrop.jpg,Neutrophil,small,round,unsegmented-band,low,densely,no,clear,light blue,small,pink,yes,BNE_775595_ccrop.jpg,train
BNE_77701_ccrop.jpg,Neutrophil,small,round,unsegmented-band,low,densely,no,clear,light blue,small,pink,yes,BNE_77701_ccrop.jpg,train
BNE_777460_ccrop.jpg,Neutrophil,big,irregular,unsegmented-band,low,densely,no,clear,light blue,small,pink,yes,BNE_777460_ccrop.jpg,train
BNE_779628_ccrop.jpg,Neutrophil,small,round,unsegmented-band,low,densely,no,clear,light blue,small,pink,yes,BNE_779628_ccrop.jpg,train
BNE_779767_ccrop.jpg,Neutrophil,big,round,unsegmented-band,low,densely,no,clear,light blue,small,purple,yes,BNE_779767_ccrop.jpg,train
BNE_781944_ccrop.jpg,Neutrophil,small,round,unsegmented-band,low,densely,no,clear,light blue,small,pink,yes,BNE_781944_ccrop.jpg,train
BNE_782010_ccrop.jpg,Neutrophil,big,round,unsegmented-band,low,densely,no,clear,light blue,small,purple,yes,BNE_782010_ccrop.jpg,train
BNE_784357_ccrop.jpg,Neutrophil,small,round,unsegmented-band,low,densely,no,clear,light blue,small,pink,yes,BNE_784357_ccrop.jpg,train
BNE_78757_ccrop.jpg,Neutrophil,small,irregular,unsegmented-round,high,densely,no,clear,light blue,small,pink,yes,BNE_78757_ccrop.jpg,train
BNE_788086_ccrop.jpg,Neutrophil,small,round,unsegmented-band,low,densely,no,clear,light blue,small,pink,yes,BNE_788086_ccrop.jpg,train
BNE_789640_ccrop.jpg,Neutrophil,small,round,unsegmented-band,low,densely,no,clear,light blue,small,pink,yes,BNE_789640_ccrop.jpg,train
BNE_791436_ccrop.jpg,Neutrophil,small,round,unsegmented-band,low,densely,no,clear,light blue,small,pink,yes,BNE_791436_ccrop.jpg,train
BNE_792019_ccrop.jpg,Neutrophil,big,round,unsegmented-band,low,densely,no,clear,light blue,small,pink,yes,BNE_792019_ccrop.jpg,train
BNE_792451_ccrop.jpg,Neutrophil,big,irregular,unsegmented-band,low,densely,no,clear,light blue,small,pink,yes,BNE_792451_ccrop.jpg,train
BNE_793103_ccrop.jpg,Neutrophil,small,round,unsegmented-band,low,densely,yes,clear,light blue,small,pink,yes,BNE_793103_ccrop.jpg,train
BNE_795618_ccrop.jpg,Neutrophil,big,round,unsegmented-band,low,densely,no,clear,light blue,small,pink,yes,BNE_795618_ccrop.jpg,train
BNE_79688_ccrop.jpg,Neutrophil,small,round,unsegmented-band,low,densely,no,clear,light blue,small,pink,yes,BNE_79688_ccrop.jpg,train
BNE_797843_ccrop.jpg,Neutrophil,big,round,segmented-bilobed,low,densely,no,clear,light blue,small,pink,yes,BNE_797843_ccrop.jpg,train
BNE_79939_ccrop.jpg,Neutrophil,small,round,unsegmented-band,low,densely,no,clear,light blue,small,pink,yes,BNE_79939_ccrop.jpg,train
BNE_799391_ccrop.jpg,Neutrophil,small,round,unsegmented-band,low,densely,no,clear,light blue,small,pink,yes,BNE_799391_ccrop.jpg,train
BNE_799584_ccrop.jpg,Neutrophil,big,irregular,unsegmented-band,low,densely,no,clear,light blue,small,pink,yes,BNE_799584_ccrop.jpg,train
BNE_800976_ccrop.jpg,Neutrophil,small,irregular,unsegmented-band,low,densely,no,clear,light blue,small,purple,yes,BNE_800976_ccrop.jpg,train
BNE_801234_ccrop.jpg,Neutrophil,big,round,irregular,low,densely,no,clear,light blue,small,pink,yes,BNE_801234_ccrop.jpg,train
BNE_801860_ccrop.jpg,Neutrophil,small,round,unsegmented-band,low,densely,no,clear,light blue,small,pink,yes,BNE_801860_ccrop.jpg,train
BNE_802726_ccrop.jpg,Neutrophil,big,irregular,unsegmented-band,low,densely,no,clear,light blue,small,pink,yes,BNE_802726_ccrop.jpg,train
BNE_803184_ccrop.jpg,Neutrophil,small,round,unsegmented-band,low,densely,no,clear,light blue,small,pink,yes,BNE_803184_ccrop.jpg,train
BNE_804375_ccrop.jpg,Neutrophil,small,round,unsegmented-band,low,densely,no,clear,light blue,small,pink,yes,BNE_804375_ccrop.jpg,train
BNE_804691_ccrop.jpg,Neutrophil,big,round,unsegmented-band,low,densely,no,clear,light blue,small,pink,yes,BNE_804691_ccrop.jpg,train
BNE_806131_ccrop.jpg,Neutrophil,big,irregular,segmented-bilobed,low,densely,no,clear,light blue,small,pink,yes,BNE_806131_ccrop.jpg,train
BNE_806828_ccrop.jpg,Neutrophil,big,irregular,unsegmented-band,low,densely,no,clear,light blue,small,pink,yes,BNE_806828_ccrop.jpg,train
BNE_808076_ccrop.jpg,Neutrophil,big,round,unsegmented-band,low,densely,no,clear,light blue,small,pink,yes,BNE_808076_ccrop.jpg,train
BNE_808310_ccrop.jpg,Neutrophil,big,round,unsegmented-band,low,densely,no,clear,light blue,small,pink,yes,BNE_808310_ccrop.jpg,train
BNE_808960_ccrop.jpg,Neutrophil,big,round,unsegmented-band,low,densely,no,clear,light blue,small,pink,yes,BNE_808960_ccrop.jpg,train
BNE_809009_ccrop.jpg,Neutrophil,big,irregular,unsegmented-band,low,densely,no,clear,light blue,small,pink,yes,BNE_809009_ccrop.jpg,train
BNE_811882_ccrop.jpg,Neutrophil,big,round,unsegmented-band,low,densely,no,clear,light blue,small,pink,yes,BNE_811882_ccrop.jpg,train
BNE_812672_ccrop.jpg,Neutrophil,big,irregular,unsegmented-band,low,densely,no,clear,light blue,small,pink,yes,BNE_812672_ccrop.jpg,train
BNE_815174_ccrop.jpg,Neutrophil,small,round,unsegmented-band,low,densely,no,clear,light blue,small,pink,yes,BNE_815174_ccrop.jpg,train
BNE_816231_ccrop.jpg,Neutrophil,small,round,unsegmented-band,low,densely,no,clear,light blue,small,pink,yes,BNE_816231_ccrop.jpg,train
BNE_817538_ccrop.jpg,Neutrophil,big,irregular,unsegmented-band,low,densely,no,clear,light blue,small,pink,yes,BNE_817538_ccrop.jpg,train
BNE_81960_ccrop.jpg,Neutrophil,small,round,unsegmented-band,low,densely,no,clear,light blue,small,pink,yes,BNE_81960_ccrop.jpg,train
BNE_821631_ccrop.jpg,Neutrophil,small,round,unsegmented-band,low,densely,no,clear,light blue,small,pink,yes,BNE_821631_ccrop.jpg,train
BNE_822053_ccrop.jpg,Neutrophil,small,round,unsegmented-band,low,densely,no,clear,light blue,small,pink,yes,BNE_822053_ccrop.jpg,train
BNE_822503_ccrop.jpg,Neutrophil,big,irregular,unsegmented-band,low,densely,no,clear,light blue,small,pink,yes,BNE_822503_ccrop.jpg,train
BNE_823036_ccrop.jpg,Neutrophil,small,round,unsegmented-band,low,densely,no,clear,light blue,small,pink,yes,BNE_823036_ccrop.jpg,train
BNE_823583_ccrop.jpg,Neutrophil,small,round,unsegmented-band,low,densely,no,clear,light blue,small,pink,yes,BNE_823583_ccrop.jpg,train
BNE_823690_ccrop.jpg,Neutrophil,small,round,unsegmented-band,low,densely,no,clear,light blue,small,pink,yes,BNE_823690_ccrop.jpg,train
BNE_82472_ccrop.jpg,Neutrophil,small,round,unsegmented-band,low,densely,no,clear,light blue,small,pink,yes,BNE_82472_ccrop.jpg,train
BNE_824725_ccrop.jpg,Neutrophil,small,round,unsegmented-band,low,densely,no,clear,light blue,small,pink,yes,BNE_824725_ccrop.jpg,train
BNE_824932_ccrop.jpg,Neutrophil,big,round,unsegmented-band,low,densely,no,clear,light blue,small,pink,yes,BNE_824932_ccrop.jpg,train
BNE_82534_ccrop.jpg,Neutrophil,big,round,unsegmented-band,low,densely,no,clear,light blue,small,pink,yes,BNE_82534_ccrop.jpg,train
BNE_826046_ccrop.jpg,Neutrophil,small,round,unsegmented-band,low,densely,no,clear,light blue,small,pink,yes,BNE_826046_ccrop.jpg,train
BNE_827980_ccrop.jpg,Neutrophil,small,round,unsegmented-band,low,densely,no,clear,light blue,small,pink,yes,BNE_827980_ccrop.jpg,train
BNE_831028_ccrop.jpg,Neutrophil,big,round,unsegmented-band,low,densely,no,clear,light blue,small,pink,yes,BNE_831028_ccrop.jpg,train
BNE_832896_ccrop.jpg,Neutrophil,big,round,irregular,low,densely,yes,clear,light blue,small,pink,yes,BNE_832896_ccrop.jpg,train
BNE_834526_ccrop.jpg,Neutrophil,big,round,unsegmented-band,low,densely,no,clear,light blue,small,pink,yes,BNE_834526_ccrop.jpg,train
BNE_835325_ccrop.jpg,Neutrophil,big,irregular,unsegmented-band,low,densely,no,clear,light blue,small,pink,yes,BNE_835325_ccrop.jpg,train
BNE_836973_ccrop.jpg,Neutrophil,big,irregular,unsegmented-band,low,densely,yes,clear,light blue,small,pink,yes,BNE_836973_ccrop.jpg,train
BNE_83730_ccrop.jpg,Neutrophil,small,round,segmented-multilobed,low,densely,no,clear,light blue,small,pink,yes,BNE_83730_ccrop.jpg,train
BNE_838831_ccrop.jpg,Neutrophil,big,round,unsegmented-band,low,densely,no,clear,light blue,small,pink,yes,BNE_838831_ccrop.jpg,train
BNE_839288_ccrop.jpg,Neutrophil,small,round,unsegmented-band,low,densely,no,clear,light blue,small,pink,yes,BNE_839288_ccrop.jpg,train
BNE_839402_ccrop.jpg,Neutrophil,big,round,unsegmented-band,low,densely,no,clear,light blue,small,pink,yes,BNE_839402_ccrop.jpg,train
BNE_839791_ccrop.jpg,Neutrophil,small,round,unsegmented-band,low,densely,no,clear,light blue,small,pink,yes,BNE_839791_ccrop.jpg,train
BNE_840_ccrop.jpg,Neutrophil,big,round,unsegmented-band,low,densely,no,clear,light blue,small,purple,yes,BNE_840_ccrop.jpg,train
BNE_840660_ccrop.jpg,Neutrophil,small,round,irregular,low,densely,no,clear,light blue,small,pink,yes,BNE_840660_ccrop.jpg,train
BNE_841928_ccrop.jpg,Neutrophil,small,round,unsegmented-band,low,densely,no,clear,light blue,small,pink,yes,BNE_841928_ccrop.jpg,train
BNE_843954_ccrop.jpg,Neutrophil,big,round,unsegmented-band,low,densely,no,clear,light blue,small,pink,yes,BNE_843954_ccrop.jpg,train
BNE_844957_ccrop.jpg,Neutrophil,small,round,unsegmented-band,low,densely,no,clear,light blue,small,pink,yes,BNE_844957_ccrop.jpg,train
BNE_847110_ccrop.jpg,Neutrophil,big,round,unsegmented-band,low,densely,no,clear,light blue,small,pink,yes,BNE_847110_ccrop.jpg,train
BNE_848343_ccrop.jpg,Neutrophil,small,round,unsegmented-band,low,densely,no,clear,light blue,small,pink,yes,BNE_848343_ccrop.jpg,train
BNE_848534_ccrop.jpg,Neutrophil,big,round,unsegmented-band,low,densely,no,clear,light blue,small,pink,yes,BNE_848534_ccrop.jpg,train
BNE_854167_ccrop.jpg,Neutrophil,big,round,unsegmented-band,low,densely,no,clear,light blue,small,pink,yes,BNE_854167_ccrop.jpg,train
BNE_856696_ccrop.jpg,Neutrophil,small,round,unsegmented-band,low,densely,no,clear,light blue,small,pink,yes,BNE_856696_ccrop.jpg,train
BNE_857398_ccrop.jpg,Neutrophil,small,round,unsegmented-band,low,densely,no,clear,light blue,small,pink,yes,BNE_857398_ccrop.jpg,train
BNE_859196_ccrop.jpg,Neutrophil,big,round,unsegmented-band,low,densely,no,clear,light blue,small,pink,yes,BNE_859196_ccrop.jpg,train
BNE_859701_ccrop.jpg,Neutrophil,big,round,unsegmented-band,low,densely,no,clear,light blue,small,pink,yes,BNE_859701_ccrop.jpg,train
BNE_859996_ccrop.jpg,Neutrophil,big,round,unsegmented-band,low,densely,no,clear,light blue,small,pink,yes,BNE_859996_ccrop.jpg,train
BNE_860847_ccrop.jpg,Neutrophil,big,irregular,unsegmented-band,low,densely,no,clear,light blue,small,pink,yes,BNE_860847_ccrop.jpg,train
BNE_862425_ccrop.jpg,Neutrophil,small,irregular,unsegmented-band,low,densely,yes,clear,light blue,small,pink,yes,BNE_862425_ccrop.jpg,train
BNE_862711_ccrop.jpg,Neutrophil,small,round,unsegmented-band,low,densely,no,clear,light blue,small,pink,yes,BNE_862711_ccrop.jpg,train
BNE_862836_ccrop.jpg,Neutrophil,big,irregular,unsegmented-band,low,densely,yes,clear,light blue,small,pink,yes,BNE_862836_ccrop.jpg,train
BNE_864540_ccrop.jpg,Neutrophil,small,round,unsegmented-band,low,densely,no,clear,light blue,small,purple,yes,BNE_864540_ccrop.jpg,train
BNE_864705_ccrop.jpg,Neutrophil,small,round,unsegmented-band,low,densely,no,clear,light blue,small,pink,yes,BNE_864705_ccrop.jpg,train
BNE_864750_ccrop.jpg,Neutrophil,big,round,unsegmented-band,low,densely,no,clear,light blue,small,pink,yes,BNE_864750_ccrop.jpg,train
BNE_866979_ccrop.jpg,Neutrophil,small,round,unsegmented-band,low,densely,yes,clear,light blue,small,pink,yes,BNE_866979_ccrop.jpg,train
BNE_866984_ccrop.jpg,Neutrophil,small,round,unsegmented-band,low,densely,no,clear,light blue,small,pink,yes,BNE_866984_ccrop.jpg,train
BNE_867430_ccrop.jpg,Neutrophil,small,round,unsegmented-band,low,densely,no,clear,light blue,small,pink,yes,BNE_867430_ccrop.jpg,train
BNE_868025_ccrop.jpg,Neutrophil,small,round,unsegmented-band,low,densely,no,clear,light blue,small,pink,yes,BNE_868025_ccrop.jpg,train
BNE_870136_ccrop.jpg,Neutrophil,small,irregular,unsegmented-band,low,densely,no,clear,light blue,small,pink,yes,BNE_870136_ccrop.jpg,train
BNE_871991_ccrop.jpg,Neutrophil,small,round,unsegmented-band,low,densely,no,clear,light blue,small,pink,yes,BNE_871991_ccrop.jpg,train
BNE_873174_ccrop.jpg,Neutrophil,big,round,unsegmented-band,low,densely,no,clear,light blue,small,pink,yes,BNE_873174_ccrop.jpg,train
BNE_873673_ccrop.jpg,Neutrophil,big,round,unsegmented-band,low,densely,no,clear,light blue,small,pink,yes,BNE_873673_ccrop.jpg,train
BNE_874580_ccrop.jpg,Neutrophil,big,round,unsegmented-band,low,densely,no,clear,light blue,small,pink,yes,BNE_874580_ccrop.jpg,train
BNE_875008_ccrop.jpg,Neutrophil,small,round,unsegmented-band,low,densely,no,clear,light blue,small,pink,yes,BNE_875008_ccrop.jpg,train
BNE_875631_ccrop.jpg,Neutrophil,small,round,unsegmented-band,low,densely,no,clear,light blue,small,pink,yes,BNE_875631_ccrop.jpg,train
BNE_877775_ccrop.jpg,Neutrophil,small,round,unsegmented-band,low,densely,no,clear,light blue,small,pink,yes,BNE_877775_ccrop.jpg,train
BNE_878373_ccrop.jpg,Neutrophil,big,round,unsegmented-band,low,densely,no,clear,light blue,small,pink,yes,BNE_878373_ccrop.jpg,train
BNE_878990_ccrop.jpg,Neutrophil,big,irregular,unsegmented-band,low,densely,yes,clear,light blue,small,pink,yes,BNE_878990_ccrop.jpg,train
BNE_879421_ccrop.jpg,Neutrophil,small,round,unsegmented-band,low,densely,no,clear,light blue,small,pink,yes,BNE_879421_ccrop.jpg,train
BNE_881009_ccrop.jpg,Neutrophil,big,round,unsegmented-band,low,densely,no,clear,light blue,small,pink,yes,BNE_881009_ccrop.jpg,train
BNE_882003_ccrop.jpg,Neutrophil,small,round,unsegmented-band,low,densely,no,clear,light blue,small,pink,yes,BNE_882003_ccrop.jpg,train
BNE_883125_ccrop.jpg,Neutrophil,small,round,unsegmented-band,low,densely,no,clear,light blue,small,pink,yes,BNE_883125_ccrop.jpg,train
BNE_883723_ccrop.jpg,Neutrophil,big,round,unsegmented-band,low,densely,no,clear,light blue,small,pink,yes,BNE_883723_ccrop.jpg,train
BNE_884373_ccrop.jpg,Neutrophil,small,round,unsegmented-band,low,densely,no,clear,light blue,small,pink,yes,BNE_884373_ccrop.jpg,train
BNE_88499_ccrop.jpg,Neutrophil,small,round,segmented-bilobed,low,densely,no,clear,light blue,small,pink,yes,BNE_88499_ccrop.jpg,train
BNE_885859_ccrop.jpg,Neutrophil,big,round,unsegmented-band,low,densely,no,clear,light blue,small,pink,yes,BNE_885859_ccrop.jpg,train
BNE_88749_ccrop.jpg,Neutrophil,small,round,unsegmented-band,low,densely,no,clear,light blue,small,pink,yes,BNE_88749_ccrop.jpg,train
BNE_88826_ccrop.jpg,Neutrophil,big,round,unsegmented-band,low,densely,no,clear,light blue,small,pink,yes,BNE_88826_ccrop.jpg,train
BNE_889850_ccrop.jpg,Neutrophil,big,irregular,unsegmented-band,low,densely,no,clear,light blue,small,pink,yes,BNE_889850_ccrop.jpg,train
BNE_889884_ccrop.jpg,Neutrophil,small,round,unsegmented-band,low,densely,no,clear,light blue,small,pink,yes,BNE_889884_ccrop.jpg,train
BNE_891017_ccrop.jpg,Neutrophil,small,round,unsegmented-band,low,densely,no,clear,light blue,small,pink,yes,BNE_891017_ccrop.jpg,train
BNE_894142_ccrop.jpg,Neutrophil,small,round,unsegmented-band,low,densely,no,clear,light blue,small,pink,yes,BNE_894142_ccrop.jpg,train
BNE_89466_ccrop.jpg,Neutrophil,small,round,unsegmented-band,low,densely,no,clear,light blue,small,pink,yes,BNE_89466_ccrop.jpg,train
BNE_895939_ccrop.jpg,Neutrophil,big,round,unsegmented-band,low,densely,no,clear,light blue,small,pink,yes,BNE_895939_ccrop.jpg,train
BNE_896102_ccrop.jpg,Neutrophil,small,round,unsegmented-band,low,densely,no,clear,light blue,small,pink,yes,BNE_896102_ccrop.jpg,train
BNE_896296_ccrop.jpg,Neutrophil,big,round,unsegmented-band,low,densely,no,clear,light blue,small,pink,yes,BNE_896296_ccrop.jpg,train
BNE_898519_ccrop.jpg,Neutrophil,big,round,unsegmented-band,low,densely,no,clear,light blue,small,pink,yes,BNE_898519_ccrop.jpg,train
BNE_898606_ccrop.jpg,Neutrophil,small,round,unsegmented-band,low,densely,no,clear,light blue,small,pink,yes,BNE_898606_ccrop.jpg,train
BNE_899254_ccrop.jpg,Neutrophil,small,round,segmented-bilobed,low,densely,no,clear,light blue,small,pink,yes,BNE_899254_ccrop.jpg,train
BNE_899761_ccrop.jpg,Neutrophil,small,irregular,unsegmented-band,low,densely,yes,clear,light blue,small,pink,yes,BNE_899761_ccrop.jpg,train
BNE_900426_ccrop.jpg,Neutrophil,big,round,unsegmented-band,low,densely,no,clear,light blue,small,pink,yes,BNE_900426_ccrop.jpg,train
BNE_900566_ccrop.jpg,Neutrophil,small,round,unsegmented-band,low,densely,no,clear,light blue,small,pink,yes,BNE_900566_ccrop.jpg,train
BNE_901057_ccrop.jpg,Neutrophil,big,irregular,unsegmented-band,low,densely,no,clear,light blue,small,pink,yes,BNE_901057_ccrop.jpg,train
BNE_901137_ccrop.jpg,Neutrophil,big,round,unsegmented-band,low,densely,no,clear,light blue,small,pink,yes,BNE_901137_ccrop.jpg,train
BNE_901592_ccrop.jpg,Neutrophil,small,round,unsegmented-band,low,densely,no,clear,light blue,small,pink,yes,BNE_901592_ccrop.jpg,train
BNE_903013_ccrop.jpg,Neutrophil,small,round,unsegmented-band,low,densely,no,clear,light blue,small,pink,yes,BNE_903013_ccrop.jpg,train
BNE_903293_ccrop.jpg,Neutrophil,small,round,unsegmented-band,low,densely,no,clear,light blue,small,pink,yes,BNE_903293_ccrop.jpg,train
BNE_903821_ccrop.jpg,Neutrophil,big,round,unsegmented-band,low,densely,no,clear,light blue,small,purple,yes,BNE_903821_ccrop.jpg,train
BNE_905950_ccrop.jpg,Neutrophil,big,round,unsegmented-band,low,densely,no,clear,light blue,small,pink,yes,BNE_905950_ccrop.jpg,train
BNE_906181_ccrop.jpg,Neutrophil,small,round,unsegmented-band,low,densely,no,clear,light blue,small,pink,yes,BNE_906181_ccrop.jpg,train
BNE_907973_ccrop.jpg,Neutrophil,small,round,unsegmented-band,low,densely,no,clear,light blue,small,pink,yes,BNE_907973_ccrop.jpg,train
BNE_909484_ccrop.jpg,Neutrophil,big,round,unsegmented-band,low,densely,no,clear,light blue,small,pink,yes,BNE_909484_ccrop.jpg,train
BNE_910236_ccrop.jpg,Neutrophil,big,round,unsegmented-band,low,densely,no,clear,light blue,small,pink,yes,BNE_910236_ccrop.jpg,train
BNE_910472_ccrop.jpg,Neutrophil,small,round,unsegmented-band,low,densely,no,clear,light blue,small,pink,yes,BNE_910472_ccrop.jpg,train
BNE_910536_ccrop.jpg,Neutrophil,small,round,unsegmented-band,low,densely,no,clear,light blue,small,pink,yes,BNE_910536_ccrop.jpg,train
BNE_910561_ccrop.jpg,Neutrophil,small,round,unsegmented-band,low,densely,no,clear,light blue,small,pink,yes,BNE_910561_ccrop.jpg,train
BNE_912319_ccrop.jpg,Neutrophil,big,round,unsegmented-band,low,densely,no,clear,light blue,small,pink,yes,BNE_912319_ccrop.jpg,train
BNE_915098_ccrop.jpg,Neutrophil,small,round,unsegmented-band,low,densely,no,clear,light blue,small,pink,yes,BNE_915098_ccrop.jpg,train
BNE_915508_ccrop.jpg,Neutrophil,small,round,unsegmented-band,low,densely,no,clear,light blue,small,pink,yes,BNE_915508_ccrop.jpg,train
BNE_91614_ccrop.jpg,Neutrophil,big,irregular,unsegmented-band,low,densely,no,clear,light blue,small,pink,yes,BNE_91614_ccrop.jpg,train
BNE_916402_ccrop.jpg,Neutrophil,small,round,segmented-bilobed,low,densely,no,clear,light blue,small,pink,yes,BNE_916402_ccrop.jpg,train
BNE_918305_ccrop.jpg,Neutrophil,small,round,unsegmented-band,low,densely,no,clear,light blue,small,pink,yes,BNE_918305_ccrop.jpg,train
BNE_918429_ccrop.jpg,Neutrophil,small,round,unsegmented-band,low,densely,no,clear,light blue,small,pink,yes,BNE_918429_ccrop.jpg,train
BNE_918500_ccrop.jpg,Neutrophil,small,round,unsegmented-band,low,densely,no,clear,light blue,small,pink,yes,BNE_918500_ccrop.jpg,train
BNE_921156_ccrop.jpg,Neutrophil,small,round,unsegmented-band,low,densely,no,clear,light blue,small,pink,yes,BNE_921156_ccrop.jpg,train
BNE_921626_ccrop.jpg,Neutrophil,big,irregular,unsegmented-band,low,densely,no,clear,light blue,small,pink,yes,BNE_921626_ccrop.jpg,train
BNE_921875_ccrop.jpg,Neutrophil,small,round,unsegmented-band,low,densely,no,clear,light blue,small,pink,yes,BNE_921875_ccrop.jpg,train
BNE_92309_ccrop.jpg,Neutrophil,big,round,unsegmented-band,low,densely,no,clear,light blue,small,pink,yes,BNE_92309_ccrop.jpg,train
BNE_923268_ccrop.jpg,Neutrophil,big,round,unsegmented-band,low,densely,no,clear,light blue,small,pink,yes,BNE_923268_ccrop.jpg,train
BNE_926713_ccrop.jpg,Neutrophil,big,round,unsegmented-band,low,densely,no,clear,light blue,small,pink,yes,BNE_926713_ccrop.jpg,train
BNE_927001_ccrop.jpg,Neutrophil,small,round,unsegmented-band,low,densely,yes,clear,light blue,small,pink,yes,BNE_927001_ccrop.jpg,train
BNE_928146_ccrop.jpg,Neutrophil,small,round,unsegmented-band,low,densely,no,clear,light blue,small,pink,yes,BNE_928146_ccrop.jpg,train
BNE_928561_ccrop.jpg,Neutrophil,small,round,unsegmented-band,low,densely,no,clear,light blue,small,pink,yes,BNE_928561_ccrop.jpg,train
BNE_929802_ccrop.jpg,Neutrophil,big,round,unsegmented-band,low,densely,no,clear,light blue,small,pink,yes,BNE_929802_ccrop.jpg,train
BNE_929997_ccrop.jpg,Neutrophil,big,round,unsegmented-band,low,densely,no,clear,light blue,small,pink,yes,BNE_929997_ccrop.jpg,train
BNE_930364_ccrop.jpg,Neutrophil,small,round,unsegmented-band,low,densely,no,clear,light blue,small,pink,yes,BNE_930364_ccrop.jpg,train
BNE_930707_ccrop.jpg,Neutrophil,big,irregular,unsegmented-band,low,densely,no,clear,light blue,small,pink,yes,BNE_930707_ccrop.jpg,train
BNE_933305_ccrop.jpg,Neutrophil,big,round,unsegmented-band,low,densely,no,clear,light blue,small,pink,yes,BNE_933305_ccrop.jpg,train
BNE_934554_ccrop.jpg,Neutrophil,small,round,unsegmented-band,low,densely,no,clear,light blue,small,pink,yes,BNE_934554_ccrop.jpg,train
BNE_935665_ccrop.jpg,Neutrophil,small,round,unsegmented-band,low,densely,no,clear,light blue,small,pink,yes,BNE_935665_ccrop.jpg,train
BNE_937085_ccrop.jpg,Neutrophil,small,round,unsegmented-band,low,densely,no,clear,light blue,small,pink,yes,BNE_937085_ccrop.jpg,train
BNE_93736_ccrop.jpg,Neutrophil,small,round,unsegmented-band,low,densely,no,clear,light blue,small,pink,yes,BNE_93736_ccrop.jpg,train
BNE_937660_ccrop.jpg,Neutrophil,big,round,unsegmented-band,low,densely,no,clear,light blue,small,pink,yes,BNE_937660_ccrop.jpg,train
BNE_939116_ccrop.jpg,Neutrophil,small,round,unsegmented-band,low,densely,no,clear,light blue,small,pink,yes,BNE_939116_ccrop.jpg,train
BNE_939166_ccrop.jpg,Neutrophil,small,round,unsegmented-band,low,densely,no,clear,light blue,small,pink,yes,BNE_939166_ccrop.jpg,train
BNE_939554_ccrop.jpg,Neutrophil,small,round,unsegmented-band,low,densely,no,clear,light blue,small,pink,yes,BNE_939554_ccrop.jpg,train
BNE_939753_ccrop.jpg,Neutrophil,big,round,unsegmented-band,low,densely,no,clear,light blue,small,pink,yes,BNE_939753_ccrop.jpg,train
BNE_942595_ccrop.jpg,Neutrophil,big,round,unsegmented-band,low,densely,no,clear,light blue,small,pink,yes,BNE_942595_ccrop.jpg,train
BNE_943597_ccrop.jpg,Neutrophil,big,round,unsegmented-band,low,densely,no,clear,light blue,small,pink,yes,BNE_943597_ccrop.jpg,train
BNE_94378_ccrop.jpg,Neutrophil,small,round,irregular,low,densely,no,clear,light blue,small,pink,yes,BNE_94378_ccrop.jpg,train
BNE_945946_ccrop.jpg,Neutrophil,small,round,unsegmented-band,low,densely,no,clear,light blue,small,pink,yes,BNE_945946_ccrop.jpg,train
BNE_947464_ccrop.jpg,Neutrophil,small,round,unsegmented-band,low,densely,no,clear,light blue,small,pink,yes,BNE_947464_ccrop.jpg,train
BNE_948682_ccrop.jpg,Neutrophil,big,round,unsegmented-band,low,densely,no,clear,light blue,small,pink,yes,BNE_948682_ccrop.jpg,train
BNE_948760_ccrop.jpg,Neutrophil,small,round,unsegmented-band,low,densely,no,clear,light blue,small,pink,yes,BNE_948760_ccrop.jpg,train
BNE_949188_ccrop.jpg,Neutrophil,big,irregular,unsegmented-band,low,densely,no,clear,light blue,small,pink,yes,BNE_949188_ccrop.jpg,train
BNE_949615_ccrop.jpg,Neutrophil,big,round,unsegmented-band,low,densely,no,clear,light blue,small,pink,yes,BNE_949615_ccrop.jpg,train
BNE_951149_ccrop.jpg,Neutrophil,small,round,unsegmented-band,low,densely,no,clear,light blue,small,pink,yes,BNE_951149_ccrop.jpg,train
BNE_951779_ccrop.jpg,Neutrophil,big,irregular,unsegmented-band,low,densely,yes,clear,light blue,small,pink,yes,BNE_951779_ccrop.jpg,train
BNE_952597_ccrop.jpg,Neutrophil,small,round,unsegmented-band,low,densely,no,clear,light blue,small,pink,yes,BNE_952597_ccrop.jpg,train
BNE_954379_ccrop.jpg,Neutrophil,big,round,unsegmented-band,low,densely,no,clear,light blue,small,pink,yes,BNE_954379_ccrop.jpg,train
BNE_955098_ccrop.jpg,Neutrophil,big,round,unsegmented-band,low,densely,no,clear,light blue,small,pink,yes,BNE_955098_ccrop.jpg,train
BNE_95555_ccrop.jpg,Neutrophil,big,round,unsegmented-band,low,densely,no,clear,light blue,small,pink,yes,BNE_95555_ccrop.jpg,train
BNE_955797_ccrop.jpg,Neutrophil,big,round,unsegmented-band,low,densely,no,clear,light blue,small,pink,yes,BNE_955797_ccrop.jpg,train
BNE_956356_ccrop.jpg,Neutrophil,big,round,unsegmented-band,low,densely,no,clear,light blue,small,pink,yes,BNE_956356_ccrop.jpg,train
BNE_957531_ccrop.jpg,Neutrophil,big,round,unsegmented-band,low,densely,no,clear,light blue,small,purple,yes,BNE_957531_ccrop.jpg,train
BNE_958533_ccrop.jpg,Neutrophil,small,round,unsegmented-band,low,densely,no,clear,light blue,small,pink,yes,BNE_958533_ccrop.jpg,train
BNE_958876_ccrop.jpg,Neutrophil,small,round,unsegmented-band,low,densely,no,clear,light blue,small,pink,yes,BNE_958876_ccrop.jpg,train
BNE_959253_ccrop.jpg,Neutrophil,small,round,unsegmented-band,low,densely,no,clear,light blue,small,pink,yes,BNE_959253_ccrop.jpg,train
BNE_959568_ccrop.jpg,Neutrophil,small,irregular,unsegmented-band,low,densely,no,clear,light blue,small,pink,yes,BNE_959568_ccrop.jpg,train
BNE_960086_ccrop.jpg,Neutrophil,big,round,unsegmented-band,low,densely,no,clear,light blue,small,pink,yes,BNE_960086_ccrop.jpg,train
BNE_961507_ccrop.jpg,Neutrophil,small,round,unsegmented-band,low,densely,no,clear,light blue,small,pink,yes,BNE_961507_ccrop.jpg,train
BNE_961579_ccrop.jpg,Neutrophil,small,round,unsegmented-band,low,densely,no,clear,light blue,small,pink,yes,BNE_961579_ccrop.jpg,train
BNE_962661_ccrop.jpg,Neutrophil,big,round,unsegmented-band,low,densely,no,clear,light blue,small,pink,yes,BNE_962661_ccrop.jpg,train
BNE_96422_ccrop.jpg,Neutrophil,big,round,unsegmented-band,low,densely,no,clear,light blue,small,pink,yes,BNE_96422_ccrop.jpg,train
BNE_966079_ccrop.jpg,Neutrophil,small,round,unsegmented-band,low,densely,no,clear,light blue,small,pink,yes,BNE_966079_ccrop.jpg,train
BNE_967395_ccrop.jpg,Neutrophil,small,round,unsegmented-band,low,densely,no,clear,light blue,small,pink,yes,BNE_967395_ccrop.jpg,train
BNE_968691_ccrop.jpg,Neutrophil,big,round,unsegmented-band,low,densely,no,clear,light blue,small,pink,yes,BNE_968691_ccrop.jpg,train
BNE_970365_ccrop.jpg,Neutrophil,big,round,unsegmented-band,low,densely,no,clear,light blue,small,pink,yes,BNE_970365_ccrop.jpg,train
BNE_971018_ccrop.jpg,Neutrophil,small,round,unsegmented-band,low,densely,no,clear,light blue,small,pink,yes,BNE_971018_ccrop.jpg,train
BNE_971092_ccrop.jpg,Neutrophil,small,round,unsegmented-band,low,densely,no,clear,light blue,small,pink,yes,BNE_971092_ccrop.jpg,train
BNE_971478_ccrop.jpg,Neutrophil,big,round,unsegmented-band,low,densely,no,clear,light blue,small,pink,yes,BNE_971478_ccrop.jpg,train
BNE_972679_ccrop.jpg,Neutrophil,small,round,unsegmented-band,low,densely,no,clear,light blue,small,pink,yes,BNE_972679_ccrop.jpg,train
BNE_973117_ccrop.jpg,Neutrophil,big,round,unsegmented-band,low,densely,no,clear,light blue,small,pink,yes,BNE_973117_ccrop.jpg,train
BNE_975548_ccrop.jpg,Neutrophil,big,round,unsegmented-band,low,densely,no,clear,light blue,small,pink,yes,BNE_975548_ccrop.jpg,train
BNE_975767_ccrop.jpg,Neutrophil,big,round,unsegmented-band,low,densely,no,clear,light blue,small,pink,yes,BNE_975767_ccrop.jpg,train
BNE_976624_ccrop.jpg,Neutrophil,small,round,unsegmented-band,low,densely,no,clear,light blue,small,pink,yes,BNE_976624_ccrop.jpg,train
BNE_976865_ccrop.jpg,Neutrophil,small,round,unsegmented-band,low,densely,no,clear,light blue,small,pink,yes,BNE_976865_ccrop.jpg,train
BNE_977528_ccrop.jpg,Neutrophil,big,round,unsegmented-band,low,densely,no,clear,light blue,small,pink,yes,BNE_977528_ccrop.jpg,train
BNE_977614_ccrop.jpg,Neutrophil,small,round,unsegmented-band,low,densely,no,clear,light blue,small,pink,yes,BNE_977614_ccrop.jpg,train
BNE_979144_ccrop.jpg,Neutrophil,big,round,unsegmented-band,low,densely,no,clear,light blue,small,pink,yes,BNE_979144_ccrop.jpg,train
BNE_980569_ccrop.jpg,Neutrophil,small,round,unsegmented-band,low,densely,no,clear,light blue,small,pink,yes,BNE_980569_ccrop.jpg,train
BNE_983264_ccrop.jpg,Neutrophil,big,irregular,unsegmented-band,low,densely,no,clear,light blue,small,pink,yes,BNE_983264_ccrop.jpg,train
BNE_983955_ccrop.jpg,Neutrophil,big,round,unsegmented-band,low,densely,no,clear,light blue,small,pink,yes,BNE_983955_ccrop.jpg,train
BNE_985056_ccrop.jpg,Neutrophil,big,round,segmented-multilobed,low,densely,no,clear,light blue,small,pink,yes,BNE_985056_ccrop.jpg,train
BNE_985168_ccrop.jpg,Neutrophil,small,round,unsegmented-band,low,densely,no,clear,light blue,small,pink,yes,BNE_985168_ccrop.jpg,train
BNE_985930_ccrop.jpg,Neutrophil,small,round,unsegmented-band,low,densely,no,clear,light blue,small,pink,yes,BNE_985930_ccrop.jpg,train
BNE_985986_ccrop.jpg,Neutrophil,small,irregular,unsegmented-band,low,densely,no,clear,light blue,small,pink,yes,BNE_985986_ccrop.jpg,train
BNE_986103_ccrop.jpg,Neutrophil,big,round,unsegmented-band,low,densely,no,clear,light blue,small,pink,yes,BNE_986103_ccrop.jpg,train
BNE_986197_ccrop.jpg,Neutrophil,big,round,unsegmented-band,low,densely,yes,clear,light blue,small,pink,yes,BNE_986197_ccrop.jpg,train
BNE_986241_ccrop.jpg,Neutrophil,big,round,unsegmented-band,low,densely,no,clear,light blue,small,pink,yes,BNE_986241_ccrop.jpg,train
BNE_986323_ccrop.jpg,Neutrophil,small,round,unsegmented-band,low,densely,no,clear,light blue,small,pink,yes,BNE_986323_ccrop.jpg,train
BNE_98656_ccrop.jpg,Neutrophil,small,round,irregular,low,densely,no,clear,light blue,small,pink,yes,BNE_98656_ccrop.jpg,train
BNE_987482_ccrop.jpg,Neutrophil,big,round,unsegmented-band,low,densely,no,clear,light blue,small,pink,yes,BNE_987482_ccrop.jpg,train
BNE_989723_ccrop.jpg,Neutrophil,big,round,unsegmented-band,low,densely,no,clear,light blue,small,pink,yes,BNE_989723_ccrop.jpg,train
BNE_98999_ccrop.jpg,Neutrophil,small,round,unsegmented-band,low,densely,no,clear,light blue,small,pink,yes,BNE_98999_ccrop.jpg,train
BNE_990094_ccrop.jpg,Neutrophil,small,round,segmented-multilobed,low,densely,no,clear,light blue,small,pink,yes,BNE_990094_ccrop.jpg,train
BNE_991039_ccrop.jpg,Neutrophil,small,round,unsegmented-band,low,densely,no,clear,light blue,small,pink,yes,BNE_991039_ccrop.jpg,train
BNE_991991_ccrop.jpg,Neutrophil,big,round,unsegmented-band,low,densely,no,clear,light blue,small,pink,yes,BNE_991991_ccrop.jpg,train
BNE_992020_ccrop.jpg,Neutrophil,small,round,unsegmented-band,low,densely,no,clear,light blue,small,pink,yes,BNE_992020_ccrop.jpg,train
BNE_992159_ccrop.jpg,Neutrophil,small,round,segmented-bilobed,low,densely,no,clear,light blue,small,pink,yes,BNE_992159_ccrop.jpg,train
BNE_992544_ccrop.jpg,Neutrophil,small,round,unsegmented-band,low,densely,no,clear,light blue,small,pink,yes,BNE_992544_ccrop.jpg,train
BNE_993339_ccrop.jpg,Neutrophil,small,round,unsegmented-band,low,densely,no,clear,light blue,small,pink,yes,BNE_993339_ccrop.jpg,train
BNE_994510_ccrop.jpg,Neutrophil,small,round,unsegmented-band,low,densely,no,clear,light blue,small,pink,yes,BNE_994510_ccrop.jpg,train
BNE_995250_ccrop.jpg,Neutrophil,small,round,unsegmented-band,low,densely,no,clear,light blue,small,pink,yes,BNE_995250_ccrop.jpg,train
BNE_995476_ccrop.jpg,Neutrophil,small,round,unsegmented-band,low,densely,no,clear,light blue,small,pink,yes,BNE_995476_ccrop.jpg,train
BNE_999232_ccrop.jpg,Neutrophil,small,round,unsegmented-band,low,densely,no,clear,light blue,small,pink,yes,BNE_999232_ccrop.jpg,train
EO_1007_ccrop.jpg,Eosinophil,big,irregular,segmented-bilobed,low,densely,no,clear,light blue,round,red,yes,EO_1007_ccrop.jpg,train
EO_101772_ccrop.jpg,Eosinophil,big,round,segmented-multilobed,low,densely,no,clear,light blue,round,red,yes,EO_101772_ccrop.jpg,train
EO_103851_ccrop.jpg,Eosinophil,small,round,segmented-bilobed,low,densely,no,clear,light blue,round,red,yes,EO_103851_ccrop.jpg,train
EO_104169_ccrop.jpg,Eosinophil,big,round,segmented-bilobed,low,densely,no,clear,light blue,round,red,yes,EO_104169_ccrop.jpg,train
EO_105010_ccrop.jpg,Eosinophil,big,round,segmented-multilobed,low,densely,no,clear,light blue,round,red,yes,EO_105010_ccrop.jpg,train
EO_105272_ccrop.jpg,Eosinophil,big,round,segmented-bilobed,low,densely,no,clear,light blue,round,red,yes,EO_105272_ccrop.jpg,train
EO_105327_ccrop.jpg,Eosinophil,big,round,segmented-bilobed,low,densely,no,clear,light blue,round,red,yes,EO_105327_ccrop.jpg,train
EO_106056_ccrop.jpg,Eosinophil,small,round,segmented-bilobed,low,densely,no,clear,light blue,round,red,yes,EO_106056_ccrop.jpg,train
EO_106191_ccrop.jpg,Eosinophil,small,round,segmented-multilobed,low,densely,no,clear,light blue,round,red,yes,EO_106191_ccrop.jpg,train
EO_108089_ccrop.jpg,Eosinophil,big,round,segmented-bilobed,low,densely,no,clear,light blue,round,red,yes,EO_108089_ccrop.jpg,train
EO_108385_ccrop.jpg,Eosinophil,big,round,segmented-bilobed,low,densely,no,clear,light blue,round,red,yes,EO_108385_ccrop.jpg,train
EO_109736_ccrop.jpg,Eosinophil,big,round,segmented-bilobed,low,densely,no,clear,light blue,round,red,yes,EO_109736_ccrop.jpg,train
EO_109766_ccrop.jpg,Eosinophil,small,round,segmented-bilobed,low,densely,no,clear,light blue,round,red,yes,EO_109766_ccrop.jpg,train
EO_110764_ccrop.jpg,Eosinophil,small,round,segmented-bilobed,low,densely,no,clear,light blue,round,red,yes,EO_110764_ccrop.jpg,train
EO_111417_ccrop.jpg,Eosinophil,big,round,segmented-bilobed,low,densely,no,clear,light blue,round,red,yes,EO_111417_ccrop.jpg,train
EO_112391_ccrop.jpg,Eosinophil,big,round,segmented-bilobed,low,densely,no,clear,light blue,round,red,yes,EO_112391_ccrop.jpg,train
EO_112463_ccrop.jpg,Eosinophil,small,round,segmented-bilobed,low,densely,no,clear,light blue,round,red,yes,EO_112463_ccrop.jpg,train
EO_112884_ccrop.jpg,Eosinophil,small,round,segmented-bilobed,low,densely,no,clear,light blue,round,red,yes,EO_112884_ccrop.jpg,train
EO_113517_ccrop.jpg,Eosinophil,small,round,segmented-bilobed,low,densely,no,clear,light blue,round,red,yes,EO_113517_ccrop.jpg,train
EO_113603_ccrop.jpg,Eosinophil,small,round,segmented-bilobed,low,densely,no,clear,light blue,round,red,yes,EO_113603_ccrop.jpg,train
EO_114080_ccrop.jpg,Eosinophil,small,round,segmented-multilobed,low,densely,no,clear,light blue,round,red,yes,EO_114080_ccrop.jpg,train
EO_114140_ccrop.jpg,Eosinophil,small,round,segmented-bilobed,low,densely,no,clear,light blue,round,red,yes,EO_114140_ccrop.jpg,train
EO_114381_ccrop.jpg,Eosinophil,big,round,segmented-bilobed,low,densely,no,clear,light blue,round,red,yes,EO_114381_ccrop.jpg,train
EO_114533_ccrop.jpg,Eosinophil,big,round,segmented-bilobed,low,densely,no,clear,light blue,round,red,yes,EO_114533_ccrop.jpg,train
EO_114903_ccrop.jpg,Eosinophil,big,round,segmented-bilobed,low,densely,no,clear,light blue,round,red,yes,EO_114903_ccrop.jpg,train
EO_115486_ccrop.jpg,Eosinophil,small,round,segmented-multilobed,low,densely,no,clear,light blue,round,red,yes,EO_115486_ccrop.jpg,train
EO_115792_ccrop.jpg,Eosinophil,small,round,segmented-bilobed,low,densely,no,clear,light blue,round,red,yes,EO_115792_ccrop.jpg,train
EO_115822_ccrop.jpg,Eosinophil,big,round,segmented-bilobed,low,densely,no,clear,light blue,round,red,yes,EO_115822_ccrop.jpg,train
EO_117353_ccrop.jpg,Eosinophil,big,round,segmented-bilobed,low,densely,no,clear,light blue,round,red,yes,EO_117353_ccrop.jpg,train
EO_117811_ccrop.jpg,Eosinophil,small,round,segmented-bilobed,low,densely,no,clear,light blue,round,red,yes,EO_117811_ccrop.jpg,train
EO_118266_ccrop.jpg,Eosinophil,big,irregular,segmented-bilobed,low,densely,no,clear,light blue,round,red,yes,EO_118266_ccrop.jpg,train
EO_118338_ccrop.jpg,Eosinophil,small,round,segmented-bilobed,low,densely,no,clear,light blue,round,red,yes,EO_118338_ccrop.jpg,train
EO_118851_ccrop.jpg,Eosinophil,big,round,segmented-bilobed,low,densely,no,clear,light blue,round,red,yes,EO_118851_ccrop.jpg,train
EO_118894_ccrop.jpg,Eosinophil,big,round,segmented-bilobed,low,densely,no,clear,light blue,round,red,yes,EO_118894_ccrop.jpg,train
EO_118939_ccrop.jpg,Eosinophil,big,round,segmented-bilobed,low,densely,no,clear,light blue,round,red,yes,EO_118939_ccrop.jpg,train
EO_119318_ccrop.jpg,Eosinophil,big,round,segmented-bilobed,low,densely,no,clear,light blue,round,red,yes,EO_119318_ccrop.jpg,train
EO_119662_ccrop.jpg,Eosinophil,small,round,segmented-bilobed,low,densely,no,clear,light blue,round,red,yes,EO_119662_ccrop.jpg,train
EO_119952_ccrop.jpg,Eosinophil,small,round,segmented-bilobed,low,densely,no,clear,light blue,round,red,yes,EO_119952_ccrop.jpg,train
EO_120534_ccrop.jpg,Eosinophil,big,round,segmented-multilobed,low,densely,no,clear,light blue,round,red,yes,EO_120534_ccrop.jpg,train
EO_122055_ccrop.jpg,Eosinophil,big,round,segmented-bilobed,low,densely,no,clear,light blue,round,red,yes,EO_122055_ccrop.jpg,train
EO_122433_ccrop.jpg,Eosinophil,small,round,segmented-bilobed,low,densely,no,clear,light blue,round,red,yes,EO_122433_ccrop.jpg,train
EO_122588_ccrop.jpg,Eosinophil,big,round,segmented-bilobed,low,densely,no,clear,light blue,round,red,yes,EO_122588_ccrop.jpg,train
EO_122871_ccrop.jpg,Eosinophil,small,round,segmented-bilobed,low,densely,no,clear,light blue,round,red,yes,EO_122871_ccrop.jpg,train
EO_123299_ccrop.jpg,Eosinophil,small,irregular,segmented-bilobed,low,densely,no,clear,light blue,round,red,yes,EO_123299_ccrop.jpg,train
EO_124039_ccrop.jpg,Eosinophil,small,round,segmented-bilobed,low,densely,no,clear,light blue,round,red,yes,EO_124039_ccrop.jpg,train
EO_124265_ccrop.jpg,Eosinophil,big,round,segmented-bilobed,low,densely,no,clear,light blue,round,red,yes,EO_124265_ccrop.jpg,train
EO_124684_ccrop.jpg,Eosinophil,big,round,segmented-bilobed,low,densely,no,clear,light blue,round,red,yes,EO_124684_ccrop.jpg,train
EO_124886_ccrop.jpg,Eosinophil,big,round,segmented-bilobed,low,densely,no,clear,light blue,round,red,yes,EO_124886_ccrop.jpg,train
EO_125106_ccrop.jpg,Eosinophil,small,round,segmented-bilobed,low,densely,no,clear,light blue,round,red,yes,EO_125106_ccrop.jpg,train
EO_125389_ccrop.jpg,Eosinophil,small,irregular,segmented-bilobed,low,densely,no,clear,light blue,round,red,yes,EO_125389_ccrop.jpg,train
EO_125411_ccrop.jpg,Eosinophil,big,round,segmented-bilobed,low,densely,no,clear,light blue,round,red,yes,EO_125411_ccrop.jpg,train
EO_125499_ccrop.jpg,Eosinophil,small,round,segmented-bilobed,low,densely,no,clear,light blue,round,red,yes,EO_125499_ccrop.jpg,train
EO_126623_ccrop.jpg,Eosinophil,big,round,segmented-bilobed,low,densely,no,clear,light blue,round,red,yes,EO_126623_ccrop.jpg,train
EO_128238_ccrop.jpg,Eosinophil,small,round,segmented-bilobed,low,densely,no,clear,light blue,round,red,yes,EO_128238_ccrop.jpg,train
EO_128298_ccrop.jpg,Eosinophil,small,round,segmented-bilobed,low,densely,no,clear,light blue,round,red,yes,EO_128298_ccrop.jpg,train
EO_129196_ccrop.jpg,Eosinophil,small,round,segmented-multilobed,low,densely,no,clear,light blue,round,red,yes,EO_129196_ccrop.jpg,train
EO_129271_ccrop.jpg,Eosinophil,small,round,segmented-bilobed,low,densely,no,clear,light blue,round,red,yes,EO_129271_ccrop.jpg,train
EO_129300_ccrop.jpg,Eosinophil,small,round,segmented-multilobed,low,densely,no,clear,light blue,round,red,yes,EO_129300_ccrop.jpg,train
EO_129360_ccrop.jpg,Eosinophil,small,round,segmented-bilobed,low,densely,no,clear,light blue,round,red,yes,EO_129360_ccrop.jpg,train
EO_130195_ccrop.jpg,Eosinophil,big,round,segmented-multilobed,low,densely,no,clear,light blue,round,red,yes,EO_130195_ccrop.jpg,train
EO_131707_ccrop.jpg,Eosinophil,big,round,segmented-bilobed,low,densely,no,clear,light blue,round,red,yes,EO_131707_ccrop.jpg,train
EO_132515_ccrop.jpg,Eosinophil,big,round,segmented-bilobed,low,densely,no,clear,light blue,round,red,yes,EO_132515_ccrop.jpg,train
EO_133581_ccrop.jpg,Eosinophil,small,round,segmented-multilobed,low,densely,no,clear,light blue,round,red,yes,EO_133581_ccrop.jpg,train
EO_1340_ccrop.jpg,Eosinophil,big,round,segmented-bilobed,low,densely,no,clear,light blue,round,red,yes,EO_1340_ccrop.jpg,train
EO_134423_ccrop.jpg,Eosinophil,big,round,segmented-bilobed,low,densely,no,clear,light blue,round,red,yes,EO_134423_ccrop.jpg,train
EO_134458_ccrop.jpg,Eosinophil,small,round,segmented-multilobed,low,densely,no,clear,light blue,round,red,yes,EO_134458_ccrop.jpg,train
EO_135534_ccrop.jpg,Eosinophil,big,round,segmented-multilobed,low,densely,no,clear,light blue,round,red,yes,EO_135534_ccrop.jpg,train
EO_136851_ccrop.jpg,Eosinophil,small,round,segmented-bilobed,low,densely,no,clear,light blue,round,red,yes,EO_136851_ccrop.jpg,train
EO_138253_ccrop.jpg,Eosinophil,small,round,segmented-multilobed,low,densely,no,clear,light blue,round,red,yes,EO_138253_ccrop.jpg,train
EO_139844_ccrop.jpg,Eosinophil,small,round,segmented-multilobed,low,densely,no,clear,light blue,round,red,yes,EO_139844_ccrop.jpg,train
EO_140419_ccrop.jpg,Eosinophil,small,round,unsegmented-band,low,densely,no,clear,light blue,round,red,yes,EO_140419_ccrop.jpg,train
EO_141807_ccrop.jpg,Eosinophil,small,round,segmented-bilobed,low,densely,no,clear,light blue,round,red,yes,EO_141807_ccrop.jpg,train
EO_142659_ccrop.jpg,Eosinophil,small,round,segmented-bilobed,low,densely,no,clear,light blue,round,red,yes,EO_142659_ccrop.jpg,train
EO_143764_ccrop.jpg,Eosinophil,small,round,segmented-bilobed,low,densely,no,clear,light blue,round,red,yes,EO_143764_ccrop.jpg,train
EO_144566_ccrop.jpg,Eosinophil,small,round,segmented-multilobed,low,densely,no,clear,light blue,round,red,yes,EO_144566_ccrop.jpg,train
EO_146319_ccrop.jpg,Eosinophil,big,irregular,segmented-bilobed,low,densely,no,clear,light blue,round,red,yes,EO_146319_ccrop.jpg,train
EO_146780_ccrop.jpg,Eosinophil,big,round,segmented-multilobed,low,densely,no,clear,light blue,round,red,yes,EO_146780_ccrop.jpg,train
EO_147032_ccrop.jpg,Eosinophil,small,round,segmented-multilobed,low,densely,no,clear,light blue,round,red,yes,EO_147032_ccrop.jpg,train
EO_147843_ccrop.jpg,Eosinophil,big,irregular,irregular,low,loosely,no,clear,light blue,round,red,yes,EO_147843_ccrop.jpg,train
EO_147951_ccrop.jpg,Eosinophil,small,round,segmented-bilobed,low,densely,no,clear,light blue,round,red,yes,EO_147951_ccrop.jpg,train
EO_149695_ccrop.jpg,Eosinophil,small,round,segmented-multilobed,low,densely,no,clear,light blue,round,red,yes,EO_149695_ccrop.jpg,train
EO_149787_ccrop.jpg,Eosinophil,big,round,segmented-bilobed,low,densely,no,clear,light blue,round,red,yes,EO_149787_ccrop.jpg,train
EO_150121_ccrop.jpg,Eosinophil,big,round,segmented-bilobed,low,densely,no,clear,light blue,round,red,yes,EO_150121_ccrop.jpg,train
EO_150361_ccrop.jpg,Eosinophil,big,round,segmented-bilobed,low,densely,no,clear,light blue,round,red,yes,EO_150361_ccrop.jpg,train
EO_15074093_ccrop.jpg,Eosinophil,big,irregular,irregular,low,densely,no,clear,light blue,round,red,yes,EO_15074093_ccrop.jpg,train
EO_151527_ccrop.jpg,Eosinophil,small,round,segmented-bilobed,low,densely,no,clear,light blue,round,red,yes,EO_151527_ccrop.jpg,train
EO_152071_ccrop.jpg,Eosinophil,small,round,segmented-bilobed,low,loosely,no,clear,light blue,round,red,yes,EO_152071_ccrop.jpg,train
EO_152760_ccrop.jpg,Eosinophil,big,round,segmented-bilobed,low,densely,no,clear,light blue,round,red,yes,EO_152760_ccrop.jpg,train
EO_152922_ccrop.jpg,Eosinophil,small,round,segmented-bilobed,low,densely,no,clear,light blue,round,red,yes,EO_152922_ccrop.jpg,train
EO_154678_ccrop.jpg,Eosinophil,small,round,segmented-bilobed,low,densely,no,clear,light blue,round,red,yes,EO_154678_ccrop.jpg,train
EO_155105_ccrop.jpg,Eosinophil,big,irregular,segmented-bilobed,low,densely,no,clear,light blue,round,red,yes,EO_155105_ccrop.jpg,train
EO_1554_ccrop.jpg,Eosinophil,small,round,segmented-bilobed,low,densely,no,clear,light blue,round,red,yes,EO_1554_ccrop.jpg,train
EO_155442_ccrop.jpg,Eosinophil,big,round,segmented-multilobed,low,densely,no,clear,light blue,round,red,yes,EO_155442_ccrop.jpg,train
EO_155874_ccrop.jpg,Eosinophil,small,round,unsegmented-band,low,densely,no,clear,light blue,round,red,yes,EO_155874_ccrop.jpg,train
EO_1567_ccrop.jpg,Eosinophil,small,round,segmented-bilobed,low,densely,no,clear,light blue,round,red,yes,EO_1567_ccrop.jpg,train
EO_157176_ccrop.jpg,Eosinophil,small,round,segmented-multilobed,low,densely,no,clear,light blue,round,red,yes,EO_157176_ccrop.jpg,train
EO_157965_ccrop.jpg,Eosinophil,big,round,segmented-bilobed,low,densely,no,clear,light blue,round,red,yes,EO_157965_ccrop.jpg,train
EO_158003_ccrop.jpg,Eosinophil,small,round,segmented-bilobed,low,densely,no,clear,light blue,round,red,yes,EO_158003_ccrop.jpg,train
EO_158113_ccrop.jpg,Eosinophil,small,round,unsegmented-band,low,densely,no,clear,light blue,round,red,yes,EO_158113_ccrop.jpg,train
EO_158845_ccrop.jpg,Eosinophil,big,round,segmented-bilobed,low,densely,no,clear,light blue,round,red,yes,EO_158845_ccrop.jpg,train
EO_159306_ccrop.jpg,Eosinophil,small,round,segmented-bilobed,low,densely,no,clear,light blue,round,red,yes,EO_159306_ccrop.jpg,train
EO_159731_ccrop.jpg,Eosinophil,big,round,segmented-bilobed,low,densely,no,clear,light blue,round,red,yes,EO_159731_ccrop.jpg,train
EO_159892_ccrop.jpg,Eosinophil,big,round,segmented-bilobed,low,densely,no,clear,light blue,round,red,yes,EO_159892_ccrop.jpg,train
EO_16004_ccrop.jpg,Eosinophil,small,round,segmented-bilobed,low,densely,no,clear,light blue,round,red,yes,EO_16004_ccrop.jpg,train
EO_160566_ccrop.jpg,Eosinophil,big,round,segmented-bilobed,low,densely,no,clear,light blue,round,red,yes,EO_160566_ccrop.jpg,train
EO_161474_ccrop.jpg,Eosinophil,small,round,segmented-multilobed,low,densely,no,clear,light blue,round,red,yes,EO_161474_ccrop.jpg,train
EO_161563_ccrop.jpg,Eosinophil,big,round,segmented-bilobed,low,densely,no,clear,light blue,round,red,yes,EO_161563_ccrop.jpg,train
EO_161656_ccrop.jpg,Eosinophil,big,round,segmented-bilobed,low,densely,no,clear,light blue,round,red,yes,EO_161656_ccrop.jpg,train
EO_161989_ccrop.jpg,Eosinophil,big,round,unsegmented-indented,low,densely,no,clear,light blue,round,red,yes,EO_161989_ccrop.jpg,train
EO_162015_ccrop.jpg,Eosinophil,small,round,unsegmented-band,low,densely,no,clear,light blue,round,red,yes,EO_162015_ccrop.jpg,train
EO_162059_ccrop.jpg,Eosinophil,big,round,segmented-bilobed,low,densely,no,clear,light blue,round,red,yes,EO_162059_ccrop.jpg,train
EO_162162_ccrop.jpg,Eosinophil,big,irregular,segmented-bilobed,low,densely,no,clear,light blue,round,red,yes,EO_162162_ccrop.jpg,train
EO_16249708_ccrop.jpg,Eosinophil,big,round,segmented-bilobed,low,densely,no,clear,light blue,round,red,yes,EO_16249708_ccrop.jpg,train
EO_162984_ccrop.jpg,Eosinophil,small,round,segmented-bilobed,low,densely,no,clear,light blue,round,red,yes,EO_162984_ccrop.jpg,train
EO_163661_ccrop.jpg,Eosinophil,big,round,segmented-multilobed,low,densely,no,clear,light blue,round,red,yes,EO_163661_ccrop.jpg,train
EO_163905_ccrop.jpg,Eosinophil,big,round,segmented-bilobed,low,densely,no,clear,light blue,round,red,yes,EO_163905_ccrop.jpg,train
EO_16412_ccrop.jpg,Eosinophil,small,round,segmented-bilobed,low,densely,no,clear,light blue,round,red,yes,EO_16412_ccrop.jpg,train
EO_164277_ccrop.jpg,Eosinophil,big,round,segmented-bilobed,low,densely,no,clear,light blue,round,red,yes,EO_164277_ccrop.jpg,train
EO_164354_ccrop.jpg,Eosinophil,small,round,segmented-multilobed,low,densely,no,clear,light blue,round,red,yes,EO_164354_ccrop.jpg,train
EO_164571_ccrop.jpg,Eosinophil,small,round,segmented-multilobed,low,densely,yes,clear,light blue,round,red,yes,EO_164571_ccrop.jpg,train
EO_164591_ccrop.jpg,Eosinophil,small,round,segmented-bilobed,low,densely,no,clear,light blue,round,red,yes,EO_164591_ccrop.jpg,train
EO_164931_ccrop.jpg,Eosinophil,small,round,segmented-bilobed,low,densely,no,clear,light blue,round,red,yes,EO_164931_ccrop.jpg,train
EO_1651_ccrop.jpg,Eosinophil,small,round,segmented-bilobed,low,densely,no,clear,light blue,round,red,yes,EO_1651_ccrop.jpg,train
EO_165152_ccrop.jpg,Eosinophil,small,round,segmented-multilobed,low,densely,no,clear,light blue,round,red,yes,EO_165152_ccrop.jpg,train
EO_165454_ccrop.jpg,Eosinophil,big,round,segmented-bilobed,low,densely,no,clear,light blue,round,red,yes,EO_165454_ccrop.jpg,train
EO_165986_ccrop.jpg,Eosinophil,small,round,segmented-bilobed,low,densely,no,clear,light blue,round,red,yes,EO_165986_ccrop.jpg,train
EO_166013_ccrop.jpg,Eosinophil,small,round,segmented-bilobed,low,densely,no,clear,light blue,round,red,yes,EO_166013_ccrop.jpg,train
EO_166195_ccrop.jpg,Eosinophil,small,round,segmented-bilobed,low,densely,no,clear,light blue,round,red,yes,EO_166195_ccrop.jpg,train
EO_166242_ccrop.jpg,Eosinophil,small,round,segmented-bilobed,low,densely,no,clear,light blue,round,red,yes,EO_166242_ccrop.jpg,train
EO_166340_ccrop.jpg,Eosinophil,small,round,segmented-bilobed,low,densely,no,clear,light blue,round,red,yes,EO_166340_ccrop.jpg,train
EO_166572_ccrop.jpg,Eosinophil,small,round,segmented-bilobed,low,densely,no,clear,light blue,round,red,yes,EO_166572_ccrop.jpg,train
EO_166978_ccrop.jpg,Eosinophil,small,round,segmented-multilobed,low,densely,no,clear,light blue,round,red,yes,EO_166978_ccrop.jpg,train
EO_168740_ccrop.jpg,Eosinophil,small,round,segmented-bilobed,low,densely,no,clear,light blue,round,red,yes,EO_168740_ccrop.jpg,train
EO_168745_ccrop.jpg,Eosinophil,small,round,segmented-multilobed,low,densely,no,clear,light blue,round,red,yes,EO_168745_ccrop.jpg,train
EO_16926_ccrop.jpg,Eosinophil,small,round,segmented-bilobed,low,densely,no,clear,light blue,round,red,yes,EO_16926_ccrop.jpg,train
EO_169661_ccrop.jpg,Eosinophil,big,round,unsegmented-band,low,densely,no,clear,light blue,round,red,yes,EO_169661_ccrop.jpg,train
EO_170131_ccrop.jpg,Eosinophil,big,round,segmented-multilobed,low,densely,no,clear,light blue,round,red,yes,EO_170131_ccrop.jpg,train
EO_17039_ccrop.jpg,Eosinophil,small,round,segmented-bilobed,low,densely,no,clear,light blue,round,red,yes,EO_17039_ccrop.jpg,train
EO_170468_ccrop.jpg,Eosinophil,big,round,unsegmented-band,low,densely,no,clear,light blue,round,red,yes,EO_170468_ccrop.jpg,train
EO_170787_ccrop.jpg,Eosinophil,small,round,segmented-multilobed,low,densely,no,clear,light blue,round,red,yes,EO_170787_ccrop.jpg,train
EO_170889_ccrop.jpg,Eosinophil,small,round,segmented-multilobed,low,densely,no,clear,light blue,round,red,yes,EO_170889_ccrop.jpg,train
EO_171660_ccrop.jpg,Eosinophil,small,round,segmented-bilobed,low,densely,no,clear,light blue,round,red,yes,EO_171660_ccrop.jpg,train
EO_171706_ccrop.jpg,Eosinophil,small,round,segmented-multilobed,low,densely,no,clear,light blue,round,red,yes,EO_171706_ccrop.jpg,train
EO_172217_ccrop.jpg,Eosinophil,small,round,unsegmented-band,low,densely,no,clear,light blue,round,red,yes,EO_172217_ccrop.jpg,train
EO_172593_ccrop.jpg,Eosinophil,small,round,unsegmented-indented,low,densely,no,clear,light blue,round,red,yes,EO_172593_ccrop.jpg,train
EO_172632_ccrop.jpg,Eosinophil,small,round,unsegmented-band,low,densely,no,clear,light blue,round,red,yes,EO_172632_ccrop.jpg,train
EO_173647_ccrop.jpg,Eosinophil,small,round,segmented-bilobed,low,densely,no,clear,light blue,round,red,yes,EO_173647_ccrop.jpg,train
EO_174385_ccrop.jpg,Eosinophil,small,round,segmented-bilobed,low,densely,no,clear,light blue,round,red,yes,EO_174385_ccrop.jpg,train
EO_174410_ccrop.jpg,Eosinophil,big,irregular,segmented-multilobed,low,densely,no,clear,light blue,round,red,yes,EO_174410_ccrop.jpg,train
EO_175923_ccrop.jpg,Eosinophil,big,round,segmented-bilobed,low,densely,no,clear,light blue,round,red,yes,EO_175923_ccrop.jpg,train
EO_177975_ccrop.jpg,Eosinophil,small,round,segmented-bilobed,low,densely,no,clear,light blue,round,red,yes,EO_177975_ccrop.jpg,train
EO_178324_ccrop.jpg,Eosinophil,big,round,segmented-bilobed,low,densely,no,clear,light blue,round,red,yes,EO_178324_ccrop.jpg,train
EO_179046_ccrop.jpg,Eosinophil,big,irregular,segmented-multilobed,low,densely,no,clear,light blue,round,red,yes,EO_179046_ccrop.jpg,train
EO_180121_ccrop.jpg,Eosinophil,big,round,segmented-multilobed,low,densely,no,clear,light blue,round,red,yes,EO_180121_ccrop.jpg,train
EO_180811_ccrop.jpg,Eosinophil,small,round,segmented-multilobed,low,densely,no,clear,light blue,round,red,yes,EO_180811_ccrop.jpg,train
EO_18363_ccrop.jpg,Eosinophil,big,irregular,segmented-multilobed,low,densely,no,clear,light blue,round,red,yes,EO_18363_ccrop.jpg,train
EO_18395_ccrop.jpg,Eosinophil,small,round,segmented-multilobed,low,densely,no,clear,light blue,round,red,yes,EO_18395_ccrop.jpg,train
EO_185749_ccrop.jpg,Eosinophil,small,round,segmented-multilobed,low,densely,no,clear,light blue,round,red,yes,EO_185749_ccrop.jpg,train
EO_186769_ccrop.jpg,Eosinophil,small,round,segmented-bilobed,low,densely,no,clear,light blue,round,red,yes,EO_186769_ccrop.jpg,train
EO_18685_ccrop.jpg,Eosinophil,big,round,segmented-bilobed,low,densely,no,clear,light blue,round,red,yes,EO_18685_ccrop.jpg,train
EO_188199_ccrop.jpg,Eosinophil,big,round,segmented-bilobed,low,densely,no,clear,light blue,round,red,yes,EO_188199_ccrop.jpg,train
EO_188612_ccrop.jpg,Eosinophil,small,round,segmented-bilobed,low,densely,no,clear,light blue,round,red,yes,EO_188612_ccrop.jpg,train
EO_188943_ccrop.jpg,Eosinophil,big,round,segmented-bilobed,low,densely,no,clear,light blue,round,red,yes,EO_188943_ccrop.jpg,train
EO_189266_ccrop.jpg,Eosinophil,small,round,segmented-bilobed,low,densely,no,clear,light blue,round,red,yes,EO_189266_ccrop.jpg,train
EO_189413_ccrop.jpg,Eosinophil,small,round,segmented-bilobed,low,densely,no,clear,light blue,round,red,yes,EO_189413_ccrop.jpg,train
EO_189430_ccrop.jpg,Eosinophil,small,round,segmented-bilobed,low,densely,no,clear,light blue,round,red,yes,EO_189430_ccrop.jpg,train
EO_189610_ccrop.jpg,Eosinophil,small,round,segmented-bilobed,low,densely,no,clear,light blue,round,red,yes,EO_189610_ccrop.jpg,train
EO_189922_ccrop.jpg,Eosinophil,small,round,segmented-bilobed,low,densely,no,clear,light blue,round,red,yes,EO_189922_ccrop.jpg,train
EO_19043_ccrop.jpg,Eosinophil,small,round,segmented-multilobed,low,densely,no,clear,light blue,round,red,yes,EO_19043_ccrop.jpg,train
EO_190539_ccrop.jpg,Eosinophil,small,round,segmented-bilobed,low,densely,no,clear,light blue,round,red,yes,EO_190539_ccrop.jpg,train
EO_190993_ccrop.jpg,Eosinophil,small,round,segmented-bilobed,low,densely,no,clear,light blue,round,red,yes,EO_190993_ccrop.jpg,train
EO_191029_ccrop.jpg,Eosinophil,big,round,segmented-bilobed,low,densely,no,clear,light blue,round,red,yes,EO_191029_ccrop.jpg,train
EO_192128_ccrop.jpg,Eosinophil,big,round,segmented-multilobed,low,densely,no,clear,light blue,round,red,yes,EO_192128_ccrop.jpg,train
EO_192449_ccrop.jpg,Eosinophil,small,round,segmented-multilobed,low,densely,no,clear,light blue,round,red,yes,EO_192449_ccrop.jpg,train
EO_192945_ccrop.jpg,Eosinophil,small,round,segmented-bilobed,low,densely,no,clear,light blue,round,red,yes,EO_192945_ccrop.jpg,train
EO_194014_ccrop.jpg,Eosinophil,big,round,segmented-multilobed,low,densely,no,clear,light blue,round,red,yes,EO_194014_ccrop.jpg,train
EO_194256_ccrop.jpg,Eosinophil,big,round,segmented-bilobed,low,densely,no,clear,light blue,round,red,yes,EO_194256_ccrop.jpg,train
EO_195559_ccrop.jpg,Eosinophil,small,round,segmented-bilobed,low,densely,no,clear,light blue,round,red,yes,EO_195559_ccrop.jpg,train
EO_195564_ccrop.jpg,Eosinophil,small,round,segmented-bilobed,low,densely,no,clear,light blue,round,red,yes,EO_195564_ccrop.jpg,train
EO_195696_ccrop.jpg,Eosinophil,big,round,segmented-bilobed,low,densely,no,clear,light blue,round,red,yes,EO_195696_ccrop.jpg,train
EO_196236_ccrop.jpg,Eosinophil,small,round,segmented-multilobed,low,densely,no,clear,light blue,round,red,yes,EO_196236_ccrop.jpg,train
EO_197001_ccrop.jpg,Eosinophil,small,round,segmented-bilobed,low,densely,no,clear,light blue,nil,red,yes,EO_197001_ccrop.jpg,train
EO_197212_ccrop.jpg,Eosinophil,big,round,segmented-bilobed,low,densely,no,clear,light blue,round,red,yes,EO_197212_ccrop.jpg,train
EO_197217_ccrop.jpg,Eosinophil,big,round,segmented-bilobed,low,densely,no,clear,light blue,round,red,yes,EO_197217_ccrop.jpg,train
EO_197585_ccrop.jpg,Eosinophil,small,round,segmented-multilobed,low,densely,no,clear,light blue,round,red,yes,EO_197585_ccrop.jpg,train
EO_198519_ccrop.jpg,Eosinophil,big,round,segmented-bilobed,low,densely,no,clear,light blue,round,red,yes,EO_198519_ccrop.jpg,train
EO_199314_ccrop.jpg,Eosinophil,big,round,unsegmented-indented,low,densely,no,clear,light blue,round,red,yes,EO_199314_ccrop.jpg,train
EO_199651_ccrop.jpg,Eosinophil,big,round,segmented-bilobed,low,densely,no,clear,light blue,round,red,yes,EO_199651_ccrop.jpg,train
EO_200824_ccrop.jpg,Eosinophil,big,round,segmented-bilobed,low,densely,no,clear,light blue,round,red,yes,EO_200824_ccrop.jpg,train
EO_200974_ccrop.jpg,Eosinophil,big,round,segmented-bilobed,low,densely,no,clear,light blue,round,red,yes,EO_200974_ccrop.jpg,train
EO_201431_ccrop.jpg,Eosinophil,small,round,segmented-multilobed,low,densely,no,clear,light blue,round,red,yes,EO_201431_ccrop.jpg,train
EO_201647_ccrop.jpg,Eosinophil,small,round,segmented-bilobed,low,densely,no,clear,light blue,round,red,yes,EO_201647_ccrop.jpg,train
EO_202912_ccrop.jpg,Eosinophil,small,round,segmented-bilobed,low,densely,no,clear,light blue,round,red,yes,EO_202912_ccrop.jpg,train
EO_20293_ccrop.jpg,Eosinophil,small,round,segmented-multilobed,low,densely,no,clear,light blue,round,red,yes,EO_20293_ccrop.jpg,train
EO_204284_ccrop.jpg,Eosinophil,big,round,segmented-bilobed,low,densely,no,clear,light blue,round,red,yes,EO_204284_ccrop.jpg,train
EO_204781_ccrop.jpg,Eosinophil,big,round,segmented-bilobed,low,densely,no,clear,light blue,round,red,yes,EO_204781_ccrop.jpg,train
EO_206279_ccrop.jpg,Eosinophil,big,round,segmented-multilobed,low,densely,no,clear,light blue,round,red,yes,EO_206279_ccrop.jpg,train
EO_20674_ccrop.jpg,Eosinophil,big,round,segmented-bilobed,low,densely,no,clear,light blue,round,red,yes,EO_20674_ccrop.jpg,train
EO_207420_ccrop.jpg,Eosinophil,big,round,segmented-bilobed,low,densely,no,clear,light blue,round,red,yes,EO_207420_ccrop.jpg,train
EO_207951_ccrop.jpg,Eosinophil,big,round,segmented-bilobed,low,densely,no,clear,light blue,round,red,yes,EO_207951_ccrop.jpg,train
EO_208094_ccrop.jpg,Eosinophil,big,round,unsegmented-band,low,densely,no,clear,light blue,round,red,yes,EO_208094_ccrop.jpg,train
EO_209177_ccrop.jpg,Eosinophil,big,round,segmented-bilobed,low,densely,no,clear,light blue,round,red,yes,EO_209177_ccrop.jpg,train
EO_209227_ccrop.jpg,Eosinophil,small,round,unsegmented-band,low,densely,no,clear,light blue,round,red,yes,EO_209227_ccrop.jpg,train
EO_209322_ccrop.jpg,Eosinophil,small,round,segmented-bilobed,low,densely,no,clear,light blue,round,red,yes,EO_209322_ccrop.jpg,train
EO_20991_ccrop.jpg,Eosinophil,big,round,segmented-bilobed,low,densely,no,clear,light blue,round,red,yes,EO_20991_ccrop.jpg,train
EO_210291_ccrop.jpg,Eosinophil,big,round,segmented-bilobed,low,densely,no,clear,light blue,round,red,yes,EO_210291_ccrop.jpg,train
EO_210368_ccrop.jpg,Eosinophil,big,round,segmented-bilobed,low,densely,no,clear,light blue,round,red,yes,EO_210368_ccrop.jpg,train
EO_210789_ccrop.jpg,Eosinophil,big,round,segmented-bilobed,low,densely,no,clear,light blue,round,red,yes,EO_210789_ccrop.jpg,train
EO_211090_ccrop.jpg,Eosinophil,big,round,segmented-multilobed,low,densely,no,clear,light blue,round,red,yes,EO_211090_ccrop.jpg,train
EO_211405_ccrop.jpg,Eosinophil,big,round,segmented-bilobed,low,densely,yes,clear,light blue,round,red,yes,EO_211405_ccrop.jpg,train
EO_212014_ccrop.jpg,Eosinophil,big,round,segmented-bilobed,low,densely,no,clear,light blue,round,red,yes,EO_212014_ccrop.jpg,train
EO_212482_ccrop.jpg,Eosinophil,small,round,segmented-bilobed,low,densely,no,clear,blue,round,red,yes,EO_212482_ccrop.jpg,train
EO_212509_ccrop.jpg,Eosinophil,big,round,segmented-bilobed,low,densely,no,clear,light blue,round,red,yes,EO_212509_ccrop.jpg,train
EO_212511_ccrop.jpg,Eosinophil,small,round,segmented-multilobed,low,densely,no,clear,light blue,round,red,yes,EO_212511_ccrop.jpg,train
EO_213116_ccrop.jpg,Eosinophil,big,round,segmented-bilobed,low,densely,no,clear,light blue,round,red,yes,EO_213116_ccrop.jpg,train
EO_213515_ccrop.jpg,Eosinophil,big,round,segmented-bilobed,low,densely,no,clear,light blue,round,red,yes,EO_213515_ccrop.jpg,train
EO_213595_ccrop.jpg,Eosinophil,big,round,segmented-bilobed,low,densely,no,clear,light blue,round,red,yes,EO_213595_ccrop.jpg,train
EO_214115_ccrop.jpg,Eosinophil,big,irregular,segmented-bilobed,low,densely,no,clear,light blue,round,red,yes,EO_214115_ccrop.jpg,train
EO_214340_ccrop.jpg,Eosinophil,big,round,segmented-bilobed,low,densely,no,clear,light blue,round,red,yes,EO_214340_ccrop.jpg,train
EO_214664_ccrop.jpg,Eosinophil,small,round,segmented-bilobed,low,densely,no,clear,light blue,round,red,yes,EO_214664_ccrop.jpg,train
EO_214761_ccrop.jpg,Eosinophil,big,round,segmented-bilobed,low,densely,no,clear,light blue,round,red,yes,EO_214761_ccrop.jpg,train
EO_215945_ccrop.jpg,Eosinophil,big,round,segmented-bilobed,low,densely,no,clear,light blue,round,red,yes,EO_215945_ccrop.jpg,train
EO_216756_ccrop.jpg,Eosinophil,small,round,segmented-bilobed,low,densely,no,clear,light blue,round,red,yes,EO_216756_ccrop.jpg,train
EO_216862_ccrop.jpg,Eosinophil,big,round,unsegmented-band,low,densely,no,clear,light blue,round,red,yes,EO_216862_ccrop.jpg,train
EO_217069_ccrop.jpg,Eosinophil,big,round,segmented-multilobed,low,densely,no,clear,light blue,round,red,yes,EO_217069_ccrop.jpg,train
EO_218066_ccrop.jpg,Eosinophil,small,round,segmented-bilobed,low,densely,no,clear,light blue,round,red,yes,EO_218066_ccrop.jpg,train
EO_218071_ccrop.jpg,Eosinophil,big,round,unsegmented-indented,low,densely,no,clear,light blue,round,red,yes,EO_218071_ccrop.jpg,train
EO_218637_ccrop.jpg,Eosinophil,small,round,segmented-bilobed,low,densely,no,clear,light blue,round,red,yes,EO_218637_ccrop.jpg,train
EO_219068_ccrop.jpg,Eosinophil,small,round,segmented-bilobed,low,densely,no,clear,light blue,round,red,yes,EO_219068_ccrop.jpg,train
EO_219842_ccrop.jpg,Eosinophil,small,round,segmented-bilobed,low,densely,no,clear,light blue,round,red,yes,EO_219842_ccrop.jpg,train
EO_219955_ccrop.jpg,Eosinophil,big,round,segmented-multilobed,low,densely,no,clear,light blue,round,red,yes,EO_219955_ccrop.jpg,train
EO_220099_ccrop.jpg,Eosinophil,big,round,segmented-multilobed,low,densely,no,clear,light blue,round,red,yes,EO_220099_ccrop.jpg,train
EO_220125_ccrop.jpg,Eosinophil,small,round,segmented-bilobed,low,densely,no,clear,light blue,round,red,yes,EO_220125_ccrop.jpg,train
EO_220632_ccrop.jpg,Eosinophil,big,round,segmented-bilobed,low,densely,no,clear,light blue,round,red,yes,EO_220632_ccrop.jpg,train
EO_220741_ccrop.jpg,Eosinophil,big,round,segmented-bilobed,low,densely,no,clear,light blue,round,red,yes,EO_220741_ccrop.jpg,train
EO_220789_ccrop.jpg,Eosinophil,big,round,segmented-multilobed,low,densely,no,clear,light blue,round,red,yes,EO_220789_ccrop.jpg,train
EO_220816_ccrop.jpg,Eosinophil,small,round,segmented-bilobed,low,densely,no,clear,light blue,round,red,yes,EO_220816_ccrop.jpg,train
EO_220964_ccrop.jpg,Eosinophil,big,irregular,segmented-bilobed,low,densely,no,clear,light blue,round,red,yes,EO_220964_ccrop.jpg,train
EO_220987_ccrop.jpg,Eosinophil,small,round,segmented-multilobed,low,densely,no,clear,light blue,round,red,yes,EO_220987_ccrop.jpg,train
EO_221941_ccrop.jpg,Eosinophil,small,round,segmented-multilobed,low,densely,no,clear,light blue,round,red,yes,EO_221941_ccrop.jpg,train
EO_221996_ccrop.jpg,Eosinophil,big,irregular,segmented-bilobed,low,densely,no,clear,light blue,round,red,yes,EO_221996_ccrop.jpg,train
EO_222279_ccrop.jpg,Eosinophil,small,round,segmented-bilobed,low,densely,no,clear,light blue,round,red,yes,EO_222279_ccrop.jpg,train
EO_222692_ccrop.jpg,Eosinophil,big,irregular,segmented-bilobed,low,densely,no,clear,light blue,round,red,yes,EO_222692_ccrop.jpg,train
EO_223595_ccrop.jpg,Eosinophil,small,round,segmented-multilobed,low,densely,no,clear,light blue,round,red,yes,EO_223595_ccrop.jpg,train
EO_223868_ccrop.jpg,Eosinophil,big,round,segmented-bilobed,low,densely,no,clear,light blue,round,red,yes,EO_223868_ccrop.jpg,train
EO_224009_ccrop.jpg,Eosinophil,big,round,segmented-bilobed,low,densely,no,clear,light blue,round,red,yes,EO_224009_ccrop.jpg,train
EO_224302_ccrop.jpg,Eosinophil,small,round,segmented-bilobed,low,densely,no,clear,light blue,round,red,yes,EO_224302_ccrop.jpg,train
EO_224498_ccrop.jpg,Eosinophil,big,round,segmented-multilobed,low,densely,no,clear,light blue,round,red,yes,EO_224498_ccrop.jpg,train
EO_225016_ccrop.jpg,Eosinophil,small,round,segmented-bilobed,low,densely,no,clear,light blue,round,red,yes,EO_225016_ccrop.jpg,train
EO_225123_ccrop.jpg,Eosinophil,small,round,segmented-bilobed,low,densely,no,clear,light blue,round,red,yes,EO_225123_ccrop.jpg,train
EO_225257_ccrop.jpg,Eosinophil,small,irregular,segmented-bilobed,low,densely,no,clear,light blue,round,red,yes,EO_225257_ccrop.jpg,train
EO_2253_ccrop.jpg,Eosinophil,small,round,segmented-multilobed,low,densely,no,clear,light blue,round,red,yes,EO_2253_ccrop.jpg,train
EO_225481_ccrop.jpg,Eosinophil,small,round,segmented-bilobed,low,densely,no,clear,light blue,round,red,yes,EO_225481_ccrop.jpg,train
EO_225755_ccrop.jpg,Eosinophil,big,round,segmented-bilobed,low,densely,no,clear,light blue,round,red,yes,EO_225755_ccrop.jpg,train
EO_226872_ccrop.jpg,Eosinophil,big,round,segmented-multilobed,low,densely,no,clear,light blue,round,red,yes,EO_226872_ccrop.jpg,train
EO_227113_ccrop.jpg,Eosinophil,big,round,segmented-bilobed,low,densely,no,clear,light blue,round,red,yes,EO_227113_ccrop.jpg,train
EO_227519_ccrop.jpg,Eosinophil,big,round,segmented-bilobed,low,densely,no,clear,light blue,round,red,yes,EO_227519_ccrop.jpg,train
EO_228035_ccrop.jpg,Eosinophil,small,irregular,segmented-bilobed,low,densely,no,clear,light blue,round,red,yes,EO_228035_ccrop.jpg,train
EO_22814_ccrop.jpg,Eosinophil,small,round,segmented-bilobed,low,densely,no,clear,light blue,round,red,yes,EO_22814_ccrop.jpg,train
EO_229336_ccrop.jpg,Eosinophil,small,round,segmented-bilobed,low,densely,no,clear,light blue,round,red,yes,EO_229336_ccrop.jpg,train
EO_229348_ccrop.jpg,Eosinophil,big,irregular,irregular,low,loosely,no,clear,light blue,round,red,yes,EO_229348_ccrop.jpg,train
EO_229495_ccrop.jpg,Eosinophil,small,round,segmented-bilobed,low,densely,no,clear,light blue,round,red,yes,EO_229495_ccrop.jpg,train
EO_229502_ccrop.jpg,Eosinophil,big,round,segmented-bilobed,low,densely,no,clear,light blue,round,red,yes,EO_229502_ccrop.jpg,train
EO_230241_ccrop.jpg,Eosinophil,small,round,segmented-bilobed,low,densely,no,clear,light blue,round,red,yes,EO_230241_ccrop.jpg,train
EO_230870_ccrop.jpg,Eosinophil,small,round,segmented-bilobed,low,densely,no,clear,light blue,round,red,yes,EO_230870_ccrop.jpg,train
EO_230938_ccrop.jpg,Eosinophil,big,round,segmented-bilobed,low,densely,no,clear,light blue,round,red,yes,EO_230938_ccrop.jpg,train
EO_231321_ccrop.jpg,Eosinophil,small,round,segmented-multilobed,low,densely,no,clear,light blue,round,red,yes,EO_231321_ccrop.jpg,train
EO_23194_ccrop.jpg,Eosinophil,small,round,segmented-bilobed,low,densely,no,clear,light blue,round,red,yes,EO_23194_ccrop.jpg,train
EO_232464_ccrop.jpg,Eosinophil,small,round,segmented-bilobed,low,densely,no,clear,light blue,round,red,yes,EO_232464_ccrop.jpg,train
EO_232961_ccrop.jpg,Eosinophil,big,round,segmented-bilobed,low,densely,no,clear,light blue,round,red,yes,EO_232961_ccrop.jpg,train
EO_233225_ccrop.jpg,Eosinophil,big,round,segmented-multilobed,low,densely,no,clear,light blue,round,red,yes,EO_233225_ccrop.jpg,train
EO_233482_ccrop.jpg,Eosinophil,big,round,segmented-multilobed,low,densely,no,clear,light blue,round,red,yes,EO_233482_ccrop.jpg,train
EO_233502_ccrop.jpg,Eosinophil,big,round,segmented-multilobed,low,densely,no,clear,light blue,round,red,yes,EO_233502_ccrop.jpg,train
EO_233532_ccrop.jpg,Eosinophil,small,round,segmented-bilobed,low,densely,no,clear,light blue,round,red,yes,EO_233532_ccrop.jpg,train
EO_234166_ccrop.jpg,Eosinophil,big,round,segmented-bilobed,low,densely,no,clear,light blue,round,red,yes,EO_234166_ccrop.jpg,train
EO_23571_ccrop.jpg,Eosinophil,small,round,segmented-bilobed,low,densely,no,clear,light blue,round,red,yes,EO_23571_ccrop.jpg,train
EO_235932_ccrop.jpg,Eosinophil,small,round,segmented-bilobed,low,densely,no,clear,light blue,round,red,yes,EO_235932_ccrop.jpg,train
EO_236288_ccrop.jpg,Eosinophil,big,round,segmented-multilobed,low,densely,no,clear,light blue,round,red,yes,EO_236288_ccrop.jpg,train
EO_236852_ccrop.jpg,Eosinophil,small,round,segmented-bilobed,low,densely,no,clear,light blue,round,red,yes,EO_236852_ccrop.jpg,train
EO_236965_ccrop.jpg,Eosinophil,small,round,segmented-bilobed,low,densely,no,clear,light blue,round,red,yes,EO_236965_ccrop.jpg,train
EO_23704_ccrop.jpg,Eosinophil,big,round,segmented-multilobed,low,densely,no,clear,light blue,round,red,yes,EO_23704_ccrop.jpg,train
EO_237789_ccrop.jpg,Eosinophil,small,round,segmented-bilobed,low,densely,no,clear,light blue,round,red,yes,EO_237789_ccrop.jpg,train
EO_237851_ccrop.jpg,Eosinophil,big,round,unsegmented-band,low,densely,no,clear,light blue,round,red,yes,EO_237851_ccrop.jpg,train
EO_238985_ccrop.jpg,Eosinophil,small,round,unsegmented-band,low,densely,no,clear,light blue,round,red,yes,EO_238985_ccrop.jpg,train
EO_239013_ccrop.jpg,Eosinophil,small,irregular,segmented-bilobed,low,densely,no,clear,light blue,round,red,yes,EO_239013_ccrop.jpg,train
EO_239340_ccrop.jpg,Eosinophil,big,round,segmented-bilobed,low,densely,no,clear,light blue,round,red,yes,EO_239340_ccrop.jpg,train
EO_23944298_ccrop.jpg,Eosinophil,big,round,segmented-bilobed,low,densely,no,clear,light blue,round,red,yes,EO_23944298_ccrop.jpg,train
EO_239936_ccrop.jpg,Eosinophil,small,round,segmented-multilobed,low,densely,no,clear,light blue,round,red,yes,EO_239936_ccrop.jpg,train
EO_240232_ccrop.jpg,Eosinophil,small,round,segmented-bilobed,low,densely,no,clear,light blue,round,red,yes,EO_240232_ccrop.jpg,train
EO_240352_ccrop.jpg,Eosinophil,small,round,segmented-bilobed,low,densely,no,clear,light blue,round,red,yes,EO_240352_ccrop.jpg,train
EO_24074_ccrop.jpg,Eosinophil,big,round,segmented-bilobed,low,densely,no,clear,light blue,round,red,yes,EO_24074_ccrop.jpg,train
EO_240829_ccrop.jpg,Eosinophil,small,round,segmented-multilobed,low,densely,no,clear,light blue,round,red,yes,EO_240829_ccrop.jpg,train
EO_241392_ccrop.jpg,Eosinophil,big,round,segmented-bilobed,low,densely,no,clear,light blue,round,red,yes,EO_241392_ccrop.jpg,train
EO_241482_ccrop.jpg,Eosinophil,small,round,segmented-bilobed,low,densely,no,clear,light blue,round,red,yes,EO_241482_ccrop.jpg,train
EO_241971_ccrop.jpg,Eosinophil,big,round,segmented-bilobed,low,densely,no,clear,light blue,round,red,yes,EO_241971_ccrop.jpg,train
EO_242314_ccrop.jpg,Eosinophil,big,round,segmented-bilobed,low,densely,no,clear,light blue,round,red,yes,EO_242314_ccrop.jpg,train
EO_244789_ccrop.jpg,Eosinophil,big,round,segmented-bilobed,low,densely,no,clear,light blue,round,red,yes,EO_244789_ccrop.jpg,train
EO_244915_ccrop.jpg,Eosinophil,big,round,segmented-multilobed,low,densely,no,clear,light blue,round,red,yes,EO_244915_ccrop.jpg,train
EO_24568_ccrop.jpg,Eosinophil,small,round,segmented-multilobed,low,densely,no,clear,light blue,round,red,yes,EO_24568_ccrop.jpg,train
EO_24569_ccrop.jpg,Eosinophil,small,round,segmented-bilobed,low,densely,no,clear,light blue,round,red,yes,EO_24569_ccrop.jpg,train
EO_245768_ccrop.jpg,Eosinophil,small,round,segmented-multilobed,low,densely,no,clear,light blue,round,red,yes,EO_245768_ccrop.jpg,train
EO_246684_ccrop.jpg,Eosinophil,small,round,segmented-multilobed,low,densely,no,clear,light blue,round,red,yes,EO_246684_ccrop.jpg,train
EO_247048_ccrop.jpg,Eosinophil,big,round,segmented-bilobed,low,densely,no,clear,light blue,round,red,yes,EO_247048_ccrop.jpg,train
EO_247089_ccrop.jpg,Eosinophil,small,round,segmented-multilobed,low,densely,no,clear,light blue,round,red,yes,EO_247089_ccrop.jpg,train
EO_247113_ccrop.jpg,Eosinophil,big,round,segmented-bilobed,low,densely,no,clear,light blue,round,red,yes,EO_247113_ccrop.jpg,train
EO_247374_ccrop.jpg,Eosinophil,small,round,segmented-multilobed,low,densely,no,clear,light blue,round,red,yes,EO_247374_ccrop.jpg,train
EO_24753_ccrop.jpg,Eosinophil,small,round,segmented-bilobed,low,densely,no,clear,light blue,round,red,yes,EO_24753_ccrop.jpg,train
EO_247533_ccrop.jpg,Eosinophil,small,round,segmented-multilobed,low,densely,no,clear,light blue,round,red,yes,EO_247533_ccrop.jpg,train
EO_247560_ccrop.jpg,Eosinophil,small,round,segmented-bilobed,low,densely,no,clear,light blue,round,red,yes,EO_247560_ccrop.jpg,train
EO_247735_ccrop.jpg,Eosinophil,big,round,segmented-multilobed,low,densely,no,clear,light blue,round,red,yes,EO_247735_ccrop.jpg,train
EO_247944_ccrop.jpg,Eosinophil,big,round,segmented-multilobed,low,densely,no,clear,light blue,round,red,yes,EO_247944_ccrop.jpg,train
EO_248363_ccrop.jpg,Eosinophil,small,round,segmented-multilobed,low,densely,no,clear,light blue,round,red,yes,EO_248363_ccrop.jpg,train
EO_248809_ccrop.jpg,Eosinophil,small,round,segmented-multilobed,low,densely,no,clear,light blue,round,red,yes,EO_248809_ccrop.jpg,train
EO_248889_ccrop.jpg,Eosinophil,big,round,segmented-bilobed,low,densely,no,clear,light blue,round,red,yes,EO_248889_ccrop.jpg,train
EO_249533_ccrop.jpg,Eosinophil,small,round,segmented-bilobed,low,densely,no,clear,light blue,round,red,yes,EO_249533_ccrop.jpg,train
EO_249877_ccrop.jpg,Eosinophil,big,round,segmented-multilobed,low,densely,no,clear,light blue,round,red,yes,EO_249877_ccrop.jpg,train
EO_250252_ccrop.jpg,Eosinophil,big,round,segmented-bilobed,low,densely,no,clear,light blue,round,red,yes,EO_250252_ccrop.jpg,train
EO_250649_ccrop.jpg,Eosinophil,big,round,segmented-multilobed,low,densely,no,clear,light blue,round,red,yes,EO_250649_ccrop.jpg,train
EO_250701_ccrop.jpg,Eosinophil,small,round,segmented-bilobed,low,densely,no,clear,light blue,round,red,yes,EO_250701_ccrop.jpg,train
EO_251668_ccrop.jpg,Eosinophil,small,round,segmented-bilobed,low,densely,no,clear,light blue,round,red,yes,EO_251668_ccrop.jpg,train
EO_251778_ccrop.jpg,Eosinophil,small,round,segmented-bilobed,low,densely,no,clear,light blue,round,red,yes,EO_251778_ccrop.jpg,train
EO_252025_ccrop.jpg,Eosinophil,big,round,segmented-bilobed,low,densely,no,clear,light blue,round,red,yes,EO_252025_ccrop.jpg,train
EO_252552_ccrop.jpg,Eosinophil,big,round,segmented-bilobed,low,densely,no,clear,light blue,round,red,yes,EO_252552_ccrop.jpg,train
EO_253192_ccrop.jpg,Eosinophil,small,round,segmented-bilobed,low,densely,no,clear,light blue,round,red,yes,EO_253192_ccrop.jpg,train
EO_253370_ccrop.jpg,Eosinophil,big,round,segmented-multilobed,low,densely,no,clear,light blue,round,red,yes,EO_253370_ccrop.jpg,train
EO_253430_ccrop.jpg,Eosinophil,small,round,segmented-bilobed,low,densely,no,clear,light blue,round,red,yes,EO_253430_ccrop.jpg,train
EO_25350_ccrop.jpg,Eosinophil,small,round,segmented-bilobed,low,densely,no,clear,light blue,round,red,yes,EO_25350_ccrop.jpg,train
EO_253983_ccrop.jpg,Eosinophil,big,round,segmented-bilobed,low,densely,no,clear,light blue,round,red,yes,EO_253983_ccrop.jpg,train
EO_255151_ccrop.jpg,Eosinophil,small,round,segmented-multilobed,low,densely,no,clear,light blue,round,red,yes,EO_255151_ccrop.jpg,train
EO_255718_ccrop.jpg,Eosinophil,big,irregular,segmented-bilobed,low,densely,no,clear,light blue,round,red,yes,EO_255718_ccrop.jpg,train
EO_256369_ccrop.jpg,Eosinophil,small,round,segmented-bilobed,low,densely,no,clear,light blue,round,red,yes,EO_256369_ccrop.jpg,train
EO_256532_ccrop.jpg,Eosinophil,small,round,segmented-bilobed,low,densely,no,clear,light blue,round,red,yes,EO_256532_ccrop.jpg,train
EO_2590_ccrop.jpg,Eosinophil,big,round,segmented-bilobed,low,densely,no,clear,light blue,round,red,yes,EO_2590_ccrop.jpg,train
EO_259488_ccrop.jpg,Eosinophil,big,round,segmented-multilobed,low,densely,no,clear,light blue,round,red,yes,EO_259488_ccrop.jpg,train
EO_259856_ccrop.jpg,Eosinophil,small,round,segmented-bilobed,low,densely,no,clear,light blue,round,red,yes,EO_259856_ccrop.jpg,train
EO_2603_ccrop.jpg,Eosinophil,big,round,segmented-bilobed,low,densely,no,clear,light blue,round,red,yes,EO_2603_ccrop.jpg,train
EO_260857_ccrop.jpg,Eosinophil,small,round,segmented-multilobed,low,densely,no,clear,light blue,round,red,yes,EO_260857_ccrop.jpg,train
EO_261009_ccrop.jpg,Eosinophil,small,round,segmented-multilobed,low,densely,no,clear,light blue,round,red,yes,EO_261009_ccrop.jpg,train
EO_261787_ccrop.jpg,Eosinophil,small,round,segmented-multilobed,low,densely,no,clear,light blue,round,red,yes,EO_261787_ccrop.jpg,train
EO_262665_ccrop.jpg,Eosinophil,small,round,unsegmented-band,low,densely,no,clear,light blue,round,red,yes,EO_262665_ccrop.jpg,train
EO_263359_ccrop.jpg,Eosinophil,big,irregular,segmented-bilobed,low,densely,no,clear,light blue,round,red,yes,EO_263359_ccrop.jpg,train
EO_263727_ccrop.jpg,Eosinophil,small,round,unsegmented-band,low,densely,no,clear,light blue,round,red,yes,EO_263727_ccrop.jpg,train
EO_263916_ccrop.jpg,Eosinophil,small,round,segmented-bilobed,low,densely,no,clear,light blue,round,red,yes,EO_263916_ccrop.jpg,train
EO_26404_ccrop.jpg,Eosinophil,big,round,segmented-multilobed,low,densely,no,clear,light blue,round,red,yes,EO_26404_ccrop.jpg,train
EO_264233_ccrop.jpg,Eosinophil,big,round,segmented-bilobed,low,densely,no,clear,light blue,round,red,yes,EO_264233_ccrop.jpg,train
EO_264654_ccrop.jpg,Eosinophil,small,round,segmented-multilobed,low,densely,no,clear,light blue,round,red,yes,EO_264654_ccrop.jpg,train
EO_265982_ccrop.jpg,Eosinophil,small,round,segmented-bilobed,low,densely,no,clear,light blue,round,red,yes,EO_265982_ccrop.jpg,train
EO_266350_ccrop.jpg,Eosinophil,small,round,segmented-bilobed,low,densely,no,clear,light blue,round,red,yes,EO_266350_ccrop.jpg,train
EO_268014_ccrop.jpg,Eosinophil,small,round,segmented-bilobed,low,densely,no,clear,light blue,round,red,yes,EO_268014_ccrop.jpg,train
EO_268211_ccrop.jpg,Eosinophil,big,irregular,unsegmented-band,low,densely,no,clear,light blue,round,red,yes,EO_268211_ccrop.jpg,train
EO_2683_ccrop.jpg,Eosinophil,small,round,segmented-bilobed,low,densely,no,clear,light blue,round,red,yes,EO_2683_ccrop.jpg,train
EO_26841_ccrop.jpg,Eosinophil,small,round,segmented-multilobed,low,densely,no,clear,light blue,round,red,yes,EO_26841_ccrop.jpg,train
EO_268868_ccrop.jpg,Eosinophil,big,round,segmented-bilobed,low,densely,no,clear,light blue,round,red,yes,EO_268868_ccrop.jpg,train
EO_27_ccrop.jpg,Eosinophil,big,round,segmented-multilobed,low,densely,no,clear,light blue,round,red,yes,EO_27_ccrop.jpg,train
EO_270508_ccrop.jpg,Eosinophil,small,round,segmented-bilobed,low,densely,no,clear,light blue,round,red,yes,EO_270508_ccrop.jpg,train
EO_270748_ccrop.jpg,Eosinophil,big,round,segmented-multilobed,low,densely,no,clear,light blue,round,red,yes,EO_270748_ccrop.jpg,train
EO_270753_ccrop.jpg,Eosinophil,big,round,segmented-multilobed,low,densely,no,clear,light blue,round,red,yes,EO_270753_ccrop.jpg,train
EO_270764_ccrop.jpg,Eosinophil,big,round,segmented-bilobed,low,densely,no,clear,light blue,round,red,yes,EO_270764_ccrop.jpg,train
EO_272663_ccrop.jpg,Eosinophil,big,round,segmented-bilobed,low,densely,no,clear,light blue,round,red,yes,EO_272663_ccrop.jpg,train
EO_273049_ccrop.jpg,Eosinophil,small,round,segmented-bilobed,low,densely,no,clear,light blue,round,red,yes,EO_273049_ccrop.jpg,train
EO_273741_ccrop.jpg,Eosinophil,big,round,segmented-multilobed,low,densely,no,clear,light blue,round,red,yes,EO_273741_ccrop.jpg,train
EO_27382_ccrop.jpg,Eosinophil,big,round,segmented-multilobed,low,densely,no,clear,light blue,round,red,yes,EO_27382_ccrop.jpg,train
EO_274103_ccrop.jpg,Eosinophil,big,round,segmented-multilobed,low,densely,no,clear,light blue,round,red,yes,EO_274103_ccrop.jpg,train
EO_27437_ccrop.jpg,Eosinophil,big,round,segmented-bilobed,low,densely,no,clear,light blue,round,red,yes,EO_27437_ccrop.jpg,train
EO_274435_ccrop.jpg,Eosinophil,small,round,segmented-bilobed,low,densely,no,clear,light blue,round,red,yes,EO_274435_ccrop.jpg,train
EO_274458_ccrop.jpg,Eosinophil,small,round,unsegmented-band,low,densely,no,clear,light blue,round,red,yes,EO_274458_ccrop.jpg,train
EO_274822_ccrop.jpg,Eosinophil,small,round,segmented-bilobed,low,densely,no,clear,light blue,round,red,yes,EO_274822_ccrop.jpg,train
EO_27502_ccrop.jpg,Eosinophil,small,round,segmented-bilobed,low,densely,no,clear,light blue,round,red,yes,EO_27502_ccrop.jpg,train
EO_275142_ccrop.jpg,Eosinophil,small,round,segmented-multilobed,low,densely,no,clear,light blue,round,red,yes,EO_275142_ccrop.jpg,train
EO_276058_ccrop.jpg,Eosinophil,small,round,segmented-multilobed,low,densely,no,clear,light blue,round,red,yes,EO_276058_ccrop.jpg,train
EO_276119_ccrop.jpg,Eosinophil,big,round,segmented-bilobed,low,densely,no,clear,light blue,round,red,yes,EO_276119_ccrop.jpg,train
EO_276280_ccrop.jpg,Eosinophil,big,round,segmented-bilobed,low,densely,no,clear,light blue,round,red,yes,EO_276280_ccrop.jpg,train
EO_276552_ccrop.jpg,Eosinophil,small,round,segmented-multilobed,low,densely,no,clear,light blue,round,red,yes,EO_276552_ccrop.jpg,train
EO_276645_ccrop.jpg,Eosinophil,small,round,segmented-multilobed,low,densely,no,clear,light blue,round,red,yes,EO_276645_ccrop.jpg,train
EO_277497_ccrop.jpg,Eosinophil,small,round,segmented-multilobed,low,densely,no,clear,light blue,round,red,yes,EO_277497_ccrop.jpg,train
EO_277857_ccrop.jpg,Eosinophil,small,round,segmented-bilobed,low,densely,no,clear,light blue,round,red,yes,EO_277857_ccrop.jpg,train
EO_27809_ccrop.jpg,Eosinophil,big,round,segmented-bilobed,low,densely,no,clear,light blue,round,red,yes,EO_27809_ccrop.jpg,train
EO_278121_ccrop.jpg,Eosinophil,big,round,segmented-bilobed,low,densely,no,clear,light blue,round,red,yes,EO_278121_ccrop.jpg,train
EO_278343_ccrop.jpg,Eosinophil,small,round,segmented-bilobed,low,densely,no,clear,light blue,round,red,yes,EO_278343_ccrop.jpg,train
EO_278427_ccrop.jpg,Eosinophil,big,round,segmented-bilobed,low,densely,no,clear,light blue,round,red,yes,EO_278427_ccrop.jpg,train
EO_278488_ccrop.jpg,Eosinophil,big,round,segmented-bilobed,low,densely,no,clear,light blue,round,red,yes,EO_278488_ccrop.jpg,train
EO_278802_ccrop.jpg,Eosinophil,big,round,segmented-bilobed,low,densely,no,clear,light blue,round,red,yes,EO_278802_ccrop.jpg,train
EO_280653_ccrop.jpg,Eosinophil,small,round,segmented-multilobed,low,densely,no,clear,light blue,round,red,yes,EO_280653_ccrop.jpg,train
EO_28080_ccrop.jpg,Eosinophil,big,round,segmented-bilobed,low,densely,no,clear,light blue,round,red,yes,EO_28080_ccrop.jpg,train
EO_281130_ccrop.jpg,Eosinophil,small,round,segmented-bilobed,low,densely,no,clear,light blue,round,red,yes,EO_281130_ccrop.jpg,train
EO_282946_ccrop.jpg,Eosinophil,big,irregular,segmented-bilobed,low,densely,no,clear,light blue,round,red,yes,EO_282946_ccrop.jpg,train
EO_283475_ccrop.jpg,Eosinophil,small,round,segmented-multilobed,low,densely,no,clear,light blue,round,red,yes,EO_283475_ccrop.jpg,train
EO_283618_ccrop.jpg,Eosinophil,big,irregular,segmented-bilobed,low,densely,no,clear,light blue,round,red,yes,EO_283618_ccrop.jpg,train
EO_283790_ccrop.jpg,Eosinophil,small,round,segmented-bilobed,low,densely,no,clear,light blue,round,red,yes,EO_283790_ccrop.jpg,train
EO_283906_ccrop.jpg,Eosinophil,small,round,unsegmented-band,low,densely,no,clear,light blue,round,red,yes,EO_283906_ccrop.jpg,train
EO_284748_ccrop.jpg,Eosinophil,big,round,segmented-multilobed,low,densely,no,clear,light blue,round,red,yes,EO_284748_ccrop.jpg,train
EO_284757_ccrop.jpg,Eosinophil,big,round,segmented-bilobed,low,densely,no,clear,light blue,round,red,yes,EO_284757_ccrop.jpg,train
EO_284934_ccrop.jpg,Eosinophil,big,round,segmented-bilobed,low,densely,no,clear,light blue,round,red,yes,EO_284934_ccrop.jpg,train
EO_285081_ccrop.jpg,Eosinophil,small,round,segmented-bilobed,low,densely,no,clear,light blue,round,red,yes,EO_285081_ccrop.jpg,train
EO_285269_ccrop.jpg,Eosinophil,small,round,segmented-multilobed,low,densely,no,clear,light blue,round,red,yes,EO_285269_ccrop.jpg,train
EO_285354_ccrop.jpg,Eosinophil,small,round,segmented-bilobed,low,densely,no,clear,light blue,round,red,yes,EO_285354_ccrop.jpg,train
EO_285640_ccrop.jpg,Eosinophil,small,round,segmented-bilobed,low,densely,no,clear,light blue,round,red,yes,EO_285640_ccrop.jpg,train
EO_286184_ccrop.jpg,Eosinophil,small,round,segmented-bilobed,low,densely,no,clear,light blue,round,red,yes,EO_286184_ccrop.jpg,train
EO_286409_ccrop.jpg,Eosinophil,big,round,segmented-bilobed,low,densely,no,clear,light blue,round,red,yes,EO_286409_ccrop.jpg,train
EO_287394_ccrop.jpg,Eosinophil,big,round,unsegmented-indented,low,densely,no,clear,blue,round,red,yes,EO_287394_ccrop.jpg,train
EO_28765_ccrop.jpg,Eosinophil,small,round,segmented-multilobed,low,densely,no,clear,light blue,round,red,yes,EO_28765_ccrop.jpg,train
EO_287859_ccrop.jpg,Eosinophil,small,round,segmented-bilobed,low,densely,no,clear,light blue,round,red,yes,EO_287859_ccrop.jpg,train
EO_287969_ccrop.jpg,Eosinophil,big,round,segmented-bilobed,low,densely,no,clear,light blue,round,red,yes,EO_287969_ccrop.jpg,train
EO_287976_ccrop.jpg,Eosinophil,small,round,segmented-multilobed,low,densely,no,clear,light blue,round,red,yes,EO_287976_ccrop.jpg,train
EO_288126_ccrop.jpg,Eosinophil,small,round,segmented-bilobed,low,densely,no,clear,light blue,round,red,yes,EO_288126_ccrop.jpg,train
EO_288460_ccrop.jpg,Eosinophil,small,round,segmented-bilobed,low,densely,no,clear,light blue,round,red,yes,EO_288460_ccrop.jpg,train
EO_289878_ccrop.jpg,Eosinophil,small,round,unsegmented-band,low,densely,no,clear,light blue,round,red,yes,EO_289878_ccrop.jpg,train
EO_290013_ccrop.jpg,Eosinophil,big,round,segmented-bilobed,low,densely,no,clear,light blue,round,red,yes,EO_290013_ccrop.jpg,train
EO_290103_ccrop.jpg,Eosinophil,big,round,segmented-bilobed,low,densely,no,clear,light blue,round,red,yes,EO_290103_ccrop.jpg,train
EO_291138_ccrop.jpg,Eosinophil,small,round,segmented-bilobed,low,densely,no,clear,light blue,round,red,yes,EO_291138_ccrop.jpg,train
EO_291250_ccrop.jpg,Eosinophil,small,round,segmented-bilobed,low,densely,no,clear,light blue,round,red,yes,EO_291250_ccrop.jpg,train
EO_291508_ccrop.jpg,Eosinophil,big,round,segmented-bilobed,low,densely,no,clear,light blue,round,red,yes,EO_291508_ccrop.jpg,train
EO_292022_ccrop.jpg,Eosinophil,big,round,segmented-bilobed,low,densely,no,clear,light blue,round,red,yes,EO_292022_ccrop.jpg,train
EO_292560_ccrop.jpg,Eosinophil,big,round,segmented-bilobed,low,densely,no,clear,light blue,round,red,yes,EO_292560_ccrop.jpg,train
EO_293968_ccrop.jpg,Eosinophil,big,round,segmented-bilobed,low,densely,no,clear,light blue,round,red,yes,EO_293968_ccrop.jpg,train
EO_294174_ccrop.jpg,Eosinophil,big,round,segmented-bilobed,low,densely,no,clear,light blue,round,red,yes,EO_294174_ccrop.jpg,train
EO_294218_ccrop.jpg,Eosinophil,big,round,segmented-bilobed,low,densely,no,clear,light blue,round,red,yes,EO_294218_ccrop.jpg,train
EO_294378_ccrop.jpg,Eosinophil,small,round,segmented-bilobed,low,densely,no,clear,light blue,round,red,yes,EO_294378_ccrop.jpg,train
EO_294492_ccrop.jpg,Eosinophil,small,round,segmented-bilobed,low,densely,no,clear,light blue,round,red,yes,EO_294492_ccrop.jpg,train
EO_294566_ccrop.jpg,Eosinophil,big,irregular,segmented-multilobed,low,densely,no,clear,light blue,round,red,yes,EO_294566_ccrop.jpg,train
EO_294946_ccrop.jpg,Eosinophil,small,round,segmented-bilobed,low,densely,no,clear,light blue,round,red,yes,EO_294946_ccrop.jpg,train
EO_295602_ccrop.jpg,Eosinophil,small,round,segmented-bilobed,low,densely,no,clear,light blue,round,red,yes,EO_295602_ccrop.jpg,train
EO_295726_ccrop.jpg,Eosinophil,big,round,segmented-bilobed,low,densely,no,clear,light blue,round,red,yes,EO_295726_ccrop.jpg,train
EO_296431_ccrop.jpg,Eosinophil,big,round,segmented-bilobed,low,densely,no,clear,light blue,round,red,yes,EO_296431_ccrop.jpg,train
EO_29702_ccrop.jpg,Eosinophil,big,round,unsegmented-band,low,densely,no,clear,light blue,round,red,yes,EO_29702_ccrop.jpg,train
EO_297333_ccrop.jpg,Eosinophil,small,round,segmented-bilobed,low,densely,no,clear,light blue,round,red,yes,EO_297333_ccrop.jpg,train
EO_297372_ccrop.jpg,Eosinophil,big,round,segmented-bilobed,low,densely,no,clear,light blue,round,red,yes,EO_297372_ccrop.jpg,train
EO_29763_ccrop.jpg,Eosinophil,small,round,unsegmented-band,low,densely,no,clear,light blue,round,red,yes,EO_29763_ccrop.jpg,train
EO_298214_ccrop.jpg,Eosinophil,small,round,segmented-multilobed,low,densely,no,clear,light blue,round,red,yes,EO_298214_ccrop.jpg,train
EO_298423_ccrop.jpg,Eosinophil,big,round,segmented-bilobed,low,densely,no,clear,light blue,round,red,yes,EO_298423_ccrop.jpg,train
EO_29868_ccrop.jpg,Eosinophil,big,round,segmented-bilobed,low,densely,no,clear,light blue,round,red,yes,EO_29868_ccrop.jpg,train
EO_299128_ccrop.jpg,Eosinophil,small,round,segmented-bilobed,low,densely,no,clear,light blue,round,red,yes,EO_299128_ccrop.jpg,train
EO_29954_ccrop.jpg,Eosinophil,small,round,unsegmented-band,low,densely,no,clear,light blue,round,red,yes,EO_29954_ccrop.jpg,train
EO_301146_ccrop.jpg,Eosinophil,big,round,segmented-multilobed,low,densely,no,clear,light blue,round,red,yes,EO_301146_ccrop.jpg,train
EO_301432_ccrop.jpg,Eosinophil,big,round,segmented-bilobed,low,densely,no,clear,light blue,round,red,yes,EO_301432_ccrop.jpg,train
EO_301622_ccrop.jpg,Eosinophil,big,round,segmented-multilobed,low,densely,no,clear,light blue,round,red,yes,EO_301622_ccrop.jpg,train
EO_30192_ccrop.jpg,Eosinophil,small,round,segmented-bilobed,low,densely,no,clear,light blue,round,red,yes,EO_30192_ccrop.jpg,train
EO_302263_ccrop.jpg,Eosinophil,big,round,segmented-bilobed,low,densely,no,clear,light blue,round,red,yes,EO_302263_ccrop.jpg,train
EO_303238_ccrop.jpg,Eosinophil,big,round,unsegmented-band,low,densely,no,clear,light blue,round,red,yes,EO_303238_ccrop.jpg,train
EO_303353_ccrop.jpg,Eosinophil,big,round,segmented-bilobed,low,densely,no,clear,light blue,round,red,yes,EO_303353_ccrop.jpg,train
EO_303442_ccrop.jpg,Eosinophil,big,round,segmented-multilobed,low,densely,no,clear,light blue,round,red,yes,EO_303442_ccrop.jpg,train
EO_304439_ccrop.jpg,Eosinophil,big,round,segmented-bilobed,low,densely,no,clear,light blue,round,red,yes,EO_304439_ccrop.jpg,train
EO_304840_ccrop.jpg,Eosinophil,big,round,segmented-bilobed,low,densely,no,clear,light blue,round,red,yes,EO_304840_ccrop.jpg,train
EO_306876_ccrop.jpg,Eosinophil,big,round,segmented-bilobed,low,densely,no,clear,light blue,round,red,yes,EO_306876_ccrop.jpg,train
EO_307124_ccrop.jpg,Eosinophil,big,round,segmented-multilobed,low,densely,no,clear,light blue,round,red,yes,EO_307124_ccrop.jpg,train
EO_307413_ccrop.jpg,Eosinophil,big,round,segmented-multilobed,low,densely,no,clear,light blue,round,red,yes,EO_307413_ccrop.jpg,train
EO_307912_ccrop.jpg,Eosinophil,small,round,segmented-multilobed,low,densely,no,clear,light blue,round,red,yes,EO_307912_ccrop.jpg,train
EO_308825_ccrop.jpg,Eosinophil,big,round,segmented-multilobed,low,densely,no,clear,light blue,round,red,yes,EO_308825_ccrop.jpg,train
EO_309157_ccrop.jpg,Eosinophil,small,round,segmented-multilobed,low,densely,no,clear,light blue,round,red,yes,EO_309157_ccrop.jpg,train
EO_309479_ccrop.jpg,Eosinophil,big,round,segmented-bilobed,low,densely,no,clear,light blue,round,red,yes,EO_309479_ccrop.jpg,train
EO_309740_ccrop.jpg,Eosinophil,big,round,segmented-bilobed,low,densely,no,clear,light blue,round,red,yes,EO_309740_ccrop.jpg,train
EO_309854_ccrop.jpg,Eosinophil,big,round,segmented-bilobed,low,densely,no,clear,light blue,round,red,yes,EO_309854_ccrop.jpg,train
EO_31159_ccrop.jpg,Eosinophil,big,round,segmented-bilobed,low,densely,no,clear,light blue,round,red,yes,EO_31159_ccrop.jpg,train
EO_312103_ccrop.jpg,Eosinophil,big,round,segmented-bilobed,low,densely,no,clear,light blue,round,red,yes,EO_312103_ccrop.jpg,train
EO_312938_ccrop.jpg,Eosinophil,big,round,unsegmented-band,low,densely,no,clear,light blue,round,red,yes,EO_312938_ccrop.jpg,train
EO_313186_ccrop.jpg,Eosinophil,big,round,segmented-bilobed,low,densely,no,clear,light blue,round,red,yes,EO_313186_ccrop.jpg,train
EO_313229_ccrop.jpg,Eosinophil,big,round,segmented-bilobed,low,densely,no,clear,light blue,round,red,yes,EO_313229_ccrop.jpg,train
EO_31352_ccrop.jpg,Eosinophil,big,round,segmented-bilobed,low,densely,no,clear,light blue,round,red,yes,EO_31352_ccrop.jpg,train
EO_315374_ccrop.jpg,Eosinophil,small,round,segmented-bilobed,low,densely,no,clear,light blue,round,red,yes,EO_315374_ccrop.jpg,train
EO_316082_ccrop.jpg,Eosinophil,small,round,segmented-multilobed,low,densely,no,clear,light blue,round,red,yes,EO_316082_ccrop.jpg,train
EO_316227_ccrop.jpg,Eosinophil,big,round,unsegmented-band,low,densely,no,clear,light blue,round,red,yes,EO_316227_ccrop.jpg,train
EO_317336_ccrop.jpg,Eosinophil,small,round,unsegmented-band,low,densely,no,clear,light blue,round,red,yes,EO_317336_ccrop.jpg,train
EO_317454_ccrop.jpg,Eosinophil,small,round,segmented-bilobed,low,densely,no,clear,light blue,round,red,yes,EO_317454_ccrop.jpg,train
EO_318637_ccrop.jpg,Eosinophil,big,round,segmented-bilobed,low,densely,no,clear,light blue,round,red,yes,EO_318637_ccrop.jpg,train
EO_31947_ccrop.jpg,Eosinophil,big,round,segmented-bilobed,low,densely,no,clear,light blue,round,red,yes,EO_31947_ccrop.jpg,train
EO_319771_ccrop.jpg,Eosinophil,small,round,segmented-multilobed,low,densely,no,clear,light blue,round,red,yes,EO_319771_ccrop.jpg,train
EO_3205_ccrop.jpg,Eosinophil,big,round,segmented-multilobed,low,densely,no,clear,light blue,round,red,yes,EO_3205_ccrop.jpg,train
EO_321089_ccrop.jpg,Eosinophil,small,round,segmented-multilobed,low,densely,no,clear,light blue,round,red,yes,EO_321089_ccrop.jpg,train
EO_321528_ccrop.jpg,Eosinophil,big,round,segmented-bilobed,low,densely,no,clear,light blue,round,red,yes,EO_321528_ccrop.jpg,train
EO_323763_ccrop.jpg,Eosinophil,small,round,segmented-bilobed,low,densely,no,clear,light blue,round,red,yes,EO_323763_ccrop.jpg,train
EO_323955_ccrop.jpg,Eosinophil,small,round,segmented-multilobed,low,densely,no,clear,light blue,round,red,yes,EO_323955_ccrop.jpg,train
EO_324141_ccrop.jpg,Eosinophil,small,round,unsegmented-band,low,densely,no,clear,light blue,round,red,yes,EO_324141_ccrop.jpg,train
EO_325253_ccrop.jpg,Eosinophil,small,round,segmented-multilobed,low,densely,no,clear,light blue,round,red,yes,EO_325253_ccrop.jpg,train
EO_325473_ccrop.jpg,Eosinophil,big,round,segmented-bilobed,low,densely,no,clear,light blue,round,red,yes,EO_325473_ccrop.jpg,train
EO_326103_ccrop.jpg,Eosinophil,big,round,segmented-bilobed,low,densely,no,clear,light blue,round,red,yes,EO_326103_ccrop.jpg,train
EO_326334_ccrop.jpg,Eosinophil,big,round,segmented-bilobed,low,densely,no,clear,light blue,round,red,yes,EO_326334_ccrop.jpg,train
EO_326543_ccrop.jpg,Eosinophil,small,round,segmented-bilobed,low,densely,no,clear,light blue,round,red,yes,EO_326543_ccrop.jpg,train
EO_326829_ccrop.jpg,Eosinophil,big,round,segmented-bilobed,low,densely,no,clear,light blue,round,red,yes,EO_326829_ccrop.jpg,train
EO_32702_ccrop.jpg,Eosinophil,big,round,segmented-multilobed,low,densely,no,clear,light blue,round,red,yes,EO_32702_ccrop.jpg,train
EO_327236_ccrop.jpg,Eosinophil,small,round,unsegmented-band,low,densely,no,clear,light blue,round,red,yes,EO_327236_ccrop.jpg,train
EO_327676_ccrop.jpg,Eosinophil,small,round,segmented-bilobed,low,densely,no,clear,light blue,round,red,yes,EO_327676_ccrop.jpg,train
EO_327928_ccrop.jpg,Eosinophil,small,round,segmented-bilobed,low,densely,no,clear,light blue,round,red,yes,EO_327928_ccrop.jpg,train
EO_329975_ccrop.jpg,Eosinophil,big,round,segmented-bilobed,low,densely,no,clear,light blue,round,red,yes,EO_329975_ccrop.jpg,train
EO_330411_ccrop.jpg,Eosinophil,big,round,segmented-bilobed,low,densely,no,clear,light blue,round,red,yes,EO_330411_ccrop.jpg,train
EO_330708_ccrop.jpg,Eosinophil,big,round,segmented-bilobed,low,densely,no,clear,light blue,round,red,yes,EO_330708_ccrop.jpg,train
EO_330760_ccrop.jpg,Eosinophil,small,round,segmented-multilobed,low,densely,no,clear,light blue,round,red,yes,EO_330760_ccrop.jpg,train
EO_330791_ccrop.jpg,Eosinophil,small,round,segmented-multilobed,low,densely,no,clear,light blue,round,red,yes,EO_330791_ccrop.jpg,train
EO_331211_ccrop.jpg,Eosinophil,big,round,segmented-bilobed,low,densely,no,clear,light blue,round,red,yes,EO_331211_ccrop.jpg,train
EO_331701_ccrop.jpg,Eosinophil,small,round,segmented-bilobed,low,densely,no,clear,light blue,round,red,yes,EO_331701_ccrop.jpg,train
EO_331982_ccrop.jpg,Eosinophil,small,round,segmented-bilobed,low,densely,no,clear,light blue,round,red,yes,EO_331982_ccrop.jpg,train
EO_332005_ccrop.jpg,Eosinophil,small,round,segmented-multilobed,low,densely,no,clear,light blue,round,red,yes,EO_332005_ccrop.jpg,train
EO_332343_ccrop.jpg,Eosinophil,small,round,segmented-bilobed,low,densely,no,clear,light blue,round,red,yes,EO_332343_ccrop.jpg,train
EO_333590_ccrop.jpg,Eosinophil,small,round,segmented-bilobed,low,densely,no,clear,light blue,round,red,yes,EO_333590_ccrop.jpg,train
EO_334306_ccrop.jpg,Eosinophil,small,round,segmented-multilobed,low,densely,no,clear,light blue,round,red,yes,EO_334306_ccrop.jpg,train
EO_33518_ccrop.jpg,Eosinophil,big,round,segmented-bilobed,low,densely,no,clear,light blue,round,red,yes,EO_33518_ccrop.jpg,train
EO_335540_ccrop.jpg,Eosinophil,small,round,segmented-multilobed,low,densely,no,clear,light blue,round,red,yes,EO_335540_ccrop.jpg,train
EO_336291_ccrop.jpg,Eosinophil,small,round,segmented-bilobed,low,densely,no,clear,light blue,round,red,yes,EO_336291_ccrop.jpg,train
EO_336686_ccrop.jpg,Eosinophil,small,round,unsegmented-band,low,densely,no,clear,light blue,round,red,yes,EO_336686_ccrop.jpg,train
EO_337928_ccrop.jpg,Eosinophil,big,round,segmented-multilobed,low,densely,no,clear,light blue,round,red,yes,EO_337928_ccrop.jpg,train
EO_338307_ccrop.jpg,Eosinophil,big,round,segmented-multilobed,low,densely,no,clear,light blue,round,red,yes,EO_338307_ccrop.jpg,train
EO_338378_ccrop.jpg,Eosinophil,small,round,segmented-multilobed,low,densely,no,clear,light blue,round,red,yes,EO_338378_ccrop.jpg,train
EO_33913_ccrop.jpg,Eosinophil,small,round,segmented-bilobed,low,densely,no,clear,light blue,round,red,yes,EO_33913_ccrop.jpg,train
EO_339625_ccrop.jpg,Eosinophil,big,round,segmented-bilobed,low,densely,no,clear,light blue,round,red,yes,EO_339625_ccrop.jpg,train
EO_340029_ccrop.jpg,Eosinophil,small,round,segmented-bilobed,low,densely,no,clear,light blue,round,red,yes,EO_340029_ccrop.jpg,train
EO_340636_ccrop.jpg,Eosinophil,small,round,segmented-bilobed,low,densely,no,clear,light blue,round,red,yes,EO_340636_ccrop.jpg,train
EO_340997_ccrop.jpg,Eosinophil,big,round,segmented-bilobed,low,densely,no,clear,light blue,round,red,yes,EO_340997_ccrop.jpg,train
EO_341028_ccrop.jpg,Eosinophil,small,round,unsegmented-indented,low,densely,no,clear,light blue,round,red,yes,EO_341028_ccrop.jpg,train
EO_341940_ccrop.jpg,Eosinophil,small,round,segmented-bilobed,low,densely,no,clear,light blue,round,red,yes,EO_341940_ccrop.jpg,train
EO_342801_ccrop.jpg,Eosinophil,small,round,segmented-bilobed,low,densely,no,clear,light blue,round,red,yes,EO_342801_ccrop.jpg,train
EO_343437_ccrop.jpg,Eosinophil,big,round,segmented-bilobed,low,densely,no,clear,light blue,round,red,yes,EO_343437_ccrop.jpg,train
EO_343910_ccrop.jpg,Eosinophil,small,round,segmented-bilobed,low,densely,no,clear,light blue,round,red,yes,EO_343910_ccrop.jpg,train
EO_344745_ccrop.jpg,Eosinophil,small,round,unsegmented-band,low,densely,no,clear,light blue,round,red,yes,EO_344745_ccrop.jpg,train
EO_344943_ccrop.jpg,Eosinophil,small,round,segmented-bilobed,low,densely,no,clear,light blue,round,red,yes,EO_344943_ccrop.jpg,train
EO_345129_ccrop.jpg,Eosinophil,small,round,unsegmented-band,low,densely,no,clear,light blue,round,red,yes,EO_345129_ccrop.jpg,train
EO_345452_ccrop.jpg,Eosinophil,big,irregular,segmented-bilobed,low,densely,no,clear,light blue,round,red,yes,EO_345452_ccrop.jpg,train
EO_345969_ccrop.jpg,Eosinophil,big,round,segmented-bilobed,low,densely,no,clear,light blue,round,red,yes,EO_345969_ccrop.jpg,train
EO_346443_ccrop.jpg,Eosinophil,big,round,segmented-bilobed,low,densely,no,clear,light blue,round,red,yes,EO_346443_ccrop.jpg,train
EO_347529_ccrop.jpg,Eosinophil,small,round,segmented-bilobed,low,densely,no,clear,light blue,round,red,yes,EO_347529_ccrop.jpg,train
EO_347586_ccrop.jpg,Eosinophil,big,round,segmented-bilobed,low,densely,no,clear,light blue,round,red,yes,EO_347586_ccrop.jpg,train
EO_348160_ccrop.jpg,Eosinophil,small,round,segmented-bilobed,low,densely,no,clear,light blue,round,red,yes,EO_348160_ccrop.jpg,train
EO_348748_ccrop.jpg,Eosinophil,big,round,segmented-bilobed,low,densely,no,clear,light blue,round,red,yes,EO_348748_ccrop.jpg,train
EO_350556_ccrop.jpg,Eosinophil,big,round,segmented-bilobed,low,densely,no,clear,light blue,round,red,yes,EO_350556_ccrop.jpg,train
EO_350584_ccrop.jpg,Eosinophil,small,round,segmented-multilobed,low,densely,no,clear,light blue,round,red,yes,EO_350584_ccrop.jpg,train
EO_351326_ccrop.jpg,Eosinophil,big,round,segmented-bilobed,low,densely,no,clear,light blue,round,red,yes,EO_351326_ccrop.jpg,train
EO_352853_ccrop.jpg,Eosinophil,small,round,segmented-multilobed,low,densely,no,clear,light blue,round,red,yes,EO_352853_ccrop.jpg,train
EO_353231_ccrop.jpg,Eosinophil,big,round,segmented-bilobed,low,densely,no,clear,light blue,round,red,yes,EO_353231_ccrop.jpg,train
EO_353893_ccrop.jpg,Eosinophil,small,round,segmented-multilobed,low,densely,no,clear,light blue,round,red,yes,EO_353893_ccrop.jpg,train
EO_354514_ccrop.jpg,Eosinophil,small,round,segmented-multilobed,low,densely,no,clear,light blue,round,red,yes,EO_354514_ccrop.jpg,train
EO_355022_ccrop.jpg,Eosinophil,small,round,segmented-bilobed,low,densely,no,clear,light blue,round,red,yes,EO_355022_ccrop.jpg,train
EO_355269_ccrop.jpg,Eosinophil,big,round,segmented-bilobed,low,densely,no,clear,light blue,round,red,yes,EO_355269_ccrop.jpg,train
EO_355778_ccrop.jpg,Eosinophil,big,round,unsegmented-band,low,densely,no,clear,light blue,round,red,yes,EO_355778_ccrop.jpg,train
EO_356298_ccrop.jpg,Eosinophil,big,round,segmented-bilobed,low,densely,no,clear,light blue,round,red,yes,EO_356298_ccrop.jpg,train
EO_356579_ccrop.jpg,Eosinophil,small,round,segmented-bilobed,low,densely,no,clear,light blue,round,red,yes,EO_356579_ccrop.jpg,train
EO_357314_ccrop.jpg,Eosinophil,small,round,segmented-bilobed,low,densely,no,clear,light blue,round,red,yes,EO_357314_ccrop.jpg,train
EO_357600_ccrop.jpg,Eosinophil,small,irregular,irregular,low,loosely,no,clear,light blue,round,red,yes,EO_357600_ccrop.jpg,train
EO_358349_ccrop.jpg,Eosinophil,small,round,segmented-bilobed,low,densely,no,clear,light blue,round,red,yes,EO_358349_ccrop.jpg,train
EO_358411_ccrop.jpg,Eosinophil,big,round,segmented-bilobed,low,densely,no,clear,light blue,round,red,yes,EO_358411_ccrop.jpg,train
EO_358594_ccrop.jpg,Eosinophil,small,round,unsegmented-band,low,densely,no,clear,light blue,round,red,yes,EO_358594_ccrop.jpg,train
EO_35880_ccrop.jpg,Eosinophil,big,round,segmented-bilobed,low,densely,no,clear,light blue,round,red,yes,EO_35880_ccrop.jpg,train
EO_358827_ccrop.jpg,Eosinophil,big,round,segmented-multilobed,low,densely,no,clear,light blue,round,red,yes,EO_358827_ccrop.jpg,train
EO_359155_ccrop.jpg,Eosinophil,big,round,unsegmented-band,low,densely,no,clear,light blue,round,red,yes,EO_359155_ccrop.jpg,train
EO_359161_ccrop.jpg,Eosinophil,big,round,segmented-bilobed,low,densely,no,clear,light blue,round,red,yes,EO_359161_ccrop.jpg,train
EO_359857_ccrop.jpg,Eosinophil,big,round,segmented-multilobed,low,densely,no,clear,light blue,round,red,yes,EO_359857_ccrop.jpg,train
EO_360228_ccrop.jpg,Eosinophil,big,round,segmented-multilobed,low,densely,no,clear,light blue,round,red,yes,EO_360228_ccrop.jpg,train
EO_36065_ccrop.jpg,Eosinophil,small,round,segmented-bilobed,low,densely,no,clear,light blue,round,red,yes,EO_36065_ccrop.jpg,train
EO_361122_ccrop.jpg,Eosinophil,small,round,unsegmented-band,low,densely,no,clear,light blue,round,red,yes,EO_361122_ccrop.jpg,train
EO_361149_ccrop.jpg,Eosinophil,big,round,segmented-bilobed,low,densely,no,clear,light blue,round,red,yes,EO_361149_ccrop.jpg,train
EO_361403_ccrop.jpg,Eosinophil,small,round,segmented-bilobed,low,densely,no,clear,light blue,round,red,yes,EO_361403_ccrop.jpg,train
EO_361838_ccrop.jpg,Eosinophil,big,round,segmented-bilobed,low,densely,no,clear,light blue,round,red,yes,EO_361838_ccrop.jpg,train
EO_36361_ccrop.jpg,Eosinophil,small,round,segmented-bilobed,low,densely,no,clear,light blue,round,red,yes,EO_36361_ccrop.jpg,train
EO_363808_ccrop.jpg,Eosinophil,small,round,segmented-bilobed,low,densely,no,clear,light blue,round,red,yes,EO_363808_ccrop.jpg,train
EO_364257_ccrop.jpg,Eosinophil,big,round,segmented-multilobed,low,densely,no,clear,light blue,round,red,yes,EO_364257_ccrop.jpg,train
EO_364407_ccrop.jpg,Eosinophil,big,round,unsegmented-band,low,densely,no,clear,light blue,round,red,yes,EO_364407_ccrop.jpg,train
EO_36495_ccrop.jpg,Eosinophil,small,round,segmented-bilobed,low,densely,no,clear,light blue,round,red,yes,EO_36495_ccrop.jpg,train
EO_365314_ccrop.jpg,Eosinophil,big,round,segmented-bilobed,low,densely,no,clear,light blue,round,red,yes,EO_365314_ccrop.jpg,train
EO_365446_ccrop.jpg,Eosinophil,small,round,segmented-bilobed,low,densely,no,clear,light blue,round,red,yes,EO_365446_ccrop.jpg,train
EO_365929_ccrop.jpg,Eosinophil,big,irregular,segmented-bilobed,low,densely,no,clear,light blue,round,red,yes,EO_365929_ccrop.jpg,train
EO_367128_ccrop.jpg,Eosinophil,big,round,segmented-bilobed,low,densely,no,clear,light blue,round,red,yes,EO_367128_ccrop.jpg,train
EO_367643_ccrop.jpg,Eosinophil,small,round,segmented-multilobed,low,densely,no,clear,light blue,round,red,yes,EO_367643_ccrop.jpg,train
EO_367768_ccrop.jpg,Eosinophil,small,round,segmented-bilobed,low,densely,no,clear,light blue,round,red,yes,EO_367768_ccrop.jpg,train
EO_367818_ccrop.jpg,Eosinophil,small,round,segmented-multilobed,low,densely,no,clear,light blue,round,red,yes,EO_367818_ccrop.jpg,train
EO_368144_ccrop.jpg,Eosinophil,small,round,unsegmented-round,low,densely,no,clear,light blue,round,red,yes,EO_368144_ccrop.jpg,train
EO_370156_ccrop.jpg,Eosinophil,big,round,segmented-multilobed,low,densely,no,clear,light blue,round,red,yes,EO_370156_ccrop.jpg,train
EO_370453_ccrop.jpg,Eosinophil,small,round,unsegmented-band,low,densely,no,clear,light blue,round,red,yes,EO_370453_ccrop.jpg,train
EO_370621_ccrop.jpg,Eosinophil,small,round,segmented-multilobed,low,densely,no,clear,light blue,round,red,yes,EO_370621_ccrop.jpg,train
EO_370751_ccrop.jpg,Eosinophil,small,irregular,segmented-bilobed,low,densely,no,clear,light blue,round,red,yes,EO_370751_ccrop.jpg,train
EO_371261_ccrop.jpg,Eosinophil,big,round,segmented-bilobed,low,densely,no,clear,light blue,round,red,yes,EO_371261_ccrop.jpg,train
EO_371583_ccrop.jpg,Eosinophil,small,irregular,segmented-multilobed,low,densely,no,clear,light blue,round,red,yes,EO_371583_ccrop.jpg,train
EO_372410_ccrop.jpg,Eosinophil,big,round,segmented-bilobed,low,densely,no,clear,light blue,round,red,yes,EO_372410_ccrop.jpg,train
EO_372511_ccrop.jpg,Eosinophil,small,round,segmented-bilobed,low,densely,no,clear,light blue,round,red,yes,EO_372511_ccrop.jpg,train
EO_373666_ccrop.jpg,Eosinophil,big,round,segmented-bilobed,low,densely,no,clear,light blue,round,red,yes,EO_373666_ccrop.jpg,train
EO_373897_ccrop.jpg,Eosinophil,big,round,segmented-bilobed,low,densely,no,clear,light blue,round,red,yes,EO_373897_ccrop.jpg,train
EO_373898_ccrop.jpg,Eosinophil,big,round,segmented-bilobed,low,densely,no,clear,light blue,round,red,yes,EO_373898_ccrop.jpg,train
EO_374119_ccrop.jpg,Eosinophil,big,irregular,unsegmented-round,low,densely,no,clear,light blue,round,red,yes,EO_374119_ccrop.jpg,train
EO_375178_ccrop.jpg,Eosinophil,small,round,segmented-multilobed,low,densely,no,clear,light blue,round,red,yes,EO_375178_ccrop.jpg,train
EO_375633_ccrop.jpg,Eosinophil,big,round,segmented-multilobed,low,densely,no,clear,light blue,round,red,yes,EO_375633_ccrop.jpg,train
EO_375714_ccrop.jpg,Eosinophil,small,round,segmented-multilobed,low,densely,no,clear,light blue,round,red,yes,EO_375714_ccrop.jpg,train
EO_377573_ccrop.jpg,Eosinophil,big,round,segmented-bilobed,low,densely,no,clear,light blue,round,red,yes,EO_377573_ccrop.jpg,train
EO_377859_ccrop.jpg,Eosinophil,small,round,segmented-bilobed,low,densely,no,clear,light blue,round,red,yes,EO_377859_ccrop.jpg,train
EO_37796_ccrop.jpg,Eosinophil,small,round,segmented-bilobed,low,densely,no,clear,light blue,round,red,yes,EO_37796_ccrop.jpg,train
EO_379164_ccrop.jpg,Eosinophil,small,round,segmented-multilobed,low,densely,no,clear,light blue,round,red,yes,EO_379164_ccrop.jpg,train
EO_379614_ccrop.jpg,Eosinophil,big,round,segmented-bilobed,low,densely,no,clear,light blue,round,red,yes,EO_379614_ccrop.jpg,train
EO_379753_ccrop.jpg,Eosinophil,small,round,segmented-bilobed,low,densely,no,clear,light blue,round,red,yes,EO_379753_ccrop.jpg,train
EO_381092_ccrop.jpg,Eosinophil,big,round,segmented-multilobed,low,densely,no,clear,light blue,round,red,yes,EO_381092_ccrop.jpg,train
EO_382349_ccrop.jpg,Eosinophil,small,round,segmented-bilobed,low,densely,no,clear,light blue,round,red,yes,EO_382349_ccrop.jpg,train
EO_383072_ccrop.jpg,Eosinophil,big,round,segmented-multilobed,low,densely,no,clear,light blue,round,red,yes,EO_383072_ccrop.jpg,train
EO_383219_ccrop.jpg,Eosinophil,small,round,segmented-multilobed,low,densely,no,clear,light blue,round,red,yes,EO_383219_ccrop.jpg,train
EO_383400_ccrop.jpg,Eosinophil,big,round,segmented-bilobed,low,densely,no,clear,light blue,round,red,yes,EO_383400_ccrop.jpg,train
EO_383654_ccrop.jpg,Eosinophil,big,round,segmented-bilobed,low,densely,no,clear,light blue,round,red,yes,EO_383654_ccrop.jpg,train
EO_383740_ccrop.jpg,Eosinophil,big,round,unsegmented-indented,low,densely,no,clear,light blue,round,red,yes,EO_383740_ccrop.jpg,train
EO_384027_ccrop.jpg,Eosinophil,small,round,segmented-bilobed,low,densely,no,clear,light blue,round,red,yes,EO_384027_ccrop.jpg,train
EO_384138_ccrop.jpg,Eosinophil,big,round,unsegmented-round,low,densely,no,clear,light blue,round,red,yes,EO_384138_ccrop.jpg,train
EO_384158_ccrop.jpg,Eosinophil,big,irregular,segmented-multilobed,low,loosely,no,clear,light blue,round,red,yes,EO_384158_ccrop.jpg,train
EO_384169_ccrop.jpg,Eosinophil,big,round,segmented-bilobed,low,densely,no,clear,light blue,round,red,yes,EO_384169_ccrop.jpg,train
EO_386448_ccrop.jpg,Eosinophil,small,round,segmented-bilobed,low,densely,no,clear,light blue,round,red,yes,EO_386448_ccrop.jpg,train
EO_386747_ccrop.jpg,Eosinophil,big,round,segmented-bilobed,low,densely,no,clear,light blue,round,red,yes,EO_386747_ccrop.jpg,train
EO_387805_ccrop.jpg,Eosinophil,big,round,segmented-bilobed,low,densely,no,clear,light blue,round,red,yes,EO_387805_ccrop.jpg,train
EO_388405_ccrop.jpg,Eosinophil,big,round,segmented-multilobed,low,loosely,no,clear,light blue,round,red,yes,EO_388405_ccrop.jpg,train
EO_389227_ccrop.jpg,Eosinophil,small,round,segmented-bilobed,low,densely,no,clear,light blue,round,red,yes,EO_389227_ccrop.jpg,train
EO_389300_ccrop.jpg,Eosinophil,small,round,segmented-multilobed,low,densely,no,clear,light blue,round,red,yes,EO_389300_ccrop.jpg,train
EO_389584_ccrop.jpg,Eosinophil,big,round,segmented-bilobed,low,densely,no,clear,light blue,round,red,yes,EO_389584_ccrop.jpg,train
EO_390531_ccrop.jpg,Eosinophil,big,round,segmented-bilobed,low,densely,no,clear,light blue,round,red,yes,EO_390531_ccrop.jpg,train
EO_390633_ccrop.jpg,Eosinophil,big,round,segmented-bilobed,low,densely,no,clear,light blue,round,red,yes,EO_390633_ccrop.jpg,train
EO_392003_ccrop.jpg,Eosinophil,big,round,segmented-multilobed,low,densely,no,clear,light blue,round,red,yes,EO_392003_ccrop.jpg,train
EO_39294_ccrop.jpg,Eosinophil,big,irregular,segmented-bilobed,low,densely,no,clear,light blue,round,red,yes,EO_39294_ccrop.jpg,train
EO_392948_ccrop.jpg,Eosinophil,big,round,segmented-bilobed,low,densely,no,clear,light blue,round,red,yes,EO_392948_ccrop.jpg,train
EO_393434_ccrop.jpg,Eosinophil,small,round,segmented-bilobed,low,densely,no,clear,light blue,round,red,yes,EO_393434_ccrop.jpg,train
EO_393793_ccrop.jpg,Eosinophil,big,round,unsegmented-band,low,densely,no,clear,light blue,round,red,yes,EO_393793_ccrop.jpg,train
EO_393795_ccrop.jpg,Eosinophil,big,round,segmented-bilobed,low,densely,no,clear,light blue,round,red,yes,EO_393795_ccrop.jpg,train
EO_3941_ccrop.jpg,Eosinophil,big,round,segmented-multilobed,low,densely,no,clear,light blue,round,red,yes,EO_3941_ccrop.jpg,train
EO_394672_ccrop.jpg,Eosinophil,small,round,segmented-bilobed,low,densely,no,clear,light blue,round,red,yes,EO_394672_ccrop.jpg,train
EO_395189_ccrop.jpg,Eosinophil,big,round,segmented-bilobed,low,densely,no,clear,light blue,round,red,yes,EO_395189_ccrop.jpg,train
EO_396711_ccrop.jpg,Eosinophil,small,round,segmented-bilobed,low,densely,no,clear,light blue,round,red,yes,EO_396711_ccrop.jpg,train
EO_397155_ccrop.jpg,Eosinophil,small,round,segmented-bilobed,low,densely,no,clear,light blue,round,red,yes,EO_397155_ccrop.jpg,train
EO_397978_ccrop.jpg,Eosinophil,big,round,segmented-bilobed,low,densely,no,clear,light blue,round,red,yes,EO_397978_ccrop.jpg,train
EO_398624_ccrop.jpg,Eosinophil,big,round,segmented-bilobed,low,densely,no,clear,light blue,round,red,yes,EO_398624_ccrop.jpg,train
EO_39961_ccrop.jpg,Eosinophil,small,round,segmented-bilobed,low,densely,no,clear,light blue,round,red,yes,EO_39961_ccrop.jpg,train
EO_400135_ccrop.jpg,Eosinophil,small,round,segmented-bilobed,low,densely,no,clear,light blue,round,red,yes,EO_400135_ccrop.jpg,train
EO_401030_ccrop.jpg,Eosinophil,big,round,segmented-multilobed,low,densely,no,clear,light blue,round,red,yes,EO_401030_ccrop.jpg,train
EO_401149_ccrop.jpg,Eosinophil,big,round,segmented-bilobed,low,densely,no,clear,light blue,round,red,yes,EO_401149_ccrop.jpg,train
EO_401307_ccrop.jpg,Eosinophil,small,round,segmented-bilobed,low,densely,no,clear,light blue,round,red,yes,EO_401307_ccrop.jpg,train
EO_401716_ccrop.jpg,Eosinophil,big,round,segmented-bilobed,low,densely,no,clear,light blue,round,red,yes,EO_401716_ccrop.jpg,train
EO_402264_ccrop.jpg,Eosinophil,small,round,segmented-bilobed,low,densely,no,clear,light blue,round,red,yes,EO_402264_ccrop.jpg,train
EO_403927_ccrop.jpg,Eosinophil,big,round,segmented-bilobed,low,densely,no,clear,light blue,round,red,yes,EO_403927_ccrop.jpg,train
EO_404092_ccrop.jpg,Eosinophil,small,round,unsegmented-band,low,densely,no,clear,light blue,round,red,yes,EO_404092_ccrop.jpg,train
EO_404154_ccrop.jpg,Eosinophil,small,round,segmented-bilobed,low,densely,no,clear,light blue,round,red,yes,EO_404154_ccrop.jpg,train
EO_404396_ccrop.jpg,Eosinophil,big,round,segmented-bilobed,low,loosely,no,clear,light blue,round,red,yes,EO_404396_ccrop.jpg,train
EO_404437_ccrop.jpg,Eosinophil,small,round,unsegmented-band,low,densely,no,clear,light blue,round,red,yes,EO_404437_ccrop.jpg,train
EO_404546_ccrop.jpg,Eosinophil,big,round,segmented-bilobed,low,densely,no,clear,light blue,round,red,yes,EO_404546_ccrop.jpg,train
EO_405046_ccrop.jpg,Eosinophil,big,irregular,segmented-multilobed,low,densely,no,clear,light blue,round,red,yes,EO_405046_ccrop.jpg,train
EO_405613_ccrop.jpg,Eosinophil,big,round,segmented-bilobed,low,densely,no,clear,light blue,round,red,yes,EO_405613_ccrop.jpg,train
EO_40758_ccrop.jpg,Eosinophil,small,round,segmented-bilobed,low,densely,no,clear,light blue,round,red,yes,EO_40758_ccrop.jpg,train
EO_408607_ccrop.jpg,Eosinophil,big,round,segmented-bilobed,low,densely,no,clear,light blue,round,red,yes,EO_408607_ccrop.jpg,train
EO_408710_ccrop.jpg,Eosinophil,big,round,segmented-multilobed,low,densely,no,clear,light blue,round,red,yes,EO_408710_ccrop.jpg,train
EO_409320_ccrop.jpg,Eosinophil,big,round,segmented-bilobed,low,densely,no,clear,light blue,round,red,yes,EO_409320_ccrop.jpg,train
EO_409717_ccrop.jpg,Eosinophil,small,round,segmented-multilobed,low,densely,no,clear,light blue,round,red,yes,EO_409717_ccrop.jpg,train
EO_410459_ccrop.jpg,Eosinophil,big,round,segmented-bilobed,low,densely,no,clear,light blue,round,red,yes,EO_410459_ccrop.jpg,train
EO_412268_ccrop.jpg,Eosinophil,big,irregular,segmented-bilobed,low,densely,no,clear,light blue,round,red,yes,EO_412268_ccrop.jpg,train
EO_412544_ccrop.jpg,Eosinophil,small,round,segmented-multilobed,low,densely,no,clear,light blue,round,red,yes,EO_412544_ccrop.jpg,train
EO_412649_ccrop.jpg,Eosinophil,big,round,segmented-bilobed,low,densely,no,clear,light blue,round,red,yes,EO_412649_ccrop.jpg,train
EO_413926_ccrop.jpg,Eosinophil,small,round,segmented-bilobed,low,densely,no,clear,light blue,round,red,yes,EO_413926_ccrop.jpg,train
EO_414115_ccrop.jpg,Eosinophil,small,round,segmented-bilobed,low,densely,no,clear,light blue,round,red,yes,EO_414115_ccrop.jpg,train
EO_414189_ccrop.jpg,Eosinophil,small,round,segmented-bilobed,low,densely,no,clear,light blue,round,red,yes,EO_414189_ccrop.jpg,train
EO_414564_ccrop.jpg,Eosinophil,big,round,segmented-bilobed,low,densely,no,clear,light blue,round,red,yes,EO_414564_ccrop.jpg,train
EO_414580_ccrop.jpg,Eosinophil,big,irregular,segmented-multilobed,low,densely,no,clear,light blue,round,red,yes,EO_414580_ccrop.jpg,train
EO_414685_ccrop.jpg,Eosinophil,big,irregular,segmented-bilobed,low,densely,no,clear,light blue,round,red,yes,EO_414685_ccrop.jpg,train
EO_415104_ccrop.jpg,Eosinophil,big,round,segmented-bilobed,low,densely,no,clear,light blue,round,red,yes,EO_415104_ccrop.jpg,train
EO_415124_ccrop.jpg,Eosinophil,big,round,segmented-bilobed,low,densely,no,clear,light blue,round,red,yes,EO_415124_ccrop.jpg,train
EO_415150_ccrop.jpg,Eosinophil,small,round,segmented-bilobed,low,densely,no,clear,light blue,round,red,yes,EO_415150_ccrop.jpg,train
EO_415390_ccrop.jpg,Eosinophil,small,round,segmented-multilobed,low,densely,no,clear,light blue,round,red,yes,EO_415390_ccrop.jpg,train
EO_416449_ccrop.jpg,Eosinophil,small,round,segmented-bilobed,low,densely,no,clear,light blue,round,red,yes,EO_416449_ccrop.jpg,train
EO_417463_ccrop.jpg,Eosinophil,small,round,segmented-multilobed,low,densely,no,clear,light blue,round,red,yes,EO_417463_ccrop.jpg,train
EO_418465_ccrop.jpg,Eosinophil,big,round,segmented-bilobed,low,densely,no,clear,light blue,round,red,yes,EO_418465_ccrop.jpg,train
EO_419020_ccrop.jpg,Eosinophil,small,round,segmented-bilobed,low,densely,no,clear,light blue,round,red,yes,EO_419020_ccrop.jpg,train
EO_419252_ccrop.jpg,Eosinophil,small,round,segmented-bilobed,low,densely,no,clear,light blue,round,red,yes,EO_419252_ccrop.jpg,train
EO_419430_ccrop.jpg,Eosinophil,small,round,segmented-bilobed,low,densely,no,clear,light blue,round,red,yes,EO_419430_ccrop.jpg,train
EO_420434_ccrop.jpg,Eosinophil,small,round,segmented-bilobed,low,densely,no,clear,light blue,round,red,yes,EO_420434_ccrop.jpg,train
EO_421_ccrop.jpg,Eosinophil,big,round,segmented-multilobed,low,densely,no,clear,light blue,round,red,yes,EO_421_ccrop.jpg,train
EO_422549_ccrop.jpg,Eosinophil,big,round,segmented-bilobed,low,densely,no,clear,light blue,round,red,yes,EO_422549_ccrop.jpg,train
EO_424085_ccrop.jpg,Eosinophil,big,round,segmented-bilobed,low,densely,no,clear,light blue,round,red,yes,EO_424085_ccrop.jpg,train
EO_424207_ccrop.jpg,Eosinophil,big,round,segmented-bilobed,low,densely,no,clear,light blue,round,red,yes,EO_424207_ccrop.jpg,train
EO_42441_ccrop.jpg,Eosinophil,small,round,segmented-bilobed,low,densely,no,clear,light blue,round,red,yes,EO_42441_ccrop.jpg,train
EO_424827_ccrop.jpg,Eosinophil,small,round,segmented-bilobed,low,densely,no,clear,light blue,round,red,yes,EO_424827_ccrop.jpg,train
EO_424918_ccrop.jpg,Eosinophil,big,round,segmented-bilobed,low,densely,no,clear,light blue,round,red,yes,EO_424918_ccrop.jpg,train
EO_425079_ccrop.jpg,Eosinophil,big,round,segmented-bilobed,low,densely,no,clear,light blue,round,red,yes,EO_425079_ccrop.jpg,train
EO_425659_ccrop.jpg,Eosinophil,big,round,segmented-bilobed,low,densely,no,clear,light blue,round,red,yes,EO_425659_ccrop.jpg,train
EO_425984_ccrop.jpg,Eosinophil,small,round,segmented-bilobed,low,densely,no,clear,light blue,round,red,yes,EO_425984_ccrop.jpg,train
EO_426270_ccrop.jpg,Eosinophil,small,round,segmented-bilobed,low,densely,no,clear,light blue,round,red,yes,EO_426270_ccrop.jpg,train
EO_42732_ccrop.jpg,Eosinophil,big,round,segmented-bilobed,low,densely,no,clear,light blue,round,red,yes,EO_42732_ccrop.jpg,train
EO_427585_ccrop.jpg,Eosinophil,small,round,segmented-multilobed,low,densely,no,clear,light blue,round,red,yes,EO_427585_ccrop.jpg,train
EO_427956_ccrop.jpg,Eosinophil,big,round,segmented-multilobed,low,densely,no,clear,light blue,round,red,yes,EO_427956_ccrop.jpg,train
EO_428275_ccrop.jpg,Eosinophil,small,round,segmented-multilobed,low,densely,no,clear,light blue,round,red,yes,EO_428275_ccrop.jpg,train
EO_42951_ccrop.jpg,Eosinophil,small,round,segmented-bilobed,low,densely,no,clear,light blue,round,red,yes,EO_42951_ccrop.jpg,train
EO_43054_ccrop.jpg,Eosinophil,small,round,segmented-bilobed,low,densely,no,clear,light blue,round,red,yes,EO_43054_ccrop.jpg,train
EO_430628_ccrop.jpg,Eosinophil,big,round,segmented-multilobed,low,densely,no,clear,light blue,round,red,yes,EO_430628_ccrop.jpg,train
EO_431365_ccrop.jpg,Eosinophil,small,round,segmented-bilobed,low,densely,no,clear,light blue,round,red,yes,EO_431365_ccrop.jpg,train
EO_432369_ccrop.jpg,Eosinophil,small,round,segmented-bilobed,low,densely,no,clear,light blue,round,red,yes,EO_432369_ccrop.jpg,train
EO_432899_ccrop.jpg,Eosinophil,small,round,segmented-bilobed,low,densely,no,clear,light blue,round,red,yes,EO_432899_ccrop.jpg,train
EO_433229_ccrop.jpg,Eosinophil,small,round,segmented-bilobed,low,densely,no,clear,light blue,round,red,yes,EO_433229_ccrop.jpg,train
EO_434299_ccrop.jpg,Eosinophil,small,round,segmented-bilobed,low,densely,no,clear,light blue,round,red,yes,EO_434299_ccrop.jpg,train
EO_434365_ccrop.jpg,Eosinophil,small,round,segmented-bilobed,low,densely,no,clear,light blue,round,red,yes,EO_434365_ccrop.jpg,train
EO_435115_ccrop.jpg,Eosinophil,small,round,segmented-bilobed,low,densely,no,clear,light blue,round,red,yes,EO_435115_ccrop.jpg,train
EO_435128_ccrop.jpg,Eosinophil,big,round,segmented-bilobed,low,densely,no,clear,light blue,round,red,yes,EO_435128_ccrop.jpg,train
EO_435673_ccrop.jpg,Eosinophil,big,round,segmented-multilobed,low,densely,no,clear,light blue,round,red,yes,EO_435673_ccrop.jpg,train
EO_43667_ccrop.jpg,Eosinophil,big,round,segmented-multilobed,low,densely,no,clear,light blue,round,red,yes,EO_43667_ccrop.jpg,train
EO_43692_ccrop.jpg,Eosinophil,big,round,segmented-bilobed,low,densely,no,clear,light blue,round,red,yes,EO_43692_ccrop.jpg,train
EO_437658_ccrop.jpg,Eosinophil,small,round,segmented-multilobed,low,densely,no,clear,light blue,round,red,yes,EO_437658_ccrop.jpg,train
EO_438160_ccrop.jpg,Eosinophil,big,round,segmented-bilobed,low,densely,no,clear,light blue,round,red,yes,EO_438160_ccrop.jpg,train
EO_438563_ccrop.jpg,Eosinophil,big,round,segmented-bilobed,low,densely,no,clear,light blue,round,red,yes,EO_438563_ccrop.jpg,train
EO_439200_ccrop.jpg,Eosinophil,big,round,segmented-multilobed,low,densely,no,clear,light blue,round,red,yes,EO_439200_ccrop.jpg,train
EO_439202_ccrop.jpg,Eosinophil,big,irregular,segmented-bilobed,low,densely,no,clear,light blue,round,red,yes,EO_439202_ccrop.jpg,train
EO_439765_ccrop.jpg,Eosinophil,big,round,segmented-bilobed,low,densely,no,clear,light blue,round,red,yes,EO_439765_ccrop.jpg,train
EO_440210_ccrop.jpg,Eosinophil,big,round,segmented-multilobed,low,densely,no,clear,light blue,round,red,yes,EO_440210_ccrop.jpg,train
EO_440848_ccrop.jpg,Eosinophil,small,round,segmented-bilobed,low,densely,no,clear,light blue,round,red,yes,EO_440848_ccrop.jpg,train
EO_441092_ccrop.jpg,Eosinophil,big,round,segmented-bilobed,low,densely,no,clear,light blue,round,red,yes,EO_441092_ccrop.jpg,train
EO_441794_ccrop.jpg,Eosinophil,small,round,segmented-bilobed,low,densely,no,clear,light blue,round,red,yes,EO_441794_ccrop.jpg,train
EO_442_ccrop.jpg,Eosinophil,big,irregular,segmented-bilobed,low,densely,no,clear,light blue,round,red,yes,EO_442_ccrop.jpg,train
EO_442649_ccrop.jpg,Eosinophil,big,irregular,segmented-bilobed,low,densely,no,clear,light blue,round,red,yes,EO_442649_ccrop.jpg,train
EO_442987_ccrop.jpg,Eosinophil,big,round,segmented-bilobed,low,densely,no,clear,light blue,round,red,yes,EO_442987_ccrop.jpg,train
EO_44307_ccrop.jpg,Eosinophil,small,round,segmented-bilobed,low,densely,no,clear,light blue,round,red,yes,EO_44307_ccrop.jpg,train
EO_443281_ccrop.jpg,Eosinophil,big,round,segmented-bilobed,low,densely,no,clear,light blue,round,red,yes,EO_443281_ccrop.jpg,train
EO_443713_ccrop.jpg,Eosinophil,small,irregular,irregular,low,densely,no,clear,light blue,round,red,yes,EO_443713_ccrop.jpg,train
EO_444535_ccrop.jpg,Eosinophil,big,round,segmented-bilobed,low,densely,no,clear,light blue,round,red,yes,EO_444535_ccrop.jpg,train
EO_444788_ccrop.jpg,Eosinophil,small,round,segmented-bilobed,low,densely,no,clear,light blue,round,red,yes,EO_444788_ccrop.jpg,train
EO_445349_ccrop.jpg,Eosinophil,small,round,segmented-bilobed,low,densely,no,clear,light blue,round,red,yes,EO_445349_ccrop.jpg,train
EO_446902_ccrop.jpg,Eosinophil,small,round,segmented-bilobed,low,densely,no,clear,light blue,round,red,yes,EO_446902_ccrop.jpg,train
EO_447137_ccrop.jpg,Eosinophil,big,round,segmented-bilobed,low,densely,no,clear,light blue,round,red,yes,EO_447137_ccrop.jpg,train
EO_447756_ccrop.jpg,Eosinophil,small,round,segmented-bilobed,low,densely,no,clear,light blue,round,red,yes,EO_447756_ccrop.jpg,train
EO_447857_ccrop.jpg,Eosinophil,big,irregular,segmented-multilobed,low,densely,no,clear,light blue,round,red,yes,EO_447857_ccrop.jpg,train
EO_448200_ccrop.jpg,Eosinophil,big,round,segmented-bilobed,low,densely,no,clear,light blue,round,red,yes,EO_448200_ccrop.jpg,train
EO_448399_ccrop.jpg,Eosinophil,small,round,segmented-multilobed,low,densely,no,clear,light blue,round,red,yes,EO_448399_ccrop.jpg,train
EO_448998_ccrop.jpg,Eosinophil,big,round,segmented-bilobed,low,densely,no,clear,light blue,round,red,yes,EO_448998_ccrop.jpg,train
EO_449091_ccrop.jpg,Eosinophil,small,round,segmented-multilobed,low,densely,no,clear,light blue,round,red,yes,EO_449091_ccrop.jpg,train
EO_449240_ccrop.jpg,Eosinophil,big,irregular,unsegmented-band,low,densely,no,clear,light blue,round,red,yes,EO_449240_ccrop.jpg,train
EO_449362_ccrop.jpg,Eosinophil,small,round,segmented-bilobed,low,densely,no,clear,light blue,round,red,yes,EO_449362_ccrop.jpg,train
EO_451494_ccrop.jpg,Eosinophil,big,round,segmented-bilobed,low,densely,no,clear,light blue,round,red,yes,EO_451494_ccrop.jpg,train
EO_452374_ccrop.jpg,Eosinophil,big,round,segmented-bilobed,low,densely,no,clear,light blue,round,red,yes,EO_452374_ccrop.jpg,train
EO_452455_ccrop.jpg,Eosinophil,small,round,segmented-bilobed,low,densely,no,clear,light blue,round,red,yes,EO_452455_ccrop.jpg,train
EO_452888_ccrop.jpg,Eosinophil,big,round,segmented-bilobed,low,densely,no,clear,light blue,round,red,yes,EO_452888_ccrop.jpg,train
EO_45291_ccrop.jpg,Eosinophil,big,round,segmented-bilobed,low,densely,no,clear,light blue,round,red,yes,EO_45291_ccrop.jpg,train
EO_452949_ccrop.jpg,Eosinophil,big,round,segmented-bilobed,low,densely,no,clear,light blue,round,red,yes,EO_452949_ccrop.jpg,train
EO_453229_ccrop.jpg,Eosinophil,small,round,segmented-bilobed,low,densely,no,clear,light blue,round,red,yes,EO_453229_ccrop.jpg,train
EO_453486_ccrop.jpg,Eosinophil,big,irregular,segmented-multilobed,low,densely,yes,clear,light blue,round,red,yes,EO_453486_ccrop.jpg,train
EO_453795_ccrop.jpg,Eosinophil,big,irregular,segmented-bilobed,low,densely,no,clear,light blue,round,red,yes,EO_453795_ccrop.jpg,train
EO_454218_ccrop.jpg,Eosinophil,big,round,segmented-bilobed,low,densely,no,clear,light blue,round,red,yes,EO_454218_ccrop.jpg,train
EO_455100_ccrop.jpg,Eosinophil,small,round,unsegmented-band,low,densely,no,clear,light blue,round,red,yes,EO_455100_ccrop.jpg,train
EO_455519_ccrop.jpg,Eosinophil,big,round,segmented-multilobed,low,densely,no,clear,light blue,round,red,yes,EO_455519_ccrop.jpg,train
EO_455970_ccrop.jpg,Eosinophil,small,round,segmented-multilobed,low,densely,no,clear,light blue,round,red,yes,EO_455970_ccrop.jpg,train
EO_456048_ccrop.jpg,Eosinophil,big,round,segmented-bilobed,low,densely,no,clear,light blue,round,red,yes,EO_456048_ccrop.jpg,train
EO_456329_ccrop.jpg,Eosinophil,big,round,segmented-bilobed,low,densely,no,clear,light blue,round,red,yes,EO_456329_ccrop.jpg,train
EO_456484_ccrop.jpg,Eosinophil,big,irregular,segmented-bilobed,low,densely,no,clear,light blue,round,red,yes,EO_456484_ccrop.jpg,train
EO_45659_ccrop.jpg,Eosinophil,big,irregular,segmented-multilobed,low,densely,no,clear,light blue,round,red,yes,EO_45659_ccrop.jpg,train
EO_45684_ccrop.jpg,Eosinophil,big,round,segmented-multilobed,low,densely,no,clear,light blue,round,red,yes,EO_45684_ccrop.jpg,train
EO_456904_ccrop.jpg,Eosinophil,small,round,segmented-bilobed,low,densely,no,clear,light blue,round,red,yes,EO_456904_ccrop.jpg,train
EO_457339_ccrop.jpg,Eosinophil,big,round,segmented-bilobed,low,densely,no,clear,light blue,round,red,yes,EO_457339_ccrop.jpg,train
EO_457748_ccrop.jpg,Eosinophil,big,round,segmented-multilobed,low,densely,no,clear,light blue,round,red,yes,EO_457748_ccrop.jpg,train
EO_457756_ccrop.jpg,Eosinophil,small,round,segmented-bilobed,low,densely,no,clear,light blue,round,red,yes,EO_457756_ccrop.jpg,train
EO_457772_ccrop.jpg,Eosinophil,big,round,segmented-bilobed,low,densely,no,clear,light blue,round,red,yes,EO_457772_ccrop.jpg,train
EO_459590_ccrop.jpg,Eosinophil,small,round,segmented-bilobed,low,densely,no,clear,light blue,round,red,yes,EO_459590_ccrop.jpg,train
EO_460463_ccrop.jpg,Eosinophil,small,round,segmented-bilobed,low,densely,no,clear,light blue,round,red,yes,EO_460463_ccrop.jpg,train
EO_462115_ccrop.jpg,Eosinophil,small,round,unsegmented-band,low,densely,no,clear,light blue,round,red,yes,EO_462115_ccrop.jpg,train
EO_463820_ccrop.jpg,Eosinophil,big,round,segmented-bilobed,low,densely,no,clear,light blue,round,red,yes,EO_463820_ccrop.jpg,train
EO_464387_ccrop.jpg,Eosinophil,big,irregular,segmented-multilobed,low,densely,no,clear,light blue,round,red,yes,EO_464387_ccrop.jpg,train
EO_464699_ccrop.jpg,Eosinophil,small,round,segmented-bilobed,low,densely,no,clear,light blue,round,red,yes,EO_464699_ccrop.jpg,train
EO_465089_ccrop.jpg,Eosinophil,big,irregular,unsegmented-band,low,densely,no,clear,light blue,round,red,yes,EO_465089_ccrop.jpg,train
EO_466494_ccrop.jpg,Eosinophil,big,irregular,segmented-bilobed,low,densely,no,clear,light blue,round,red,yes,EO_466494_ccrop.jpg,train
EO_466655_ccrop.jpg,Eosinophil,big,round,segmented-bilobed,low,densely,no,clear,light blue,round,red,yes,EO_466655_ccrop.jpg,train
EO_467442_ccrop.jpg,Eosinophil,big,round,unsegmented-band,low,densely,no,clear,light blue,round,red,yes,EO_467442_ccrop.jpg,train
EO_469045_ccrop.jpg,Eosinophil,big,round,segmented-bilobed,low,densely,no,clear,light blue,round,red,yes,EO_469045_ccrop.jpg,train
EO_469322_ccrop.jpg,Eosinophil,big,irregular,unsegmented-band,low,densely,no,clear,light blue,round,red,yes,EO_469322_ccrop.jpg,train
EO_470500_ccrop.jpg,Eosinophil,big,round,segmented-bilobed,low,densely,no,clear,light blue,round,red,yes,EO_470500_ccrop.jpg,train
EO_470880_ccrop.jpg,Eosinophil,big,round,segmented-bilobed,low,densely,no,clear,light blue,round,red,yes,EO_470880_ccrop.jpg,train
EO_471446_ccrop.jpg,Eosinophil,small,round,segmented-bilobed,low,densely,no,clear,light blue,round,red,yes,EO_471446_ccrop.jpg,train
EO_471626_ccrop.jpg,Eosinophil,small,round,segmented-multilobed,low,densely,no,clear,light blue,round,red,yes,EO_471626_ccrop.jpg,train
EO_472619_ccrop.jpg,Eosinophil,small,round,segmented-bilobed,low,densely,no,clear,light blue,round,red,yes,EO_472619_ccrop.jpg,train
EO_473693_ccrop.jpg,Eosinophil,big,round,segmented-bilobed,low,densely,no,clear,light blue,round,red,yes,EO_473693_ccrop.jpg,train
EO_474075_ccrop.jpg,Eosinophil,big,irregular,segmented-bilobed,low,densely,no,clear,light blue,round,red,yes,EO_474075_ccrop.jpg,train
EO_47420_ccrop.jpg,Eosinophil,small,round,segmented-multilobed,low,densely,no,clear,light blue,round,red,yes,EO_47420_ccrop.jpg,train
EO_474537_ccrop.jpg,Eosinophil,big,round,segmented-bilobed,low,densely,no,clear,light blue,round,red,yes,EO_474537_ccrop.jpg,train
EO_474938_ccrop.jpg,Eosinophil,big,round,segmented-bilobed,low,densely,no,clear,light blue,round,red,yes,EO_474938_ccrop.jpg,train
EO_475336_ccrop.jpg,Eosinophil,big,round,segmented-bilobed,low,densely,no,clear,light blue,round,red,yes,EO_475336_ccrop.jpg,train
EO_475490_ccrop.jpg,Eosinophil,big,round,unsegmented-band,low,densely,no,clear,light blue,round,red,yes,EO_475490_ccrop.jpg,train
EO_475510_ccrop.jpg,Eosinophil,small,round,segmented-multilobed,low,densely,no,clear,light blue,round,red,yes,EO_475510_ccrop.jpg,train
EO_476034_ccrop.jpg,Eosinophil,big,round,segmented-bilobed,low,densely,no,clear,light blue,round,red,yes,EO_476034_ccrop.jpg,train
EO_476186_ccrop.jpg,Eosinophil,big,round,segmented-multilobed,low,densely,no,clear,light blue,round,red,yes,EO_476186_ccrop.jpg,train
EO_476571_ccrop.jpg,Eosinophil,big,round,segmented-bilobed,low,densely,no,clear,light blue,round,red,yes,EO_476571_ccrop.jpg,train
EO_477622_ccrop.jpg,Eosinophil,small,round,segmented-multilobed,low,densely,no,clear,light blue,round,red,yes,EO_477622_ccrop.jpg,train
EO_478083_ccrop.jpg,Eosinophil,big,round,segmented-bilobed,low,densely,no,clear,light blue,round,red,yes,EO_478083_ccrop.jpg,train
EO_47816_ccrop.jpg,Eosinophil,big,round,segmented-bilobed,low,densely,no,clear,light blue,round,red,yes,EO_47816_ccrop.jpg,train
EO_478403_ccrop.jpg,Eosinophil,big,round,segmented-multilobed,low,densely,no,clear,light blue,round,red,yes,EO_478403_ccrop.jpg,train
EO_478414_ccrop.jpg,Eosinophil,big,irregular,segmented-bilobed,low,densely,no,clear,light blue,round,red,yes,EO_478414_ccrop.jpg,train
EO_47902_ccrop.jpg,Eosinophil,big,round,segmented-bilobed,low,densely,no,clear,light blue,round,red,yes,EO_47902_ccrop.jpg,train
EO_479520_ccrop.jpg,Eosinophil,small,round,segmented-bilobed,low,densely,no,clear,light blue,round,red,yes,EO_479520_ccrop.jpg,train
EO_480622_ccrop.jpg,Eosinophil,small,round,segmented-bilobed,low,densely,no,clear,light blue,round,red,yes,EO_480622_ccrop.jpg,train
EO_481425_ccrop.jpg,Eosinophil,small,round,segmented-bilobed,low,densely,no,clear,light blue,round,red,yes,EO_481425_ccrop.jpg,train
EO_481640_ccrop.jpg,Eosinophil,big,irregular,segmented-bilobed,low,densely,no,clear,light blue,round,red,yes,EO_481640_ccrop.jpg,train
EO_481654_ccrop.jpg,Eosinophil,small,round,segmented-bilobed,low,densely,no,clear,light blue,round,red,yes,EO_481654_ccrop.jpg,train
EO_481680_ccrop.jpg,Eosinophil,small,round,segmented-bilobed,low,densely,no,clear,light blue,round,red,yes,EO_481680_ccrop.jpg,train
EO_481757_ccrop.jpg,Eosinophil,small,round,unsegmented-band,low,densely,no,clear,light blue,round,red,yes,EO_481757_ccrop.jpg,train
EO_48196_ccrop.jpg,Eosinophil,big,round,segmented-bilobed,low,densely,no,clear,light blue,round,red,yes,EO_48196_ccrop.jpg,train
EO_482215_ccrop.jpg,Eosinophil,small,round,segmented-bilobed,low,densely,no,clear,light blue,round,red,yes,EO_482215_ccrop.jpg,train
EO_482398_ccrop.jpg,Eosinophil,big,round,segmented-bilobed,low,densely,no,clear,light blue,round,red,yes,EO_482398_ccrop.jpg,train
EO_48254_ccrop.jpg,Eosinophil,big,round,segmented-bilobed,low,densely,no,clear,light blue,round,red,yes,EO_48254_ccrop.jpg,train
EO_482568_ccrop.jpg,Eosinophil,big,irregular,segmented-bilobed,low,densely,no,clear,light blue,round,red,yes,EO_482568_ccrop.jpg,train
EO_483355_ccrop.jpg,Eosinophil,small,round,segmented-bilobed,low,densely,no,clear,light blue,round,red,yes,EO_483355_ccrop.jpg,train
EO_483445_ccrop.jpg,Eosinophil,small,round,segmented-bilobed,low,densely,no,clear,light blue,round,red,yes,EO_483445_ccrop.jpg,train
EO_483625_ccrop.jpg,Eosinophil,big,round,unsegmented-band,low,densely,no,clear,light blue,round,red,yes,EO_483625_ccrop.jpg,train
EO_483703_ccrop.jpg,Eosinophil,big,round,segmented-multilobed,low,densely,no,clear,light blue,round,red,yes,EO_483703_ccrop.jpg,train
EO_484252_ccrop.jpg,Eosinophil,small,round,segmented-bilobed,low,densely,no,clear,light blue,round,red,yes,EO_484252_ccrop.jpg,train
EO_48474_ccrop.jpg,Eosinophil,big,irregular,segmented-bilobed,low,densely,no,clear,light blue,round,red,yes,EO_48474_ccrop.jpg,train
EO_484849_ccrop.jpg,Eosinophil,big,round,segmented-bilobed,low,densely,no,clear,light blue,round,red,yes,EO_484849_ccrop.jpg,train
EO_485580_ccrop.jpg,Eosinophil,big,round,segmented-bilobed,low,densely,no,clear,light blue,round,red,yes,EO_485580_ccrop.jpg,train
EO_485946_ccrop.jpg,Eosinophil,big,round,segmented-bilobed,low,densely,no,clear,light blue,round,red,yes,EO_485946_ccrop.jpg,train
EO_486026_ccrop.jpg,Eosinophil,small,round,segmented-bilobed,low,densely,no,clear,light blue,round,red,yes,EO_486026_ccrop.jpg,train
EO_486066_ccrop.jpg,Eosinophil,big,irregular,segmented-multilobed,low,densely,no,clear,light blue,round,red,yes,EO_486066_ccrop.jpg,train
EO_486340_ccrop.jpg,Eosinophil,big,round,segmented-bilobed,low,densely,no,clear,light blue,round,red,yes,EO_486340_ccrop.jpg,train
EO_486747_ccrop.jpg,Eosinophil,small,round,segmented-bilobed,low,densely,no,clear,light blue,round,red,yes,EO_486747_ccrop.jpg,train
EO_487107_ccrop.jpg,Eosinophil,small,round,segmented-bilobed,low,densely,no,clear,light blue,round,red,yes,EO_487107_ccrop.jpg,train
EO_488279_ccrop.jpg,Eosinophil,big,round,segmented-bilobed,low,densely,no,clear,light blue,round,red,yes,EO_488279_ccrop.jpg,train
EO_488535_ccrop.jpg,Eosinophil,big,round,segmented-multilobed,low,densely,no,clear,light blue,round,red,yes,EO_488535_ccrop.jpg,train
EO_488643_ccrop.jpg,Eosinophil,small,round,segmented-bilobed,low,densely,no,clear,light blue,round,red,yes,EO_488643_ccrop.jpg,train
EO_489018_ccrop.jpg,Eosinophil,big,irregular,segmented-bilobed,low,densely,no,clear,light blue,round,red,yes,EO_489018_ccrop.jpg,train
EO_489802_ccrop.jpg,Eosinophil,small,round,segmented-bilobed,low,densely,no,clear,light blue,round,red,yes,EO_489802_ccrop.jpg,train
EO_489810_ccrop.jpg,Eosinophil,small,round,segmented-bilobed,low,densely,no,clear,light blue,round,red,yes,EO_489810_ccrop.jpg,train
EO_489916_ccrop.jpg,Eosinophil,big,round,segmented-bilobed,low,densely,no,clear,light blue,round,red,yes,EO_489916_ccrop.jpg,train
EO_489929_ccrop.jpg,Eosinophil,big,round,segmented-bilobed,low,densely,no,clear,light blue,round,red,yes,EO_489929_ccrop.jpg,train
EO_490376_ccrop.jpg,Eosinophil,small,round,segmented-bilobed,low,densely,no,clear,light blue,round,red,yes,EO_490376_ccrop.jpg,train
EO_490942_ccrop.jpg,Eosinophil,small,round,segmented-multilobed,low,densely,no,clear,light blue,round,red,yes,EO_490942_ccrop.jpg,train
EO_491368_ccrop.jpg,Eosinophil,small,round,segmented-bilobed,low,densely,no,clear,light blue,round,red,yes,EO_491368_ccrop.jpg,train
EO_491904_ccrop.jpg,Eosinophil,small,round,segmented-multilobed,low,densely,no,clear,light blue,round,red,yes,EO_491904_ccrop.jpg,train
EO_492164_ccrop.jpg,Eosinophil,small,round,segmented-multilobed,low,densely,no,clear,light blue,round,red,yes,EO_492164_ccrop.jpg,train
EO_492353_ccrop.jpg,Eosinophil,small,round,segmented-bilobed,low,densely,no,clear,light blue,round,red,yes,EO_492353_ccrop.jpg,train
EO_492356_ccrop.jpg,Eosinophil,small,round,unsegmented-band,low,densely,no,clear,light blue,round,red,yes,EO_492356_ccrop.jpg,train
EO_492401_ccrop.jpg,Eosinophil,small,round,segmented-bilobed,low,densely,no,clear,light blue,round,red,yes,EO_492401_ccrop.jpg,train
EO_493004_ccrop.jpg,Eosinophil,big,round,unsegmented-band,low,densely,no,clear,light blue,round,red,yes,EO_493004_ccrop.jpg,train
EO_493576_ccrop.jpg,Eosinophil,small,round,segmented-bilobed,low,densely,no,clear,light blue,round,red,yes,EO_493576_ccrop.jpg,train
EO_49375_ccrop.jpg,Eosinophil,big,irregular,segmented-multilobed,low,densely,no,clear,light blue,round,red,yes,EO_49375_ccrop.jpg,train
EO_493789_ccrop.jpg,Eosinophil,small,round,segmented-bilobed,low,densely,no,clear,light blue,round,red,yes,EO_493789_ccrop.jpg,train
EO_494252_ccrop.jpg,Eosinophil,small,round,segmented-multilobed,low,densely,no,clear,light blue,round,red,yes,EO_494252_ccrop.jpg,train
EO_494403_ccrop.jpg,Eosinophil,small,round,segmented-multilobed,low,densely,no,clear,light blue,round,red,yes,EO_494403_ccrop.jpg,train
EO_49445_ccrop.jpg,Eosinophil,small,round,segmented-bilobed,low,densely,no,clear,light blue,round,red,yes,EO_49445_ccrop.jpg,train
EO_494662_ccrop.jpg,Eosinophil,big,round,segmented-bilobed,low,densely,no,clear,light blue,round,red,yes,EO_494662_ccrop.jpg,train
EO_49482_ccrop.jpg,Eosinophil,small,round,segmented-bilobed,low,densely,no,clear,light blue,round,red,yes,EO_49482_ccrop.jpg,train
EO_495127_ccrop.jpg,Eosinophil,big,round,segmented-bilobed,low,densely,no,clear,light blue,round,red,yes,EO_495127_ccrop.jpg,train
EO_49559_ccrop.jpg,Eosinophil,small,round,segmented-bilobed,low,densely,no,clear,light blue,round,red,yes,EO_49559_ccrop.jpg,train
EO_495956_ccrop.jpg,Eosinophil,small,irregular,unsegmented-band,low,densely,no,clear,light blue,round,red,yes,EO_495956_ccrop.jpg,train
EO_496077_ccrop.jpg,Eosinophil,big,round,segmented-bilobed,low,densely,no,clear,light blue,round,red,yes,EO_496077_ccrop.jpg,train
EO_496598_ccrop.jpg,Eosinophil,small,round,segmented-bilobed,low,densely,no,clear,light blue,round,red,yes,EO_496598_ccrop.jpg,train
EO_497408_ccrop.jpg,Eosinophil,small,round,segmented-bilobed,low,densely,no,clear,light blue,round,red,yes,EO_497408_ccrop.jpg,train
EO_498178_ccrop.jpg,Eosinophil,small,round,unsegmented-band,low,densely,no,clear,light blue,round,red,yes,EO_498178_ccrop.jpg,train
EO_498223_ccrop.jpg,Eosinophil,small,round,unsegmented-band,low,densely,no,clear,light blue,round,red,yes,EO_498223_ccrop.jpg,train
EO_49826_ccrop.jpg,Eosinophil,big,round,segmented-bilobed,low,densely,no,clear,light blue,round,red,yes,EO_49826_ccrop.jpg,train
EO_498358_ccrop.jpg,Eosinophil,big,round,segmented-bilobed,low,densely,no,clear,light blue,round,red,yes,EO_498358_ccrop.jpg,train
EO_499536_ccrop.jpg,Eosinophil,big,round,segmented-multilobed,low,densely,no,clear,light blue,round,red,yes,EO_499536_ccrop.jpg,train
EO_49977_ccrop.jpg,Eosinophil,big,round,segmented-multilobed,low,densely,no,clear,light blue,round,red,yes,EO_49977_ccrop.jpg,train
EO_499786_ccrop.jpg,Eosinophil,big,irregular,segmented-bilobed,low,densely,no,clear,light blue,round,red,yes,EO_499786_ccrop.jpg,train
EO_500122_ccrop.jpg,Eosinophil,big,round,segmented-multilobed,low,densely,no,clear,light blue,round,red,yes,EO_500122_ccrop.jpg,train
EO_500452_ccrop.jpg,Eosinophil,small,round,segmented-bilobed,low,densely,no,clear,light blue,round,red,yes,EO_500452_ccrop.jpg,train
EO_501087_ccrop.jpg,Eosinophil,small,round,unsegmented-band,low,densely,no,clear,light blue,round,red,yes,EO_501087_ccrop.jpg,train
EO_503205_ccrop.jpg,Eosinophil,small,round,segmented-bilobed,low,densely,no,clear,light blue,round,red,yes,EO_503205_ccrop.jpg,train
EO_504106_ccrop.jpg,Eosinophil,small,round,segmented-multilobed,low,densely,no,clear,light blue,round,red,yes,EO_504106_ccrop.jpg,train
EO_504354_ccrop.jpg,Eosinophil,big,round,segmented-bilobed,low,densely,no,clear,light blue,round,red,yes,EO_504354_ccrop.jpg,train
EO_504568_ccrop.jpg,Eosinophil,big,round,segmented-bilobed,low,densely,no,clear,light blue,round,red,yes,EO_504568_ccrop.jpg,train
EO_505246_ccrop.jpg,Eosinophil,big,round,segmented-bilobed,low,densely,no,clear,light blue,round,red,yes,EO_505246_ccrop.jpg,train
EO_505506_ccrop.jpg,Eosinophil,small,round,segmented-multilobed,low,densely,no,clear,light blue,round,red,yes,EO_505506_ccrop.jpg,train
EO_505902_ccrop.jpg,Eosinophil,small,round,segmented-bilobed,low,densely,no,clear,light blue,round,red,yes,EO_505902_ccrop.jpg,train
EO_506171_ccrop.jpg,Eosinophil,small,round,irregular,low,densely,no,clear,light blue,round,red,yes,EO_506171_ccrop.jpg,train
EO_506281_ccrop.jpg,Eosinophil,big,round,segmented-bilobed,low,densely,no,clear,light blue,round,red,yes,EO_506281_ccrop.jpg,train
EO_506761_ccrop.jpg,Eosinophil,big,round,segmented-bilobed,low,densely,no,clear,light blue,round,red,yes,EO_506761_ccrop.jpg,train
EO_506910_ccrop.jpg,Eosinophil,small,round,segmented-bilobed,low,densely,no,clear,light blue,round,red,yes,EO_506910_ccrop.jpg,train
EO_507083_ccrop.jpg,Eosinophil,big,round,segmented-multilobed,low,densely,no,clear,light blue,round,red,yes,EO_507083_ccrop.jpg,train
EO_508324_ccrop.jpg,Eosinophil,big,round,segmented-bilobed,low,densely,no,clear,light blue,round,red,yes,EO_508324_ccrop.jpg,train
EO_508637_ccrop.jpg,Eosinophil,small,round,segmented-bilobed,low,densely,no,clear,light blue,round,red,yes,EO_508637_ccrop.jpg,train
EO_508897_ccrop.jpg,Eosinophil,big,round,unsegmented-band,low,densely,no,clear,light blue,round,red,yes,EO_508897_ccrop.jpg,train
EO_509604_ccrop.jpg,Eosinophil,small,round,segmented-bilobed,low,densely,no,clear,light blue,round,red,yes,EO_509604_ccrop.jpg,train
EO_510060_ccrop.jpg,Eosinophil,big,irregular,segmented-bilobed,low,densely,no,clear,light blue,round,red,yes,EO_510060_ccrop.jpg,train
EO_510096_ccrop.jpg,Eosinophil,small,round,segmented-bilobed,low,densely,no,clear,light blue,round,red,yes,EO_510096_ccrop.jpg,train
EO_510482_ccrop.jpg,Eosinophil,big,irregular,segmented-multilobed,low,densely,no,clear,light blue,round,red,yes,EO_510482_ccrop.jpg,train
EO_511115_ccrop.jpg,Eosinophil,small,round,segmented-bilobed,low,densely,no,clear,light blue,round,red,yes,EO_511115_ccrop.jpg,train
EO_511334_ccrop.jpg,Eosinophil,big,round,segmented-bilobed,low,densely,no,clear,light blue,round,red,yes,EO_511334_ccrop.jpg,train
EO_511369_ccrop.jpg,Eosinophil,big,round,segmented-bilobed,low,densely,no,clear,light blue,round,red,yes,EO_511369_ccrop.jpg,train
EO_51138_ccrop.jpg,Eosinophil,big,round,segmented-bilobed,low,densely,no,clear,light blue,round,red,yes,EO_51138_ccrop.jpg,train
EO_512229_ccrop.jpg,Eosinophil,small,round,segmented-bilobed,low,densely,no,clear,light blue,round,red,yes,EO_512229_ccrop.jpg,train
EO_512894_ccrop.jpg,Eosinophil,small,round,segmented-bilobed,low,densely,no,clear,light blue,round,red,yes,EO_512894_ccrop.jpg,train
EO_513200_ccrop.jpg,Eosinophil,big,round,segmented-bilobed,low,densely,no,clear,light blue,round,red,yes,EO_513200_ccrop.jpg,train
EO_514638_ccrop.jpg,Eosinophil,big,round,segmented-bilobed,low,densely,no,clear,light blue,round,red,yes,EO_514638_ccrop.jpg,train
EO_51563_ccrop.jpg,Eosinophil,small,round,segmented-multilobed,low,densely,no,clear,light blue,round,red,yes,EO_51563_ccrop.jpg,train
EO_515942_ccrop.jpg,Eosinophil,big,round,segmented-bilobed,low,densely,no,clear,light blue,round,red,yes,EO_515942_ccrop.jpg,train
EO_516058_ccrop.jpg,Eosinophil,big,round,segmented-bilobed,low,densely,no,clear,light blue,round,red,yes,EO_516058_ccrop.jpg,train
EO_516265_ccrop.jpg,Eosinophil,big,round,unsegmented-band,low,densely,no,clear,light blue,round,red,yes,EO_516265_ccrop.jpg,train
EO_516632_ccrop.jpg,Eosinophil,big,round,segmented-multilobed,low,densely,no,clear,light blue,round,red,yes,EO_516632_ccrop.jpg,train
EO_516640_ccrop.jpg,Eosinophil,big,round,segmented-multilobed,low,densely,no,clear,light blue,round,red,yes,EO_516640_ccrop.jpg,train
EO_516662_ccrop.jpg,Eosinophil,big,irregular,irregular,low,loosely,no,clear,light blue,round,red,yes,EO_516662_ccrop.jpg,train
EO_517855_ccrop.jpg,Eosinophil,big,round,unsegmented-band,low,densely,no,clear,light blue,round,red,yes,EO_517855_ccrop.jpg,train
EO_518015_ccrop.jpg,Eosinophil,small,round,segmented-bilobed,low,densely,no,clear,light blue,round,red,yes,EO_518015_ccrop.jpg,train
EO_51829_ccrop.jpg,Eosinophil,big,round,segmented-bilobed,low,densely,no,clear,light blue,round,red,yes,EO_51829_ccrop.jpg,train
EO_519146_ccrop.jpg,Eosinophil,small,round,segmented-bilobed,low,densely,no,clear,light blue,round,red,yes,EO_519146_ccrop.jpg,train
EO_519769_ccrop.jpg,Eosinophil,small,irregular,segmented-bilobed,low,loosely,no,clear,light blue,round,red,yes,EO_519769_ccrop.jpg,train
EO_519910_ccrop.jpg,Eosinophil,big,round,segmented-multilobed,low,densely,no,clear,light blue,round,red,yes,EO_519910_ccrop.jpg,train
EO_520428_ccrop.jpg,Eosinophil,small,round,segmented-bilobed,low,densely,no,clear,light blue,round,red,yes,EO_520428_ccrop.jpg,train
EO_520526_ccrop.jpg,Eosinophil,big,irregular,segmented-bilobed,low,densely,no,clear,light blue,round,red,yes,EO_520526_ccrop.jpg,train
EO_520791_ccrop.jpg,Eosinophil,small,round,segmented-bilobed,low,densely,no,clear,light blue,round,red,yes,EO_520791_ccrop.jpg,train
EO_521034_ccrop.jpg,Eosinophil,big,irregular,segmented-bilobed,low,densely,no,clear,light blue,round,red,yes,EO_521034_ccrop.jpg,train
EO_521046_ccrop.jpg,Eosinophil,big,round,unsegmented-band,low,densely,no,clear,light blue,round,red,yes,EO_521046_ccrop.jpg,train
EO_521097_ccrop.jpg,Eosinophil,big,round,segmented-bilobed,low,densely,no,clear,light blue,round,red,yes,EO_521097_ccrop.jpg,train
EO_521159_ccrop.jpg,Eosinophil,small,round,unsegmented-band,low,densely,no,clear,light blue,round,red,yes,EO_521159_ccrop.jpg,train
EO_522232_ccrop.jpg,Eosinophil,big,round,unsegmented-band,low,densely,no,clear,light blue,round,red,yes,EO_522232_ccrop.jpg,train
EO_523268_ccrop.jpg,Eosinophil,big,round,segmented-bilobed,low,densely,no,clear,light blue,round,red,yes,EO_523268_ccrop.jpg,train
EO_523473_ccrop.jpg,Eosinophil,small,round,segmented-bilobed,low,densely,no,clear,light blue,round,red,yes,EO_523473_ccrop.jpg,train
EO_523868_ccrop.jpg,Eosinophil,big,round,segmented-bilobed,low,densely,no,clear,light blue,round,red,yes,EO_523868_ccrop.jpg,train
EO_524648_ccrop.jpg,Eosinophil,small,round,unsegmented-band,low,densely,no,clear,light blue,round,red,yes,EO_524648_ccrop.jpg,train
EO_525311_ccrop.jpg,Eosinophil,big,round,segmented-bilobed,low,densely,no,clear,light blue,round,red,yes,EO_525311_ccrop.jpg,train
EO_526125_ccrop.jpg,Eosinophil,big,round,segmented-bilobed,low,densely,no,clear,light blue,round,red,yes,EO_526125_ccrop.jpg,train
EO_526407_ccrop.jpg,Eosinophil,small,round,segmented-bilobed,low,densely,no,clear,light blue,round,red,yes,EO_526407_ccrop.jpg,train
EO_526434_ccrop.jpg,Eosinophil,big,irregular,segmented-bilobed,low,densely,no,clear,light blue,round,red,yes,EO_526434_ccrop.jpg,train
EO_526573_ccrop.jpg,Eosinophil,big,round,segmented-bilobed,low,densely,no,clear,light blue,round,red,yes,EO_526573_ccrop.jpg,train
EO_526624_ccrop.jpg,Eosinophil,small,round,unsegmented-band,low,densely,no,clear,light blue,round,red,yes,EO_526624_ccrop.jpg,train
EO_527485_ccrop.jpg,Eosinophil,big,round,segmented-bilobed,low,densely,no,clear,light blue,round,red,yes,EO_527485_ccrop.jpg,train
EO_527490_ccrop.jpg,Eosinophil,small,irregular,segmented-bilobed,low,densely,no,clear,light blue,round,red,yes,EO_527490_ccrop.jpg,train
EO_528469_ccrop.jpg,Eosinophil,big,round,segmented-bilobed,low,densely,no,clear,light blue,round,red,yes,EO_528469_ccrop.jpg,train
EO_528572_ccrop.jpg,Eosinophil,big,round,segmented-bilobed,low,densely,no,clear,light blue,round,red,yes,EO_528572_ccrop.jpg,train
EO_529831_ccrop.jpg,Eosinophil,big,round,segmented-multilobed,low,densely,no,clear,light blue,round,red,yes,EO_529831_ccrop.jpg,train
EO_53024_ccrop.jpg,Eosinophil,big,irregular,segmented-multilobed,low,densely,no,clear,light blue,round,red,yes,EO_53024_ccrop.jpg,train
EO_531157_ccrop.jpg,Eosinophil,small,round,segmented-bilobed,low,densely,no,clear,light blue,round,red,yes,EO_531157_ccrop.jpg,train
EO_531180_ccrop.jpg,Eosinophil,big,round,segmented-bilobed,low,densely,no,clear,light blue,round,red,yes,EO_531180_ccrop.jpg,train
EO_531455_ccrop.jpg,Eosinophil,small,round,unsegmented-band,low,densely,no,clear,light blue,round,red,yes,EO_531455_ccrop.jpg,train
EO_533476_ccrop.jpg,Eosinophil,big,round,unsegmented-band,low,densely,no,clear,light blue,round,red,yes,EO_533476_ccrop.jpg,train
EO_533757_ccrop.jpg,Eosinophil,big,round,unsegmented-band,low,densely,no,clear,light blue,round,red,yes,EO_533757_ccrop.jpg,train
EO_533759_ccrop.jpg,Eosinophil,small,round,segmented-bilobed,low,densely,no,clear,light blue,round,red,yes,EO_533759_ccrop.jpg,train
EO_534414_ccrop.jpg,Eosinophil,big,round,segmented-bilobed,low,densely,no,clear,light blue,round,red,yes,EO_534414_ccrop.jpg,train
EO_534614_ccrop.jpg,Eosinophil,small,round,segmented-bilobed,low,densely,no,clear,light blue,round,red,yes,EO_534614_ccrop.jpg,train
EO_53483_ccrop.jpg,Eosinophil,big,round,segmented-bilobed,low,densely,no,clear,light blue,round,red,yes,EO_53483_ccrop.jpg,train
EO_536327_ccrop.jpg,Eosinophil,big,round,segmented-bilobed,low,densely,no,clear,light blue,round,red,yes,EO_536327_ccrop.jpg,train
EO_536417_ccrop.jpg,Eosinophil,big,round,segmented-bilobed,low,densely,no,clear,light blue,round,red,yes,EO_536417_ccrop.jpg,train
EO_536854_ccrop.jpg,Eosinophil,big,round,segmented-bilobed,low,densely,no,clear,light blue,round,red,yes,EO_536854_ccrop.jpg,train
EO_537047_ccrop.jpg,Eosinophil,big,round,segmented-bilobed,low,densely,no,clear,light blue,round,red,yes,EO_537047_ccrop.jpg,train
EO_538351_ccrop.jpg,Eosinophil,small,round,segmented-bilobed,low,densely,no,clear,light blue,round,red,yes,EO_538351_ccrop.jpg,train
EO_538680_ccrop.jpg,Eosinophil,big,round,segmented-bilobed,low,densely,no,clear,light blue,round,red,yes,EO_538680_ccrop.jpg,train
EO_538821_ccrop.jpg,Eosinophil,big,round,segmented-bilobed,low,densely,no,clear,light blue,round,red,yes,EO_538821_ccrop.jpg,train
EO_539468_ccrop.jpg,Eosinophil,big,round,segmented-multilobed,low,densely,no,clear,light blue,round,red,yes,EO_539468_ccrop.jpg,train
EO_539969_ccrop.jpg,Eosinophil,big,round,segmented-bilobed,low,densely,no,clear,light blue,round,red,yes,EO_539969_ccrop.jpg,train
EO_541020_ccrop.jpg,Eosinophil,big,round,segmented-bilobed,low,densely,no,clear,light blue,round,red,yes,EO_541020_ccrop.jpg,train
EO_543030_ccrop.jpg,Eosinophil,big,round,segmented-bilobed,low,densely,no,clear,light blue,round,red,yes,EO_543030_ccrop.jpg,train
EO_543746_ccrop.jpg,Eosinophil,big,round,segmented-bilobed,low,densely,no,clear,light blue,round,red,yes,EO_543746_ccrop.jpg,train
EO_544087_ccrop.jpg,Eosinophil,small,round,segmented-bilobed,low,densely,no,clear,light blue,round,red,yes,EO_544087_ccrop.jpg,train
EO_544153_ccrop.jpg,Eosinophil,small,round,segmented-bilobed,low,densely,no,clear,light blue,round,red,yes,EO_544153_ccrop.jpg,train
EO_544538_ccrop.jpg,Eosinophil,big,round,segmented-bilobed,low,densely,no,clear,light blue,round,red,yes,EO_544538_ccrop.jpg,train
EO_544788_ccrop.jpg,Eosinophil,small,round,segmented-bilobed,low,densely,no,clear,light blue,round,red,yes,EO_544788_ccrop.jpg,train
EO_544830_ccrop.jpg,Eosinophil,small,round,segmented-multilobed,low,densely,no,clear,light blue,round,red,yes,EO_544830_ccrop.jpg,train
EO_545473_ccrop.jpg,Eosinophil,big,irregular,segmented-bilobed,low,densely,no,clear,light blue,round,red,yes,EO_545473_ccrop.jpg,train
EO_545808_ccrop.jpg,Eosinophil,big,round,segmented-bilobed,low,densely,no,clear,light blue,round,red,yes,EO_545808_ccrop.jpg,train
EO_545985_ccrop.jpg,Eosinophil,small,round,segmented-bilobed,low,densely,no,clear,light blue,round,red,yes,EO_545985_ccrop.jpg,train
EO_546748_ccrop.jpg,Eosinophil,big,round,segmented-bilobed,low,densely,no,clear,light blue,round,red,yes,EO_546748_ccrop.jpg,train
EO_54678_ccrop.jpg,Eosinophil,big,round,segmented-bilobed,low,densely,no,clear,light blue,round,red,yes,EO_54678_ccrop.jpg,train
EO_54685_ccrop.jpg,Eosinophil,big,round,segmented-bilobed,low,densely,no,clear,light blue,round,red,yes,EO_54685_ccrop.jpg,train
EO_547489_ccrop.jpg,Eosinophil,small,round,unsegmented-band,low,densely,no,clear,light blue,round,red,yes,EO_547489_ccrop.jpg,train
EO_547565_ccrop.jpg,Eosinophil,small,round,segmented-bilobed,low,densely,no,clear,light blue,round,red,yes,EO_547565_ccrop.jpg,train
EO_547729_ccrop.jpg,Eosinophil,big,round,segmented-bilobed,low,densely,no,clear,light blue,round,red,yes,EO_547729_ccrop.jpg,train
EO_548290_ccrop.jpg,Eosinophil,big,round,segmented-bilobed,low,densely,no,clear,light blue,round,red,yes,EO_548290_ccrop.jpg,train
EO_548421_ccrop.jpg,Eosinophil,big,irregular,segmented-bilobed,low,loosely,no,clear,light blue,round,red,yes,EO_548421_ccrop.jpg,train
EO_548865_ccrop.jpg,Eosinophil,big,round,unsegmented-band,low,densely,no,clear,light blue,round,red,yes,EO_548865_ccrop.jpg,train
EO_548873_ccrop.jpg,Eosinophil,small,round,segmented-bilobed,low,densely,no,clear,light blue,round,red,yes,EO_548873_ccrop.jpg,train
EO_549367_ccrop.jpg,Eosinophil,big,round,segmented-bilobed,low,densely,no,clear,light blue,round,red,yes,EO_549367_ccrop.jpg,train
EO_549513_ccrop.jpg,Eosinophil,big,round,segmented-bilobed,low,densely,no,clear,light blue,round,red,yes,EO_549513_ccrop.jpg,train
EO_551483_ccrop.jpg,Eosinophil,big,round,segmented-bilobed,low,densely,no,clear,light blue,round,red,yes,EO_551483_ccrop.jpg,train
EO_551504_ccrop.jpg,Eosinophil,big,round,segmented-multilobed,low,densely,no,clear,light blue,round,red,yes,EO_551504_ccrop.jpg,train
EO_552117_ccrop.jpg,Eosinophil,big,round,segmented-bilobed,low,densely,no,clear,light blue,round,red,yes,EO_552117_ccrop.jpg,train
EO_552330_ccrop.jpg,Eosinophil,big,round,unsegmented-band,low,densely,no,clear,light blue,round,red,yes,EO_552330_ccrop.jpg,train
EO_552623_ccrop.jpg,Eosinophil,big,round,segmented-bilobed,low,densely,no,clear,light blue,round,red,yes,EO_552623_ccrop.jpg,train
EO_552660_ccrop.jpg,Eosinophil,big,round,segmented-multilobed,low,densely,no,clear,light blue,round,red,yes,EO_552660_ccrop.jpg,train
EO_553108_ccrop.jpg,Eosinophil,big,round,segmented-multilobed,low,densely,no,clear,light blue,round,red,yes,EO_553108_ccrop.jpg,train
EO_553205_ccrop.jpg,Eosinophil,big,round,segmented-bilobed,low,densely,no,clear,light blue,round,red,yes,EO_553205_ccrop.jpg,train
EO_553328_ccrop.jpg,Eosinophil,big,round,segmented-bilobed,low,densely,no,clear,light blue,round,red,yes,EO_553328_ccrop.jpg,train
EO_553474_ccrop.jpg,Eosinophil,big,round,segmented-bilobed,low,densely,no,clear,light blue,round,red,yes,EO_553474_ccrop.jpg,train
EO_553758_ccrop.jpg,Eosinophil,big,round,segmented-bilobed,low,densely,no,clear,light blue,round,red,yes,EO_553758_ccrop.jpg,train
EO_553880_ccrop.jpg,Eosinophil,small,irregular,segmented-multilobed,low,densely,no,clear,light blue,round,red,yes,EO_553880_ccrop.jpg,train
EO_554725_ccrop.jpg,Eosinophil,big,round,segmented-bilobed,low,densely,no,clear,light blue,round,red,yes,EO_554725_ccrop.jpg,train
EO_554820_ccrop.jpg,Eosinophil,big,round,segmented-bilobed,low,densely,no,clear,light blue,round,red,yes,EO_554820_ccrop.jpg,train
EO_55519_ccrop.jpg,Eosinophil,small,round,unsegmented-band,low,densely,no,clear,light blue,round,red,yes,EO_55519_ccrop.jpg,train
EO_555484_ccrop.jpg,Eosinophil,big,round,segmented-bilobed,low,densely,no,clear,light blue,round,red,yes,EO_555484_ccrop.jpg,train
EO_555907_ccrop.jpg,Eosinophil,big,round,segmented-bilobed,low,densely,no,clear,light blue,round,red,yes,EO_555907_ccrop.jpg,train
EO_55694_ccrop.jpg,Eosinophil,big,round,unsegmented-band,low,densely,no,clear,light blue,round,red,yes,EO_55694_ccrop.jpg,train
EO_557445_ccrop.jpg,Eosinophil,big,round,segmented-bilobed,low,densely,no,clear,light blue,round,red,yes,EO_557445_ccrop.jpg,train
EO_557765_ccrop.jpg,Eosinophil,big,round,segmented-bilobed,low,densely,no,clear,light blue,round,red,yes,EO_557765_ccrop.jpg,train
EO_557935_ccrop.jpg,Eosinophil,big,round,segmented-bilobed,low,densely,no,clear,light blue,round,red,yes,EO_557935_ccrop.jpg,train
EO_558546_ccrop.jpg,Eosinophil,small,round,segmented-bilobed,low,densely,no,clear,light blue,round,red,yes,EO_558546_ccrop.jpg,train
EO_558714_ccrop.jpg,Eosinophil,small,round,segmented-bilobed,low,densely,no,clear,light blue,round,red,yes,EO_558714_ccrop.jpg,train
EO_559117_ccrop.jpg,Eosinophil,small,round,unsegmented-band,low,densely,no,clear,light blue,round,red,yes,EO_559117_ccrop.jpg,train
EO_559297_ccrop.jpg,Eosinophil,big,round,segmented-bilobed,low,densely,no,clear,light blue,round,red,yes,EO_559297_ccrop.jpg,train
EO_56116_ccrop.jpg,Eosinophil,small,round,segmented-bilobed,low,densely,no,clear,light blue,round,red,yes,EO_56116_ccrop.jpg,train
EO_562066_ccrop.jpg,Eosinophil,small,round,segmented-bilobed,low,densely,no,clear,light blue,round,red,yes,EO_562066_ccrop.jpg,train
EO_564833_ccrop.jpg,Eosinophil,big,round,unsegmented-band,low,densely,no,clear,light blue,round,red,yes,EO_564833_ccrop.jpg,train
EO_565002_ccrop.jpg,Eosinophil,small,round,segmented-bilobed,low,densely,no,clear,light blue,round,red,yes,EO_565002_ccrop.jpg,train
EO_565060_ccrop.jpg,Eosinophil,small,round,segmented-multilobed,low,densely,no,clear,light blue,round,red,yes,EO_565060_ccrop.jpg,train
EO_565721_ccrop.jpg,Eosinophil,big,round,segmented-bilobed,low,densely,no,clear,light blue,round,red,yes,EO_565721_ccrop.jpg,train
EO_567875_ccrop.jpg,Eosinophil,big,round,unsegmented-band,low,densely,no,clear,light blue,round,red,yes,EO_567875_ccrop.jpg,train
EO_568062_ccrop.jpg,Eosinophil,big,round,segmented-bilobed,low,densely,no,clear,light blue,round,red,yes,EO_568062_ccrop.jpg,train
EO_568586_ccrop.jpg,Eosinophil,small,round,segmented-bilobed,low,densely,no,clear,light blue,round,red,yes,EO_568586_ccrop.jpg,train
EO_569107_ccrop.jpg,Eosinophil,big,round,unsegmented-band,low,densely,no,clear,light blue,round,red,yes,EO_569107_ccrop.jpg,train
EO_569620_ccrop.jpg,Eosinophil,big,round,segmented-bilobed,low,densely,no,clear,light blue,round,red,yes,EO_569620_ccrop.jpg,train
EO_569742_ccrop.jpg,Eosinophil,big,round,unsegmented-band,low,densely,no,clear,light blue,round,red,yes,EO_569742_ccrop.jpg,train
EO_570111_ccrop.jpg,Eosinophil,big,round,segmented-bilobed,low,densely,no,clear,light blue,round,red,yes,EO_570111_ccrop.jpg,train
EO_570709_ccrop.jpg,Eosinophil,big,round,segmented-multilobed,low,densely,no,clear,light blue,round,red,yes,EO_570709_ccrop.jpg,train
EO_571184_ccrop.jpg,Eosinophil,small,round,segmented-bilobed,low,densely,no,clear,light blue,round,red,yes,EO_571184_ccrop.jpg,train
EO_571485_ccrop.jpg,Eosinophil,small,round,unsegmented-band,low,densely,no,clear,light blue,round,red,yes,EO_571485_ccrop.jpg,train
EO_571493_ccrop.jpg,Eosinophil,big,round,segmented-bilobed,low,densely,no,clear,light blue,round,red,yes,EO_571493_ccrop.jpg,train
EO_57183_ccrop.jpg,Eosinophil,big,round,segmented-multilobed,low,densely,no,clear,light blue,round,red,yes,EO_57183_ccrop.jpg,train
EO_572068_ccrop.jpg,Eosinophil,big,round,segmented-bilobed,low,densely,no,clear,light blue,round,red,yes,EO_572068_ccrop.jpg,train
EO_573632_ccrop.jpg,Eosinophil,big,round,segmented-bilobed,low,densely,no,clear,light blue,round,red,yes,EO_573632_ccrop.jpg,train
EO_574965_ccrop.jpg,Eosinophil,big,round,segmented-bilobed,low,densely,no,clear,light blue,round,red,yes,EO_574965_ccrop.jpg,train
EO_575404_ccrop.jpg,Eosinophil,small,round,segmented-bilobed,low,densely,no,clear,light blue,round,red,yes,EO_575404_ccrop.jpg,train
EO_575793_ccrop.jpg,Eosinophil,big,irregular,unsegmented-band,low,densely,no,clear,light blue,round,red,yes,EO_575793_ccrop.jpg,train
EO_575935_ccrop.jpg,Eosinophil,small,round,segmented-bilobed,low,densely,no,clear,light blue,round,red,yes,EO_575935_ccrop.jpg,train
EO_577498_ccrop.jpg,Eosinophil,big,round,segmented-multilobed,low,densely,no,clear,light blue,round,red,yes,EO_577498_ccrop.jpg,train
EO_577940_ccrop.jpg,Eosinophil,big,round,unsegmented-band,low,densely,no,clear,light blue,round,red,yes,EO_577940_ccrop.jpg,train
EO_578411_ccrop.jpg,Eosinophil,small,round,segmented-bilobed,low,densely,no,clear,light blue,round,red,yes,EO_578411_ccrop.jpg,train
EO_578965_ccrop.jpg,Eosinophil,big,round,segmented-bilobed,low,densely,no,clear,light blue,round,red,yes,EO_578965_ccrop.jpg,train
EO_57907_ccrop.jpg,Eosinophil,small,round,segmented-bilobed,low,densely,no,clear,light blue,round,red,yes,EO_57907_ccrop.jpg,train
EO_579119_ccrop.jpg,Eosinophil,small,round,segmented-bilobed,low,densely,no,clear,light blue,round,red,yes,EO_579119_ccrop.jpg,train
EO_579284_ccrop.jpg,Eosinophil,big,round,segmented-bilobed,low,densely,no,clear,light blue,round,red,yes,EO_579284_ccrop.jpg,train
EO_579761_ccrop.jpg,Eosinophil,big,round,segmented-bilobed,low,densely,no,clear,light blue,round,red,yes,EO_579761_ccrop.jpg,train
EO_581439_ccrop.jpg,Eosinophil,small,round,segmented-bilobed,low,densely,no,clear,light blue,round,red,yes,EO_581439_ccrop.jpg,train
EO_581765_ccrop.jpg,Eosinophil,small,round,segmented-bilobed,low,densely,no,clear,light blue,round,red,yes,EO_581765_ccrop.jpg,train
EO_581948_ccrop.jpg,Eosinophil,small,round,segmented-multilobed,low,densely,no,clear,light blue,round,red,yes,EO_581948_ccrop.jpg,train
EO_582920_ccrop.jpg,Eosinophil,small,round,segmented-bilobed,low,densely,no,clear,light blue,round,red,yes,EO_582920_ccrop.jpg,train
EO_582940_ccrop.jpg,Eosinophil,big,round,segmented-bilobed,low,densely,no,clear,light blue,round,red,yes,EO_582940_ccrop.jpg,train
EO_583076_ccrop.jpg,Eosinophil,big,round,unsegmented-band,low,densely,no,clear,light blue,round,red,yes,EO_583076_ccrop.jpg,train
EO_583142_ccrop.jpg,Eosinophil,big,round,unsegmented-band,low,densely,no,clear,light blue,round,red,yes,EO_583142_ccrop.jpg,train
EO_583633_ccrop.jpg,Eosinophil,big,round,segmented-bilobed,low,densely,no,clear,light blue,round,red,yes,EO_583633_ccrop.jpg,train
EO_583880_ccrop.jpg,Eosinophil,small,round,segmented-bilobed,low,densely,no,clear,light blue,round,red,yes,EO_583880_ccrop.jpg,train
EO_583975_ccrop.jpg,Eosinophil,small,round,segmented-bilobed,low,densely,no,clear,light blue,round,red,yes,EO_583975_ccrop.jpg,train
EO_58611_ccrop.jpg,Eosinophil,big,round,segmented-multilobed,low,densely,no,clear,light blue,round,red,yes,EO_58611_ccrop.jpg,train
EO_586118_ccrop.jpg,Eosinophil,small,round,segmented-bilobed,low,densely,no,clear,light blue,round,red,yes,EO_586118_ccrop.jpg,train
EO_586198_ccrop.jpg,Eosinophil,big,round,segmented-bilobed,low,densely,no,clear,light blue,round,red,yes,EO_586198_ccrop.jpg,train
EO_586528_ccrop.jpg,Eosinophil,big,round,segmented-bilobed,low,densely,no,clear,light blue,round,red,yes,EO_586528_ccrop.jpg,train
EO_587264_ccrop.jpg,Eosinophil,big,round,unsegmented-band,low,densely,no,clear,light blue,round,red,yes,EO_587264_ccrop.jpg,train
EO_588367_ccrop.jpg,Eosinophil,small,round,segmented-multilobed,low,densely,no,clear,light blue,round,red,yes,EO_588367_ccrop.jpg,train
EO_588423_ccrop.jpg,Eosinophil,big,round,unsegmented-band,low,densely,no,clear,light blue,round,red,yes,EO_588423_ccrop.jpg,train
EO_589553_ccrop.jpg,Eosinophil,big,round,segmented-multilobed,low,densely,no,clear,light blue,round,red,yes,EO_589553_ccrop.jpg,train
EO_589782_ccrop.jpg,Eosinophil,big,round,segmented-multilobed,low,densely,no,clear,light blue,round,red,yes,EO_589782_ccrop.jpg,train
EO_589850_ccrop.jpg,Eosinophil,big,round,segmented-bilobed,low,densely,no,clear,light blue,round,red,yes,EO_589850_ccrop.jpg,train
EO_589890_ccrop.jpg,Eosinophil,small,round,segmented-bilobed,low,densely,no,clear,light blue,round,red,yes,EO_589890_ccrop.jpg,train
EO_590420_ccrop.jpg,Eosinophil,small,round,segmented-bilobed,low,densely,no,clear,light blue,round,red,yes,EO_590420_ccrop.jpg,train
EO_590431_ccrop.jpg,Eosinophil,small,irregular,segmented-multilobed,low,densely,no,clear,light blue,round,red,yes,EO_590431_ccrop.jpg,train
EO_591060_ccrop.jpg,Eosinophil,big,round,segmented-bilobed,low,densely,no,clear,light blue,round,red,yes,EO_591060_ccrop.jpg,train
EO_59160_ccrop.jpg,Eosinophil,big,round,segmented-bilobed,low,densely,no,clear,light blue,round,red,yes,EO_59160_ccrop.jpg,train
EO_592605_ccrop.jpg,Eosinophil,small,round,segmented-multilobed,low,densely,no,clear,light blue,round,red,yes,EO_592605_ccrop.jpg,train
EO_596736_ccrop.jpg,Eosinophil,big,round,segmented-bilobed,low,densely,no,clear,light blue,round,red,yes,EO_596736_ccrop.jpg,train
EO_596923_ccrop.jpg,Eosinophil,small,round,segmented-bilobed,low,densely,no,clear,light blue,round,red,yes,EO_596923_ccrop.jpg,train
EO_598317_ccrop.jpg,Eosinophil,big,round,segmented-bilobed,low,densely,no,clear,light blue,round,red,yes,EO_598317_ccrop.jpg,train
EO_599236_ccrop.jpg,Eosinophil,big,round,unsegmented-band,low,densely,no,clear,light blue,round,red,yes,EO_599236_ccrop.jpg,train
EO_600107_ccrop.jpg,Eosinophil,big,round,segmented-bilobed,low,densely,no,clear,light blue,round,red,yes,EO_600107_ccrop.jpg,train
EO_60036_ccrop.jpg,Eosinophil,big,round,segmented-multilobed,low,densely,no,clear,light blue,round,red,yes,EO_60036_ccrop.jpg,train
EO_601402_ccrop.jpg,Eosinophil,big,round,segmented-bilobed,low,densely,no,clear,light blue,round,red,yes,EO_601402_ccrop.jpg,train
EO_602757_ccrop.jpg,Eosinophil,small,round,segmented-bilobed,low,densely,no,clear,light blue,round,red,yes,EO_602757_ccrop.jpg,train
EO_603195_ccrop.jpg,Eosinophil,big,round,segmented-bilobed,low,densely,no,clear,light blue,round,red,yes,EO_603195_ccrop.jpg,train
EO_603252_ccrop.jpg,Eosinophil,small,round,irregular,low,densely,no,clear,light blue,round,red,yes,EO_603252_ccrop.jpg,train
EO_603440_ccrop.jpg,Eosinophil,big,round,segmented-bilobed,low,densely,no,clear,light blue,round,red,yes,EO_603440_ccrop.jpg,train
EO_604677_ccrop.jpg,Eosinophil,big,round,segmented-bilobed,low,densely,no,clear,light blue,round,red,yes,EO_604677_ccrop.jpg,train
EO_606051_ccrop.jpg,Eosinophil,big,round,segmented-bilobed,low,densely,no,clear,light blue,round,red,yes,EO_606051_ccrop.jpg,train
EO_606125_ccrop.jpg,Eosinophil,small,round,segmented-multilobed,low,densely,no,clear,light blue,round,red,yes,EO_606125_ccrop.jpg,train
EO_606430_ccrop.jpg,Eosinophil,big,round,segmented-multilobed,low,densely,no,clear,light blue,round,red,yes,EO_606430_ccrop.jpg,train
EO_606439_ccrop.jpg,Eosinophil,big,irregular,segmented-bilobed,low,densely,no,clear,light blue,round,red,yes,EO_606439_ccrop.jpg,train
EO_606513_ccrop.jpg,Eosinophil,small,round,unsegmented-band,low,densely,no,clear,light blue,round,red,yes,EO_606513_ccrop.jpg,train
EO_606717_ccrop.jpg,Eosinophil,big,round,segmented-bilobed,low,densely,no,clear,light blue,round,red,yes,EO_606717_ccrop.jpg,train
EO_606806_ccrop.jpg,Eosinophil,small,round,segmented-bilobed,low,densely,no,clear,light blue,round,red,yes,EO_606806_ccrop.jpg,train
EO_606814_ccrop.jpg,Eosinophil,big,round,segmented-multilobed,low,densely,no,clear,light blue,round,red,yes,EO_606814_ccrop.jpg,train
EO_607566_ccrop.jpg,Eosinophil,big,round,unsegmented-band,low,densely,no,clear,light blue,round,red,yes,EO_607566_ccrop.jpg,train
EO_608062_ccrop.jpg,Eosinophil,big,round,segmented-bilobed,low,densely,no,clear,light blue,round,red,yes,EO_608062_ccrop.jpg,train
EO_6091_ccrop.jpg,Eosinophil,big,round,segmented-bilobed,low,densely,no,clear,light blue,round,red,yes,EO_6091_ccrop.jpg,train
EO_609731_ccrop.jpg,Eosinophil,small,round,segmented-bilobed,low,densely,no,clear,light blue,round,red,yes,EO_609731_ccrop.jpg,train
EO_60977_ccrop.jpg,Eosinophil,big,round,segmented-bilobed,low,densely,no,clear,light blue,round,red,yes,EO_60977_ccrop.jpg,train
EO_610425_ccrop.jpg,Eosinophil,big,irregular,segmented-bilobed,low,densely,no,clear,light blue,round,red,yes,EO_610425_ccrop.jpg,train
EO_610906_ccrop.jpg,Eosinophil,big,round,segmented-bilobed,low,densely,no,clear,light blue,round,red,yes,EO_610906_ccrop.jpg,train
EO_610957_ccrop.jpg,Eosinophil,big,round,segmented-bilobed,low,densely,no,clear,light blue,round,red,yes,EO_610957_ccrop.jpg,train
EO_611081_ccrop.jpg,Eosinophil,big,round,unsegmented-band,low,densely,no,clear,light blue,round,red,yes,EO_611081_ccrop.jpg,train
EO_611367_ccrop.jpg,Eosinophil,big,round,segmented-bilobed,low,densely,no,clear,light blue,round,red,yes,EO_611367_ccrop.jpg,train
EO_611719_ccrop.jpg,Eosinophil,small,round,segmented-bilobed,low,densely,no,clear,light blue,round,red,yes,EO_611719_ccrop.jpg,train
EO_612498_ccrop.jpg,Eosinophil,big,round,segmented-bilobed,low,densely,no,clear,light blue,round,red,yes,EO_612498_ccrop.jpg,train
EO_61251_ccrop.jpg,Eosinophil,big,round,segmented-bilobed,low,densely,no,clear,light blue,round,red,yes,EO_61251_ccrop.jpg,train
EO_612669_ccrop.jpg,Eosinophil,big,round,segmented-bilobed,low,densely,no,clear,light blue,round,red,yes,EO_612669_ccrop.jpg,train
EO_612890_ccrop.jpg,Eosinophil,small,round,unsegmented-band,low,densely,no,clear,light blue,round,red,yes,EO_612890_ccrop.jpg,train
EO_613088_ccrop.jpg,Eosinophil,big,round,segmented-bilobed,low,densely,no,clear,light blue,round,red,yes,EO_613088_ccrop.jpg,train
EO_613295_ccrop.jpg,Eosinophil,big,round,unsegmented-band,low,densely,no,clear,light blue,round,red,yes,EO_613295_ccrop.jpg,train
EO_614405_ccrop.jpg,Eosinophil,big,round,unsegmented-band,low,densely,no,clear,light blue,round,red,yes,EO_614405_ccrop.jpg,train
EO_614883_ccrop.jpg,Eosinophil,big,round,unsegmented-band,low,densely,no,clear,light blue,round,red,yes,EO_614883_ccrop.jpg,train
EO_615294_ccrop.jpg,Eosinophil,big,round,segmented-bilobed,low,densely,no,clear,light blue,round,red,yes,EO_615294_ccrop.jpg,train
EO_615464_ccrop.jpg,Eosinophil,small,round,segmented-bilobed,low,densely,no,clear,light blue,round,red,yes,EO_615464_ccrop.jpg,train
EO_615642_ccrop.jpg,Eosinophil,big,round,segmented-bilobed,low,densely,no,clear,light blue,round,red,yes,EO_615642_ccrop.jpg,train
EO_615750_ccrop.jpg,Eosinophil,big,round,segmented-bilobed,low,densely,no,clear,light blue,round,red,yes,EO_615750_ccrop.jpg,train
EO_61615_ccrop.jpg,Eosinophil,big,round,segmented-bilobed,low,densely,no,clear,light blue,round,red,yes,EO_61615_ccrop.jpg,train
EO_616202_ccrop.jpg,Eosinophil,big,irregular,segmented-bilobed,low,densely,no,clear,light blue,round,red,yes,EO_616202_ccrop.jpg,train
EO_616795_ccrop.jpg,Eosinophil,small,round,segmented-bilobed,low,densely,no,clear,light blue,round,red,yes,EO_616795_ccrop.jpg,train
EO_618577_ccrop.jpg,Eosinophil,small,round,unsegmented-band,low,densely,no,clear,light blue,round,red,yes,EO_618577_ccrop.jpg,train
EO_61876_ccrop.jpg,Eosinophil,small,round,segmented-bilobed,low,densely,no,clear,light blue,round,red,yes,EO_61876_ccrop.jpg,train
EO_618763_ccrop.jpg,Eosinophil,big,round,segmented-bilobed,low,densely,no,clear,light blue,round,red,yes,EO_618763_ccrop.jpg,train
EO_618837_ccrop.jpg,Eosinophil,big,round,segmented-multilobed,low,densely,no,clear,light blue,round,red,yes,EO_618837_ccrop.jpg,train
EO_619367_ccrop.jpg,Eosinophil,big,round,irregular,low,densely,no,clear,light blue,round,red,yes,EO_619367_ccrop.jpg,train
EO_619509_ccrop.jpg,Eosinophil,big,round,unsegmented-band,low,densely,no,clear,light blue,round,red,yes,EO_619509_ccrop.jpg,train
EO_620469_ccrop.jpg,Eosinophil,big,round,segmented-bilobed,low,densely,no,clear,light blue,round,red,yes,EO_620469_ccrop.jpg,train
EO_62120_ccrop.jpg,Eosinophil,small,round,segmented-bilobed,low,densely,no,clear,light blue,round,red,yes,EO_62120_ccrop.jpg,train
EO_621337_ccrop.jpg,Eosinophil,big,round,unsegmented-band,low,densely,no,clear,light blue,round,red,yes,EO_621337_ccrop.jpg,train
EO_621367_ccrop.jpg,Eosinophil,big,round,segmented-multilobed,low,densely,no,clear,light blue,round,red,yes,EO_621367_ccrop.jpg,train
EO_621495_ccrop.jpg,Eosinophil,big,round,segmented-bilobed,low,densely,no,clear,light blue,round,red,yes,EO_621495_ccrop.jpg,train
EO_621854_ccrop.jpg,Eosinophil,big,round,unsegmented-band,low,densely,no,clear,light blue,round,red,yes,EO_621854_ccrop.jpg,train
EO_624675_ccrop.jpg,Eosinophil,small,round,segmented-bilobed,low,densely,no,clear,light blue,round,red,yes,EO_624675_ccrop.jpg,train
EO_624887_ccrop.jpg,Eosinophil,big,round,segmented-bilobed,low,densely,no,clear,light blue,round,red,yes,EO_624887_ccrop.jpg,train
EO_625665_ccrop.jpg,Eosinophil,big,round,segmented-bilobed,low,densely,no,clear,light blue,round,red,yes,EO_625665_ccrop.jpg,train
EO_625983_ccrop.jpg,Eosinophil,big,round,segmented-bilobed,low,densely,no,clear,light blue,round,red,yes,EO_625983_ccrop.jpg,train
EO_626307_ccrop.jpg,Eosinophil,big,round,segmented-bilobed,low,densely,no,clear,light blue,round,red,yes,EO_626307_ccrop.jpg,train
EO_626322_ccrop.jpg,Eosinophil,small,round,segmented-bilobed,low,densely,no,clear,light blue,round,red,yes,EO_626322_ccrop.jpg,train
EO_626837_ccrop.jpg,Eosinophil,small,round,segmented-bilobed,low,densely,no,clear,light blue,round,red,yes,EO_626837_ccrop.jpg,train
EO_626851_ccrop.jpg,Eosinophil,big,round,segmented-bilobed,low,densely,no,clear,light blue,round,red,yes,EO_626851_ccrop.jpg,train
EO_627671_ccrop.jpg,Eosinophil,small,round,segmented-bilobed,low,densely,no,clear,light blue,round,red,yes,EO_627671_ccrop.jpg,train
EO_62793_ccrop.jpg,Eosinophil,small,round,segmented-multilobed,low,densely,no,clear,light blue,round,red,yes,EO_62793_ccrop.jpg,train
EO_628783_ccrop.jpg,Eosinophil,big,round,segmented-bilobed,low,densely,no,clear,light blue,round,red,yes,EO_628783_ccrop.jpg,train
EO_629662_ccrop.jpg,Eosinophil,big,round,segmented-bilobed,low,densely,no,clear,light blue,round,red,yes,EO_629662_ccrop.jpg,train
EO_630492_ccrop.jpg,Eosinophil,small,round,segmented-multilobed,low,densely,no,clear,light blue,round,red,yes,EO_630492_ccrop.jpg,train
EO_630713_ccrop.jpg,Eosinophil,big,round,segmented-bilobed,low,densely,no,clear,light blue,round,red,yes,EO_630713_ccrop.jpg,train
EO_631496_ccrop.jpg,Eosinophil,big,round,segmented-bilobed,low,densely,no,clear,light blue,round,red,yes,EO_631496_ccrop.jpg,train
EO_631783_ccrop.jpg,Eosinophil,big,round,segmented-bilobed,low,densely,no,clear,light blue,round,red,yes,EO_631783_ccrop.jpg,train
EO_631978_ccrop.jpg,Eosinophil,big,round,unsegmented-band,low,densely,no,clear,light blue,round,red,yes,EO_631978_ccrop.jpg,train
EO_633307_ccrop.jpg,Eosinophil,big,round,segmented-bilobed,low,densely,no,clear,light blue,round,red,yes,EO_633307_ccrop.jpg,train
EO_633427_ccrop.jpg,Eosinophil,big,round,segmented-multilobed,low,densely,no,clear,light blue,round,red,yes,EO_633427_ccrop.jpg,train
EO_633545_ccrop.jpg,Eosinophil,big,round,segmented-bilobed,low,densely,yes,clear,light blue,round,red,yes,EO_633545_ccrop.jpg,train
EO_634772_ccrop.jpg,Eosinophil,small,round,segmented-bilobed,low,densely,no,clear,light blue,round,red,yes,EO_634772_ccrop.jpg,train
EO_635751_ccrop.jpg,Eosinophil,big,irregular,unsegmented-band,low,densely,no,clear,light blue,round,red,yes,EO_635751_ccrop.jpg,train
EO_63600_ccrop.jpg,Eosinophil,big,round,segmented-bilobed,low,densely,no,clear,light blue,round,red,yes,EO_63600_ccrop.jpg,train
EO_636396_ccrop.jpg,Eosinophil,big,round,segmented-bilobed,low,densely,no,clear,light blue,round,red,yes,EO_636396_ccrop.jpg,train
EO_637854_ccrop.jpg,Eosinophil,big,round,unsegmented-band,low,densely,no,clear,light blue,round,red,yes,EO_637854_ccrop.jpg,train
EO_638125_ccrop.jpg,Eosinophil,big,round,segmented-bilobed,low,densely,no,clear,light blue,round,red,yes,EO_638125_ccrop.jpg,train
EO_638828_ccrop.jpg,Eosinophil,big,round,segmented-bilobed,low,densely,no,clear,light blue,round,red,yes,EO_638828_ccrop.jpg,train
EO_639559_ccrop.jpg,Eosinophil,small,irregular,segmented-multilobed,low,densely,no,clear,light blue,round,red,yes,EO_639559_ccrop.jpg,train
EO_640834_ccrop.jpg,Eosinophil,big,round,segmented-bilobed,low,densely,no,clear,light blue,round,red,yes,EO_640834_ccrop.jpg,train
EO_641431_ccrop.jpg,Eosinophil,big,round,segmented-bilobed,low,densely,no,clear,light blue,round,red,yes,EO_641431_ccrop.jpg,train
EO_641461_ccrop.jpg,Eosinophil,small,round,segmented-bilobed,low,densely,no,clear,light blue,round,red,yes,EO_641461_ccrop.jpg,train
EO_641852_ccrop.jpg,Eosinophil,big,round,segmented-bilobed,low,densely,no,clear,light blue,round,red,yes,EO_641852_ccrop.jpg,train
EO_641939_ccrop.jpg,Eosinophil,big,round,segmented-bilobed,low,densely,no,clear,light blue,round,red,yes,EO_641939_ccrop.jpg,train
EO_641941_ccrop.jpg,Eosinophil,big,round,segmented-bilobed,low,densely,no,clear,light blue,round,red,yes,EO_641941_ccrop.jpg,train
EO_642065_ccrop.jpg,Eosinophil,small,round,segmented-bilobed,low,densely,no,clear,light blue,round,red,yes,EO_642065_ccrop.jpg,train
EO_642349_ccrop.jpg,Eosinophil,big,round,segmented-multilobed,low,densely,no,clear,light blue,round,red,yes,EO_642349_ccrop.jpg,train
EO_642604_ccrop.jpg,Eosinophil,big,round,segmented-bilobed,low,densely,no,clear,light blue,round,red,yes,EO_642604_ccrop.jpg,train
EO_642785_ccrop.jpg,Eosinophil,small,round,segmented-multilobed,low,densely,no,clear,light blue,round,red,yes,EO_642785_ccrop.jpg,train
EO_642798_ccrop.jpg,Eosinophil,small,round,segmented-multilobed,low,densely,no,clear,light blue,round,red,yes,EO_642798_ccrop.jpg,train
EO_643199_ccrop.jpg,Eosinophil,big,round,segmented-bilobed,low,densely,no,clear,light blue,round,red,yes,EO_643199_ccrop.jpg,train
EO_644374_ccrop.jpg,Eosinophil,big,round,segmented-bilobed,low,densely,no,clear,light blue,round,red,yes,EO_644374_ccrop.jpg,train
EO_64440_ccrop.jpg,Eosinophil,big,round,segmented-bilobed,low,densely,no,clear,light blue,round,red,yes,EO_64440_ccrop.jpg,train
EO_645334_ccrop.jpg,Eosinophil,big,round,unsegmented-indented,low,densely,no,clear,light blue,round,red,yes,EO_645334_ccrop.jpg,train
EO_645824_ccrop.jpg,Eosinophil,big,round,segmented-bilobed,low,densely,no,clear,light blue,round,red,yes,EO_645824_ccrop.jpg,train
EO_646720_ccrop.jpg,Eosinophil,big,round,unsegmented-band,low,densely,no,clear,light blue,round,red,yes,EO_646720_ccrop.jpg,train
EO_647876_ccrop.jpg,Eosinophil,big,round,segmented-bilobed,low,densely,no,clear,light blue,round,red,yes,EO_647876_ccrop.jpg,train
EO_648206_ccrop.jpg,Eosinophil,big,round,irregular,low,densely,no,clear,light blue,round,red,yes,EO_648206_ccrop.jpg,train
EO_648225_ccrop.jpg,Eosinophil,big,irregular,segmented-bilobed,low,densely,no,clear,light blue,round,red,yes,EO_648225_ccrop.jpg,train
EO_648641_ccrop.jpg,Eosinophil,big,round,unsegmented-indented,low,densely,no,clear,light blue,round,red,yes,EO_648641_ccrop.jpg,train
EO_6489_ccrop.jpg,Eosinophil,small,round,segmented-bilobed,low,densely,no,clear,light blue,round,red,yes,EO_6489_ccrop.jpg,train
EO_648962_ccrop.jpg,Eosinophil,big,irregular,segmented-bilobed,low,densely,no,clear,light blue,round,red,yes,EO_648962_ccrop.jpg,train
EO_649430_ccrop.jpg,Eosinophil,big,round,segmented-bilobed,low,densely,no,clear,light blue,round,red,yes,EO_649430_ccrop.jpg,train
EO_649723_ccrop.jpg,Eosinophil,big,irregular,segmented-bilobed,low,densely,no,clear,light blue,round,red,yes,EO_649723_ccrop.jpg,train
EO_649946_ccrop.jpg,Eosinophil,small,round,segmented-multilobed,low,densely,no,clear,light blue,round,red,yes,EO_649946_ccrop.jpg,train
EO_649958_ccrop.jpg,Eosinophil,big,round,segmented-bilobed,low,densely,no,clear,light blue,round,red,yes,EO_649958_ccrop.jpg,train
EO_650034_ccrop.jpg,Eosinophil,small,round,unsegmented-band,low,densely,no,clear,light blue,round,red,yes,EO_650034_ccrop.jpg,train
EO_650226_ccrop.jpg,Eosinophil,small,round,segmented-bilobed,low,densely,no,clear,light blue,round,red,yes,EO_650226_ccrop.jpg,train
EO_651241_ccrop.jpg,Eosinophil,big,irregular,irregular,low,densely,no,clear,light blue,round,red,yes,EO_651241_ccrop.jpg,train
EO_652099_ccrop.jpg,Eosinophil,big,round,segmented-bilobed,low,densely,no,clear,light blue,round,red,yes,EO_652099_ccrop.jpg,train
EO_652278_ccrop.jpg,Eosinophil,big,round,segmented-bilobed,low,densely,no,clear,light blue,round,red,yes,EO_652278_ccrop.jpg,train
EO_652285_ccrop.jpg,Eosinophil,big,round,segmented-bilobed,low,densely,no,clear,light blue,round,red,yes,EO_652285_ccrop.jpg,train
EO_655132_ccrop.jpg,Eosinophil,big,round,segmented-multilobed,low,densely,no,clear,light blue,round,red,yes,EO_655132_ccrop.jpg,train
EO_655234_ccrop.jpg,Eosinophil,big,irregular,segmented-bilobed,low,densely,no,clear,light blue,round,red,yes,EO_655234_ccrop.jpg,train
EO_655398_ccrop.jpg,Eosinophil,big,round,unsegmented-band,low,densely,no,clear,light blue,round,red,yes,EO_655398_ccrop.jpg,train
EO_65638_ccrop.jpg,Eosinophil,big,round,segmented-bilobed,low,densely,no,clear,light blue,round,red,yes,EO_65638_ccrop.jpg,train
EO_656959_ccrop.jpg,Eosinophil,big,round,segmented-bilobed,low,densely,no,clear,light blue,round,red,yes,EO_656959_ccrop.jpg,train
EO_657993_ccrop.jpg,Eosinophil,big,round,segmented-bilobed,low,densely,no,clear,light blue,round,red,yes,EO_657993_ccrop.jpg,train
EO_658500_ccrop.jpg,Eosinophil,big,round,segmented-bilobed,low,densely,no,clear,light blue,round,red,yes,EO_658500_ccrop.jpg,train
EO_658954_ccrop.jpg,Eosinophil,big,round,segmented-multilobed,low,densely,no,clear,light blue,round,red,yes,EO_658954_ccrop.jpg,train
EO_660629_ccrop.jpg,Eosinophil,big,round,unsegmented-band,low,densely,no,clear,light blue,round,red,yes,EO_660629_ccrop.jpg,train
EO_660837_ccrop.jpg,Eosinophil,big,round,segmented-bilobed,low,densely,no,clear,light blue,round,red,yes,EO_660837_ccrop.jpg,train
EO_661159_ccrop.jpg,Eosinophil,big,round,segmented-multilobed,low,densely,no,clear,light blue,round,red,yes,EO_661159_ccrop.jpg,train
EO_661288_ccrop.jpg,Eosinophil,big,round,segmented-bilobed,low,densely,no,clear,light blue,round,red,yes,EO_661288_ccrop.jpg,train
EO_661771_ccrop.jpg,Eosinophil,small,round,segmented-multilobed,low,densely,no,clear,light blue,round,red,yes,EO_661771_ccrop.jpg,train
EO_663258_ccrop.jpg,Eosinophil,small,round,segmented-bilobed,low,densely,no,clear,light blue,round,red,yes,EO_663258_ccrop.jpg,train
EO_663635_ccrop.jpg,Eosinophil,big,round,segmented-multilobed,low,densely,no,clear,light blue,round,red,yes,EO_663635_ccrop.jpg,train
EO_663939_ccrop.jpg,Eosinophil,big,round,segmented-bilobed,low,densely,no,clear,light blue,round,red,yes,EO_663939_ccrop.jpg,train
EO_66408_ccrop.jpg,Eosinophil,small,round,segmented-bilobed,low,densely,no,clear,light blue,round,red,yes,EO_66408_ccrop.jpg,train
EO_664204_ccrop.jpg,Eosinophil,big,irregular,segmented-bilobed,low,densely,no,clear,light blue,round,red,yes,EO_664204_ccrop.jpg,train
EO_665644_ccrop.jpg,Eosinophil,big,round,segmented-bilobed,low,densely,no,clear,light blue,round,red,yes,EO_665644_ccrop.jpg,train
EO_665649_ccrop.jpg,Eosinophil,big,round,segmented-bilobed,low,densely,no,clear,light blue,round,red,yes,EO_665649_ccrop.jpg,train
EO_665862_ccrop.jpg,Eosinophil,big,round,segmented-bilobed,low,densely,no,clear,light blue,round,red,yes,EO_665862_ccrop.jpg,train
EO_666951_ccrop.jpg,Eosinophil,big,round,segmented-bilobed,low,densely,no,clear,light blue,round,red,yes,EO_666951_ccrop.jpg,train
EO_667158_ccrop.jpg,Eosinophil,big,round,unsegmented-band,low,densely,no,clear,light blue,round,red,yes,EO_667158_ccrop.jpg,train
EO_667264_ccrop.jpg,Eosinophil,big,round,segmented-bilobed,low,densely,no,clear,light blue,round,red,yes,EO_667264_ccrop.jpg,train
EO_667326_ccrop.jpg,Eosinophil,big,round,segmented-bilobed,low,densely,no,clear,light blue,round,red,yes,EO_667326_ccrop.jpg,train
EO_668438_ccrop.jpg,Eosinophil,big,round,segmented-bilobed,low,densely,no,clear,light blue,round,red,yes,EO_668438_ccrop.jpg,train
EO_66860_ccrop.jpg,Eosinophil,big,round,segmented-bilobed,low,densely,no,clear,light blue,round,red,yes,EO_66860_ccrop.jpg,train
EO_668693_ccrop.jpg,Eosinophil,big,round,segmented-bilobed,low,densely,no,clear,light blue,round,red,yes,EO_668693_ccrop.jpg,train
EO_668711_ccrop.jpg,Eosinophil,big,round,segmented-bilobed,low,densely,no,clear,light blue,round,red,yes,EO_668711_ccrop.jpg,train
EO_669175_ccrop.jpg,Eosinophil,big,round,unsegmented-band,low,densely,no,clear,light blue,round,red,yes,EO_669175_ccrop.jpg,train
EO_669194_ccrop.jpg,Eosinophil,big,round,segmented-bilobed,low,densely,no,clear,light blue,round,red,yes,EO_669194_ccrop.jpg,train
EO_669373_ccrop.jpg,Eosinophil,big,round,segmented-bilobed,low,densely,no,clear,light blue,round,red,yes,EO_669373_ccrop.jpg,train
EO_669459_ccrop.jpg,Eosinophil,big,round,segmented-bilobed,low,densely,no,clear,light blue,round,red,yes,EO_669459_ccrop.jpg,train
EO_669531_ccrop.jpg,Eosinophil,big,irregular,segmented-multilobed,low,densely,no,clear,light blue,round,red,yes,EO_669531_ccrop.jpg,train
EO_669624_ccrop.jpg,Eosinophil,big,round,segmented-bilobed,low,densely,no,clear,light blue,round,red,yes,EO_669624_ccrop.jpg,train
EO_66965_ccrop.jpg,Eosinophil,small,round,unsegmented-band,low,densely,no,clear,light blue,round,red,yes,EO_66965_ccrop.jpg,train
EO_67081_ccrop.jpg,Eosinophil,small,round,segmented-bilobed,low,densely,no,clear,light blue,round,red,yes,EO_67081_ccrop.jpg,train
EO_671075_ccrop.jpg,Eosinophil,big,round,segmented-multilobed,low,densely,no,clear,light blue,round,red,yes,EO_671075_ccrop.jpg,train
EO_671354_ccrop.jpg,Eosinophil,big,round,segmented-bilobed,low,densely,no,clear,light blue,round,red,yes,EO_671354_ccrop.jpg,train
EO_671419_ccrop.jpg,Eosinophil,big,round,segmented-bilobed,low,densely,no,clear,light blue,round,red,yes,EO_671419_ccrop.jpg,train
EO_673106_ccrop.jpg,Eosinophil,big,round,segmented-bilobed,low,densely,no,clear,light blue,round,red,yes,EO_673106_ccrop.jpg,train
EO_673984_ccrop.jpg,Eosinophil,big,round,segmented-bilobed,low,densely,no,clear,light blue,round,red,yes,EO_673984_ccrop.jpg,train
EO_674236_ccrop.jpg,Eosinophil,big,round,segmented-bilobed,low,densely,no,clear,light blue,round,red,yes,EO_674236_ccrop.jpg,train
EO_674352_ccrop.jpg,Eosinophil,big,irregular,irregular,low,loosely,no,clear,light blue,round,red,yes,EO_674352_ccrop.jpg,train
EO_674701_ccrop.jpg,Eosinophil,big,round,segmented-bilobed,low,densely,no,clear,light blue,round,red,yes,EO_674701_ccrop.jpg,train
EO_675600_ccrop.jpg,Eosinophil,big,round,segmented-bilobed,low,densely,no,clear,light blue,round,red,yes,EO_675600_ccrop.jpg,train
EO_675962_ccrop.jpg,Eosinophil,big,round,segmented-bilobed,low,densely,no,clear,light blue,round,red,yes,EO_675962_ccrop.jpg,train
EO_676281_ccrop.jpg,Eosinophil,big,round,segmented-bilobed,low,densely,no,clear,light blue,round,red,yes,EO_676281_ccrop.jpg,train
EO_677075_ccrop.jpg,Eosinophil,small,round,unsegmented-band,low,densely,no,clear,light blue,round,red,yes,EO_677075_ccrop.jpg,train
EO_678653_ccrop.jpg,Eosinophil,small,round,segmented-bilobed,low,densely,no,clear,light blue,round,red,yes,EO_678653_ccrop.jpg,train
EO_678945_ccrop.jpg,Eosinophil,big,irregular,unsegmented-band,low,densely,no,clear,light blue,round,red,yes,EO_678945_ccrop.jpg,train
EO_680272_ccrop.jpg,Eosinophil,big,round,segmented-bilobed,low,densely,no,clear,light blue,round,red,yes,EO_680272_ccrop.jpg,train
EO_680317_ccrop.jpg,Eosinophil,small,round,unsegmented-band,low,densely,no,clear,light blue,round,red,yes,EO_680317_ccrop.jpg,train
EO_680435_ccrop.jpg,Eosinophil,big,round,segmented-multilobed,low,densely,no,clear,light blue,round,red,yes,EO_680435_ccrop.jpg,train
EO_681039_ccrop.jpg,Eosinophil,big,round,segmented-bilobed,low,densely,no,clear,light blue,round,red,yes,EO_681039_ccrop.jpg,train
EO_68109_ccrop.jpg,Eosinophil,big,round,segmented-bilobed,low,densely,no,clear,light blue,round,red,yes,EO_68109_ccrop.jpg,train
EO_681139_ccrop.jpg,Eosinophil,big,irregular,segmented-bilobed,low,densely,no,clear,light blue,round,red,yes,EO_681139_ccrop.jpg,train
EO_681797_ccrop.jpg,Eosinophil,small,round,segmented-bilobed,low,densely,no,clear,light blue,round,red,yes,EO_681797_ccrop.jpg,train
EO_682455_ccrop.jpg,Eosinophil,big,round,segmented-bilobed,low,densely,no,clear,light blue,round,red,yes,EO_682455_ccrop.jpg,train
EO_683491_ccrop.jpg,Eosinophil,big,round,segmented-bilobed,low,densely,no,clear,light blue,round,red,yes,EO_683491_ccrop.jpg,train
EO_684536_ccrop.jpg,Eosinophil,big,round,segmented-bilobed,low,densely,no,clear,light blue,round,red,yes,EO_684536_ccrop.jpg,train
EO_684768_ccrop.jpg,Eosinophil,big,round,unsegmented-band,low,densely,no,clear,light blue,round,red,yes,EO_684768_ccrop.jpg,train
EO_684866_ccrop.jpg,Eosinophil,big,round,segmented-bilobed,low,densely,no,clear,light blue,round,red,yes,EO_684866_ccrop.jpg,train
EO_685543_ccrop.jpg,Eosinophil,big,round,unsegmented-band,low,densely,no,clear,light blue,round,red,yes,EO_685543_ccrop.jpg,train
EO_685815_ccrop.jpg,Eosinophil,small,round,segmented-bilobed,low,densely,no,clear,light blue,round,red,yes,EO_685815_ccrop.jpg,train
EO_685822_ccrop.jpg,Eosinophil,big,round,segmented-multilobed,low,densely,no,clear,light blue,round,red,yes,EO_685822_ccrop.jpg,train
EO_686204_ccrop.jpg,Eosinophil,big,round,segmented-multilobed,low,densely,no,clear,light blue,round,red,yes,EO_686204_ccrop.jpg,train
EO_687306_ccrop.jpg,Eosinophil,big,irregular,unsegmented-band,low,densely,no,clear,light blue,round,red,yes,EO_687306_ccrop.jpg,train
EO_687569_ccrop.jpg,Eosinophil,big,round,segmented-bilobed,low,densely,no,clear,light blue,round,red,yes,EO_687569_ccrop.jpg,train
EO_687765_ccrop.jpg,Eosinophil,big,round,unsegmented-band,low,densely,no,clear,light blue,round,red,yes,EO_687765_ccrop.jpg,train
EO_688063_ccrop.jpg,Eosinophil,big,round,irregular,low,densely,no,clear,light blue,round,red,yes,EO_688063_ccrop.jpg,train
EO_688154_ccrop.jpg,Eosinophil,small,round,segmented-bilobed,low,densely,no,clear,light blue,round,red,yes,EO_688154_ccrop.jpg,train
EO_688444_ccrop.jpg,Eosinophil,small,round,unsegmented-band,low,densely,no,clear,light blue,round,red,yes,EO_688444_ccrop.jpg,train
EO_689044_ccrop.jpg,Eosinophil,small,round,segmented-bilobed,low,densely,no,clear,light blue,round,red,yes,EO_689044_ccrop.jpg,train
EO_689368_ccrop.jpg,Eosinophil,small,round,segmented-bilobed,low,densely,no,clear,light blue,round,red,yes,EO_689368_ccrop.jpg,train
EO_689651_ccrop.jpg,Eosinophil,small,round,segmented-bilobed,low,densely,no,clear,light blue,round,red,yes,EO_689651_ccrop.jpg,train
EO_689705_ccrop.jpg,Eosinophil,big,round,segmented-bilobed,low,densely,no,clear,light blue,round,red,yes,EO_689705_ccrop.jpg,train
EO_690193_ccrop.jpg,Eosinophil,big,round,segmented-bilobed,low,densely,no,clear,light blue,round,red,yes,EO_690193_ccrop.jpg,train
EO_690811_ccrop.jpg,Eosinophil,big,round,segmented-bilobed,low,densely,no,clear,light blue,round,red,yes,EO_690811_ccrop.jpg,train
EO_691055_ccrop.jpg,Eosinophil,big,round,unsegmented-band,low,densely,no,clear,light blue,round,red,yes,EO_691055_ccrop.jpg,train
EO_693130_ccrop.jpg,Eosinophil,big,round,segmented-bilobed,low,densely,no,clear,light blue,round,red,yes,EO_693130_ccrop.jpg,train
EO_694062_ccrop.jpg,Eosinophil,big,round,segmented-multilobed,low,densely,no,clear,light blue,round,red,yes,EO_694062_ccrop.jpg,train
EO_694065_ccrop.jpg,Eosinophil,big,round,segmented-bilobed,low,densely,no,clear,light blue,round,red,yes,EO_694065_ccrop.jpg,train
EO_694442_ccrop.jpg,Eosinophil,big,round,segmented-bilobed,low,densely,no,clear,light blue,round,red,yes,EO_694442_ccrop.jpg,train
EO_694543_ccrop.jpg,Eosinophil,small,round,segmented-bilobed,low,densely,no,clear,light blue,round,red,yes,EO_694543_ccrop.jpg,train
EO_694627_ccrop.jpg,Eosinophil,big,round,segmented-multilobed,low,densely,no,clear,light blue,round,red,yes,EO_694627_ccrop.jpg,train
EO_694798_ccrop.jpg,Eosinophil,big,round,unsegmented-band,low,densely,no,clear,light blue,round,red,yes,EO_694798_ccrop.jpg,train
EO_69548_ccrop.jpg,Eosinophil,big,round,segmented-bilobed,low,densely,no,clear,light blue,round,red,yes,EO_69548_ccrop.jpg,train
EO_695749_ccrop.jpg,Eosinophil,big,irregular,segmented-bilobed,low,densely,no,clear,light blue,round,red,yes,EO_695749_ccrop.jpg,train
EO_697135_ccrop.jpg,Eosinophil,big,round,segmented-bilobed,low,densely,no,clear,light blue,round,red,yes,EO_697135_ccrop.jpg,train
EO_697314_ccrop.jpg,Eosinophil,big,irregular,segmented-bilobed,low,densely,no,clear,light blue,round,red,yes,EO_697314_ccrop.jpg,train
EO_697560_ccrop.jpg,Eosinophil,small,round,segmented-bilobed,low,densely,no,clear,light blue,round,red,yes,EO_697560_ccrop.jpg,train
EO_698055_ccrop.jpg,Eosinophil,big,round,segmented-bilobed,low,densely,no,clear,light blue,round,red,yes,EO_698055_ccrop.jpg,train
EO_699069_ccrop.jpg,Eosinophil,big,irregular,segmented-bilobed,low,densely,no,clear,light blue,round,red,yes,EO_699069_ccrop.jpg,train
EO_699503_ccrop.jpg,Eosinophil,small,round,segmented-bilobed,low,densely,no,clear,light blue,round,red,yes,EO_699503_ccrop.jpg,train
EO_699642_ccrop.jpg,Eosinophil,big,round,segmented-bilobed,low,densely,no,clear,light blue,round,red,yes,EO_699642_ccrop.jpg,train
EO_699766_ccrop.jpg,Eosinophil,small,round,unsegmented-band,low,densely,no,clear,light blue,round,red,yes,EO_699766_ccrop.jpg,train
EO_699863_ccrop.jpg,Eosinophil,big,round,segmented-bilobed,low,densely,no,clear,light blue,round,red,yes,EO_699863_ccrop.jpg,train
EO_700660_ccrop.jpg,Eosinophil,small,round,segmented-bilobed,low,densely,no,clear,light blue,round,red,yes,EO_700660_ccrop.jpg,train
EO_700721_ccrop.jpg,Eosinophil,big,round,segmented-bilobed,low,densely,no,clear,light blue,round,red,yes,EO_700721_ccrop.jpg,train
EO_701643_ccrop.jpg,Eosinophil,big,round,segmented-bilobed,low,densely,no,clear,light blue,round,red,yes,EO_701643_ccrop.jpg,train
EO_701790_ccrop.jpg,Eosinophil,small,round,segmented-bilobed,low,densely,no,clear,light blue,round,red,yes,EO_701790_ccrop.jpg,train
EO_701883_ccrop.jpg,Eosinophil,small,round,segmented-multilobed,low,densely,no,clear,light blue,round,red,yes,EO_701883_ccrop.jpg,train
EO_70191_ccrop.jpg,Eosinophil,small,round,segmented-bilobed,low,densely,no,clear,light blue,round,red,yes,EO_70191_ccrop.jpg,train
EO_702662_ccrop.jpg,Eosinophil,big,round,segmented-bilobed,low,densely,no,clear,light blue,round,red,yes,EO_702662_ccrop.jpg,train
EO_70281_ccrop.jpg,Eosinophil,small,round,segmented-multilobed,low,densely,no,clear,light blue,round,red,yes,EO_70281_ccrop.jpg,train
EO_703453_ccrop.jpg,Eosinophil,big,round,segmented-bilobed,low,densely,no,clear,light blue,round,red,yes,EO_703453_ccrop.jpg,train
EO_703955_ccrop.jpg,Eosinophil,big,round,segmented-bilobed,low,densely,no,clear,light blue,round,red,yes,EO_703955_ccrop.jpg,train
EO_704164_ccrop.jpg,Eosinophil,small,round,segmented-bilobed,low,densely,no,clear,light blue,round,red,yes,EO_704164_ccrop.jpg,train
EO_704475_ccrop.jpg,Eosinophil,small,round,segmented-bilobed,low,densely,no,clear,light blue,round,red,yes,EO_704475_ccrop.jpg,train
EO_704557_ccrop.jpg,Eosinophil,big,irregular,segmented-bilobed,low,densely,no,clear,light blue,round,red,yes,EO_704557_ccrop.jpg,train
EO_705872_ccrop.jpg,Eosinophil,small,round,segmented-bilobed,low,densely,no,clear,light blue,round,red,yes,EO_705872_ccrop.jpg,train
EO_706197_ccrop.jpg,Eosinophil,big,round,segmented-bilobed,low,densely,no,clear,light blue,round,red,yes,EO_706197_ccrop.jpg,train
EO_706391_ccrop.jpg,Eosinophil,small,round,unsegmented-band,low,densely,no,clear,light blue,round,red,yes,EO_706391_ccrop.jpg,train
EO_707053_ccrop.jpg,Eosinophil,small,irregular,segmented-bilobed,low,densely,no,clear,light blue,round,red,yes,EO_707053_ccrop.jpg,train
EO_707092_ccrop.jpg,Eosinophil,big,round,segmented-bilobed,low,densely,no,clear,light blue,round,red,yes,EO_707092_ccrop.jpg,train
EO_707166_ccrop.jpg,Eosinophil,big,round,segmented-bilobed,low,densely,no,clear,light blue,round,red,yes,EO_707166_ccrop.jpg,train
EO_708_ccrop.jpg,Eosinophil,big,round,segmented-bilobed,low,densely,no,clear,light blue,round,red,yes,EO_708_ccrop.jpg,train
EO_708332_ccrop.jpg,Eosinophil,small,round,segmented-bilobed,low,densely,no,clear,light blue,round,red,yes,EO_708332_ccrop.jpg,train
EO_708456_ccrop.jpg,Eosinophil,big,round,segmented-multilobed,low,densely,no,clear,light blue,round,red,yes,EO_708456_ccrop.jpg,train
EO_709895_ccrop.jpg,Eosinophil,big,round,segmented-bilobed,low,densely,no,clear,light blue,round,red,yes,EO_709895_ccrop.jpg,train
EO_710145_ccrop.jpg,Eosinophil,big,round,unsegmented-band,low,densely,no,clear,light blue,round,red,yes,EO_710145_ccrop.jpg,train
EO_710294_ccrop.jpg,Eosinophil,small,round,segmented-bilobed,low,densely,no,clear,light blue,round,red,yes,EO_710294_ccrop.jpg,train
EO_710683_ccrop.jpg,Eosinophil,big,round,unsegmented-band,low,densely,no,clear,light blue,round,red,yes,EO_710683_ccrop.jpg,train
EO_711529_ccrop.jpg,Eosinophil,big,round,segmented-multilobed,low,densely,no,clear,light blue,round,red,yes,EO_711529_ccrop.jpg,train
EO_71201_ccrop.jpg,Eosinophil,small,round,segmented-bilobed,low,densely,no,clear,light blue,round,red,yes,EO_71201_ccrop.jpg,train
EO_713227_ccrop.jpg,Eosinophil,big,round,segmented-bilobed,low,densely,no,clear,light blue,round,red,yes,EO_713227_ccrop.jpg,train
EO_713234_ccrop.jpg,Eosinophil,big,round,segmented-bilobed,low,densely,no,clear,light blue,round,red,yes,EO_713234_ccrop.jpg,train
EO_713402_ccrop.jpg,Eosinophil,small,round,segmented-bilobed,low,densely,no,clear,light blue,round,red,yes,EO_713402_ccrop.jpg,train
EO_713403_ccrop.jpg,Eosinophil,big,round,segmented-multilobed,low,densely,no,clear,light blue,round,red,yes,EO_713403_ccrop.jpg,train
EO_713515_ccrop.jpg,Eosinophil,big,round,segmented-bilobed,low,densely,no,clear,light blue,round,red,yes,EO_713515_ccrop.jpg,train
EO_713984_ccrop.jpg,Eosinophil,big,irregular,segmented-multilobed,low,densely,no,clear,light blue,round,red,yes,EO_713984_ccrop.jpg,train
EO_714821_ccrop.jpg,Eosinophil,small,round,segmented-multilobed,low,densely,no,clear,light blue,round,red,yes,EO_714821_ccrop.jpg,train
EO_714870_ccrop.jpg,Eosinophil,big,round,segmented-bilobed,low,densely,no,clear,light blue,round,red,yes,EO_714870_ccrop.jpg,train
EO_715664_ccrop.jpg,Eosinophil,big,round,segmented-bilobed,low,densely,no,clear,light blue,round,red,yes,EO_715664_ccrop.jpg,train
EO_716024_ccrop.jpg,Eosinophil,big,round,unsegmented-band,low,densely,no,clear,light blue,round,red,yes,EO_716024_ccrop.jpg,train
EO_716717_ccrop.jpg,Eosinophil,small,round,segmented-bilobed,low,densely,no,clear,light blue,round,red,yes,EO_716717_ccrop.jpg,train
EO_716722_ccrop.jpg,Eosinophil,small,round,segmented-bilobed,low,densely,no,clear,light blue,round,red,yes,EO_716722_ccrop.jpg,train
EO_717329_ccrop.jpg,Eosinophil,big,round,segmented-bilobed,low,densely,no,clear,light blue,round,red,yes,EO_717329_ccrop.jpg,train
EO_719506_ccrop.jpg,Eosinophil,small,round,segmented-multilobed,low,densely,no,clear,light blue,round,red,yes,EO_719506_ccrop.jpg,train
EO_720406_ccrop.jpg,Eosinophil,small,round,unsegmented-band,low,densely,no,clear,light blue,round,red,yes,EO_720406_ccrop.jpg,train
EO_721822_ccrop.jpg,Eosinophil,big,round,segmented-bilobed,low,densely,no,clear,light blue,round,red,yes,EO_721822_ccrop.jpg,train
EO_722563_ccrop.jpg,Eosinophil,small,round,segmented-bilobed,low,densely,no,clear,light blue,round,red,yes,EO_722563_ccrop.jpg,train
EO_722793_ccrop.jpg,Eosinophil,big,irregular,segmented-bilobed,low,densely,no,clear,light blue,round,red,yes,EO_722793_ccrop.jpg,train
EO_723337_ccrop.jpg,Eosinophil,small,round,segmented-bilobed,low,densely,no,clear,light blue,round,red,yes,EO_723337_ccrop.jpg,train
EO_723342_ccrop.jpg,Eosinophil,big,round,segmented-bilobed,low,densely,no,clear,light blue,round,red,yes,EO_723342_ccrop.jpg,train
EO_724059_ccrop.jpg,Eosinophil,big,round,segmented-bilobed,low,densely,no,clear,light blue,round,red,yes,EO_724059_ccrop.jpg,train
EO_724151_ccrop.jpg,Eosinophil,small,round,segmented-bilobed,low,densely,no,clear,light blue,round,red,yes,EO_724151_ccrop.jpg,train
EO_724679_ccrop.jpg,Eosinophil,big,round,segmented-bilobed,low,densely,no,clear,light blue,round,red,yes,EO_724679_ccrop.jpg,train
EO_724789_ccrop.jpg,Eosinophil,big,irregular,segmented-bilobed,low,densely,no,clear,light blue,round,red,yes,EO_724789_ccrop.jpg,train
EO_724995_ccrop.jpg,Eosinophil,big,round,segmented-bilobed,low,densely,no,clear,light blue,round,red,yes,EO_724995_ccrop.jpg,train
EO_725029_ccrop.jpg,Eosinophil,big,round,segmented-bilobed,low,densely,no,clear,light blue,round,red,yes,EO_725029_ccrop.jpg,train
EO_725577_ccrop.jpg,Eosinophil,big,round,segmented-bilobed,low,densely,no,clear,light blue,round,red,yes,EO_725577_ccrop.jpg,train
EO_725596_ccrop.jpg,Eosinophil,small,round,segmented-bilobed,low,densely,no,clear,light blue,round,red,yes,EO_725596_ccrop.jpg,train
EO_725975_ccrop.jpg,Eosinophil,small,round,segmented-bilobed,low,densely,no,clear,light blue,round,red,yes,EO_725975_ccrop.jpg,train
EO_726116_ccrop.jpg,Eosinophil,big,round,segmented-bilobed,low,densely,no,clear,light blue,round,red,yes,EO_726116_ccrop.jpg,train
EO_726217_ccrop.jpg,Eosinophil,small,round,segmented-bilobed,low,densely,no,clear,light blue,round,red,yes,EO_726217_ccrop.jpg,train
EO_726503_ccrop.jpg,Eosinophil,small,round,segmented-multilobed,low,densely,no,clear,light blue,round,red,yes,EO_726503_ccrop.jpg,train
EO_726899_ccrop.jpg,Eosinophil,small,round,segmented-bilobed,low,densely,no,clear,light blue,round,red,yes,EO_726899_ccrop.jpg,train
EO_727326_ccrop.jpg,Eosinophil,big,round,segmented-bilobed,low,densely,no,clear,light blue,round,red,yes,EO_727326_ccrop.jpg,train
EO_727381_ccrop.jpg,Eosinophil,big,round,segmented-bilobed,low,densely,no,clear,light blue,round,red,yes,EO_727381_ccrop.jpg,train
EO_727395_ccrop.jpg,Eosinophil,big,round,segmented-bilobed,low,densely,no,clear,light blue,round,red,yes,EO_727395_ccrop.jpg,train
EO_72758_ccrop.jpg,Eosinophil,small,round,unsegmented-round,low,densely,no,clear,light blue,round,red,yes,EO_72758_ccrop.jpg,train
EO_727803_ccrop.jpg,Eosinophil,big,round,segmented-multilobed,low,densely,no,clear,light blue,round,red,yes,EO_727803_ccrop.jpg,train
EO_728356_ccrop.jpg,Eosinophil,big,round,unsegmented-band,low,densely,no,clear,light blue,round,red,yes,EO_728356_ccrop.jpg,train
EO_728605_ccrop.jpg,Eosinophil,big,round,segmented-multilobed,low,densely,no,clear,light blue,round,red,yes,EO_728605_ccrop.jpg,train
EO_729465_ccrop.jpg,Eosinophil,big,round,segmented-bilobed,low,densely,no,clear,light blue,round,red,yes,EO_729465_ccrop.jpg,train
EO_729819_ccrop.jpg,Eosinophil,small,round,segmented-bilobed,low,densely,no,clear,light blue,round,red,yes,EO_729819_ccrop.jpg,train
EO_730263_ccrop.jpg,Eosinophil,big,irregular,segmented-bilobed,low,densely,no,clear,light blue,round,red,yes,EO_730263_ccrop.jpg,train
EO_731182_ccrop.jpg,Eosinophil,big,round,segmented-bilobed,low,densely,no,clear,light blue,round,red,yes,EO_731182_ccrop.jpg,train
EO_731325_ccrop.jpg,Eosinophil,big,round,segmented-bilobed,low,densely,no,clear,light blue,round,red,yes,EO_731325_ccrop.jpg,train
EO_731460_ccrop.jpg,Eosinophil,big,round,segmented-bilobed,low,densely,no,clear,light blue,round,red,yes,EO_731460_ccrop.jpg,train
EO_731641_ccrop.jpg,Eosinophil,big,round,segmented-bilobed,low,densely,no,clear,light blue,round,red,yes,EO_731641_ccrop.jpg,train
EO_733547_ccrop.jpg,Eosinophil,small,round,segmented-bilobed,low,densely,no,clear,light blue,round,red,yes,EO_733547_ccrop.jpg,train
EO_733636_ccrop.jpg,Eosinophil,big,round,segmented-multilobed,low,densely,no,clear,light blue,round,red,yes,EO_733636_ccrop.jpg,train
EO_734264_ccrop.jpg,Eosinophil,big,round,segmented-bilobed,low,densely,no,clear,light blue,round,red,yes,EO_734264_ccrop.jpg,train
EO_734836_ccrop.jpg,Eosinophil,big,round,segmented-bilobed,low,densely,no,clear,light blue,round,red,yes,EO_734836_ccrop.jpg,train
EO_734856_ccrop.jpg,Eosinophil,small,irregular,segmented-multilobed,low,densely,no,clear,light blue,round,red,yes,EO_734856_ccrop.jpg,train
EO_734958_ccrop.jpg,Eosinophil,big,round,segmented-bilobed,low,densely,no,clear,light blue,round,red,yes,EO_734958_ccrop.jpg,train
EO_735003_ccrop.jpg,Eosinophil,big,round,segmented-bilobed,low,densely,no,clear,light blue,round,red,yes,EO_735003_ccrop.jpg,train
EO_735067_ccrop.jpg,Eosinophil,big,round,segmented-bilobed,low,densely,no,clear,light blue,round,red,yes,EO_735067_ccrop.jpg,train
EO_735842_ccrop.jpg,Eosinophil,small,round,segmented-bilobed,low,densely,no,clear,light blue,round,red,yes,EO_735842_ccrop.jpg,train
EO_736655_ccrop.jpg,Eosinophil,big,round,segmented-bilobed,low,densely,no,clear,light blue,round,red,yes,EO_736655_ccrop.jpg,train
EO_736960_ccrop.jpg,Eosinophil,big,round,segmented-bilobed,low,densely,no,clear,light blue,round,red,yes,EO_736960_ccrop.jpg,train
EO_737494_ccrop.jpg,Eosinophil,small,round,segmented-bilobed,low,densely,no,clear,light blue,round,red,yes,EO_737494_ccrop.jpg,train
EO_737824_ccrop.jpg,Eosinophil,big,round,segmented-bilobed,low,densely,no,clear,light blue,round,red,yes,EO_737824_ccrop.jpg,train
EO_738385_ccrop.jpg,Eosinophil,small,irregular,segmented-multilobed,low,densely,no,clear,light blue,round,red,yes,EO_738385_ccrop.jpg,train
EO_738445_ccrop.jpg,Eosinophil,big,round,segmented-multilobed,low,densely,no,clear,light blue,round,red,yes,EO_738445_ccrop.jpg,train
EO_73849_ccrop.jpg,Eosinophil,big,round,unsegmented-band,low,densely,no,clear,light blue,round,red,yes,EO_73849_ccrop.jpg,train
EO_738632_ccrop.jpg,Eosinophil,big,round,segmented-bilobed,low,densely,no,clear,light blue,round,red,yes,EO_738632_ccrop.jpg,train
EO_739061_ccrop.jpg,Eosinophil,big,round,unsegmented-indented,low,densely,no,clear,light blue,round,red,yes,EO_739061_ccrop.jpg,train
EO_740123_ccrop.jpg,Eosinophil,big,round,segmented-bilobed,low,densely,no,clear,light blue,round,red,yes,EO_740123_ccrop.jpg,train
EO_741008_ccrop.jpg,Eosinophil,big,round,segmented-multilobed,low,densely,no,clear,light blue,round,red,yes,EO_741008_ccrop.jpg,train
EO_741832_ccrop.jpg,Eosinophil,big,round,segmented-multilobed,low,densely,no,clear,light blue,round,red,yes,EO_741832_ccrop.jpg,train
EO_742100_ccrop.jpg,Eosinophil,big,round,segmented-bilobed,low,densely,no,clear,light blue,round,red,yes,EO_742100_ccrop.jpg,train
EO_742488_ccrop.jpg,Eosinophil,small,round,segmented-multilobed,low,densely,no,clear,light blue,round,red,yes,EO_742488_ccrop.jpg,train
EO_742500_ccrop.jpg,Eosinophil,small,round,segmented-bilobed,low,densely,no,clear,light blue,round,red,yes,EO_742500_ccrop.jpg,train
EO_743347_ccrop.jpg,Eosinophil,big,round,segmented-bilobed,low,densely,no,clear,light blue,round,red,yes,EO_743347_ccrop.jpg,train
EO_743496_ccrop.jpg,Eosinophil,big,irregular,segmented-multilobed,low,densely,no,clear,light blue,round,red,yes,EO_743496_ccrop.jpg,train
EO_743865_ccrop.jpg,Eosinophil,big,round,segmented-bilobed,low,densely,no,clear,light blue,round,red,yes,EO_743865_ccrop.jpg,train
EO_74387_ccrop.jpg,Eosinophil,big,round,segmented-bilobed,low,densely,no,clear,light blue,round,red,yes,EO_74387_ccrop.jpg,train
EO_74399_ccrop.jpg,Eosinophil,big,round,segmented-multilobed,low,densely,no,clear,light blue,round,red,yes,EO_74399_ccrop.jpg,train
EO_744173_ccrop.jpg,Eosinophil,big,round,segmented-bilobed,low,densely,no,clear,light blue,round,red,yes,EO_744173_ccrop.jpg,train
EO_745272_ccrop.jpg,Eosinophil,big,round,segmented-multilobed,low,densely,no,clear,light blue,round,red,yes,EO_745272_ccrop.jpg,train
EO_745911_ccrop.jpg,Eosinophil,big,round,segmented-bilobed,low,densely,no,clear,light blue,round,red,yes,EO_745911_ccrop.jpg,train
EO_746433_ccrop.jpg,Eosinophil,big,round,segmented-bilobed,low,densely,no,clear,light blue,round,red,yes,EO_746433_ccrop.jpg,train
EO_74742_ccrop.jpg,Eosinophil,big,round,segmented-bilobed,low,densely,no,clear,light blue,round,red,yes,EO_74742_ccrop.jpg,train
EO_747479_ccrop.jpg,Eosinophil,big,round,segmented-bilobed,low,densely,no,clear,light blue,round,red,yes,EO_747479_ccrop.jpg,train
EO_74751_ccrop.jpg,Eosinophil,big,round,unsegmented-band,low,densely,no,clear,light blue,round,red,yes,EO_74751_ccrop.jpg,train
EO_747892_ccrop.jpg,Eosinophil,big,round,segmented-bilobed,low,densely,no,clear,light blue,round,red,yes,EO_747892_ccrop.jpg,train
EO_748175_ccrop.jpg,Eosinophil,big,irregular,segmented-bilobed,low,densely,no,clear,light blue,round,red,yes,EO_748175_ccrop.jpg,train
EO_74854_ccrop.jpg,Eosinophil,big,round,unsegmented-band,low,densely,no,clear,light blue,round,red,yes,EO_74854_ccrop.jpg,train
EO_748589_ccrop.jpg,Eosinophil,big,round,unsegmented-band,low,densely,no,clear,light blue,round,red,yes,EO_748589_ccrop.jpg,train
EO_74921_ccrop.jpg,Eosinophil,big,round,segmented-bilobed,low,densely,no,clear,light blue,round,red,yes,EO_74921_ccrop.jpg,train
EO_750216_ccrop.jpg,Eosinophil,big,round,segmented-bilobed,low,densely,no,clear,light blue,round,red,yes,EO_750216_ccrop.jpg,train
EO_750240_ccrop.jpg,Eosinophil,big,round,segmented-bilobed,low,densely,no,clear,light blue,round,red,yes,EO_750240_ccrop.jpg,train
EO_750695_ccrop.jpg,Eosinophil,big,round,segmented-bilobed,low,densely,no,clear,light blue,round,red,yes,EO_750695_ccrop.jpg,train
EO_751437_ccrop.jpg,Eosinophil,big,round,segmented-bilobed,low,densely,no,clear,light blue,round,red,yes,EO_751437_ccrop.jpg,train
EO_751688_ccrop.jpg,Eosinophil,big,irregular,segmented-multilobed,low,densely,no,clear,light blue,round,red,yes,EO_751688_ccrop.jpg,train
EO_754156_ccrop.jpg,Eosinophil,small,round,unsegmented-band,low,densely,no,clear,light blue,round,red,yes,EO_754156_ccrop.jpg,train
EO_75419_ccrop.jpg,Eosinophil,small,round,segmented-multilobed,low,densely,no,clear,light blue,round,red,yes,EO_75419_ccrop.jpg,train
EO_756354_ccrop.jpg,Eosinophil,small,round,segmented-bilobed,low,densely,no,clear,light blue,round,red,yes,EO_756354_ccrop.jpg,train
EO_756363_ccrop.jpg,Eosinophil,big,round,segmented-bilobed,low,densely,no,clear,light blue,round,red,yes,EO_756363_ccrop.jpg,train
EO_756529_ccrop.jpg,Eosinophil,big,round,segmented-bilobed,low,densely,no,clear,light blue,round,red,yes,EO_756529_ccrop.jpg,train
EO_757168_ccrop.jpg,Eosinophil,big,round,segmented-bilobed,low,densely,no,clear,light blue,round,red,yes,EO_757168_ccrop.jpg,train
EO_757296_ccrop.jpg,Eosinophil,big,round,unsegmented-band,low,densely,no,clear,light blue,round,red,yes,EO_757296_ccrop.jpg,train
EO_757859_ccrop.jpg,Eosinophil,big,round,segmented-bilobed,low,densely,no,clear,light blue,round,red,yes,EO_757859_ccrop.jpg,train
EO_757993_ccrop.jpg,Eosinophil,small,round,segmented-bilobed,low,densely,no,clear,light blue,round,red,yes,EO_757993_ccrop.jpg,train
EO_759458_ccrop.jpg,Eosinophil,small,round,segmented-bilobed,low,densely,no,clear,light blue,round,red,yes,EO_759458_ccrop.jpg,train
EO_759484_ccrop.jpg,Eosinophil,small,round,unsegmented-band,low,densely,no,clear,light blue,round,red,yes,EO_759484_ccrop.jpg,train
EO_760122_ccrop.jpg,Eosinophil,big,round,segmented-bilobed,low,densely,no,clear,light blue,round,red,yes,EO_760122_ccrop.jpg,train
EO_760298_ccrop.jpg,Eosinophil,small,round,segmented-bilobed,low,densely,no,clear,light blue,round,red,yes,EO_760298_ccrop.jpg,train
EO_761108_ccrop.jpg,Eosinophil,small,round,unsegmented-band,low,densely,no,clear,light blue,round,red,yes,EO_761108_ccrop.jpg,train
EO_761250_ccrop.jpg,Eosinophil,small,round,segmented-bilobed,low,densely,no,clear,light blue,round,red,yes,EO_761250_ccrop.jpg,train
EO_761443_ccrop.jpg,Eosinophil,big,round,segmented-bilobed,low,densely,no,clear,light blue,round,red,yes,EO_761443_ccrop.jpg,train
EO_761728_ccrop.jpg,Eosinophil,big,round,segmented-bilobed,low,densely,no,clear,light blue,round,red,yes,EO_761728_ccrop.jpg,train
EO_762558_ccrop.jpg,Eosinophil,small,round,segmented-multilobed,low,densely,no,clear,light blue,round,red,yes,EO_762558_ccrop.jpg,train
EO_76269_ccrop.jpg,Eosinophil,small,round,unsegmented-band,low,densely,no,clear,light blue,round,red,yes,EO_76269_ccrop.jpg,train
EO_762845_ccrop.jpg,Eosinophil,big,round,segmented-bilobed,low,densely,no,clear,light blue,round,red,yes,EO_762845_ccrop.jpg,train
EO_76374_ccrop.jpg,Eosinophil,small,round,segmented-bilobed,low,densely,no,clear,light blue,round,red,yes,EO_76374_ccrop.jpg,train
EO_76399_ccrop.jpg,Eosinophil,small,round,segmented-bilobed,low,densely,no,clear,light blue,round,red,yes,EO_76399_ccrop.jpg,train
EO_76411_ccrop.jpg,Eosinophil,big,round,segmented-bilobed,low,densely,no,clear,light blue,round,red,yes,EO_76411_ccrop.jpg,train
EO_765818_ccrop.jpg,Eosinophil,big,round,segmented-bilobed,low,densely,no,clear,light blue,round,red,yes,EO_765818_ccrop.jpg,train
EO_765865_ccrop.jpg,Eosinophil,big,round,segmented-multilobed,low,densely,no,clear,light blue,round,red,yes,EO_765865_ccrop.jpg,train
EO_766398_ccrop.jpg,Eosinophil,big,round,segmented-multilobed,low,densely,no,clear,light blue,round,red,yes,EO_766398_ccrop.jpg,train
EO_766884_ccrop.jpg,Eosinophil,big,round,segmented-bilobed,low,densely,no,clear,light blue,round,red,yes,EO_766884_ccrop.jpg,train
EO_76723_ccrop.jpg,Eosinophil,small,round,segmented-bilobed,low,densely,no,clear,light blue,round,red,yes,EO_76723_ccrop.jpg,train
EO_76848_ccrop.jpg,Eosinophil,small,round,segmented-bilobed,low,densely,no,clear,light blue,round,red,yes,EO_76848_ccrop.jpg,train
EO_769328_ccrop.jpg,Eosinophil,big,round,segmented-bilobed,low,densely,no,clear,light blue,round,red,yes,EO_769328_ccrop.jpg,train
EO_7698_ccrop.jpg,Eosinophil,big,round,segmented-bilobed,low,densely,no,clear,light blue,round,red,yes,EO_7698_ccrop.jpg,train
EO_771144_ccrop.jpg,Eosinophil,big,round,segmented-bilobed,low,densely,no,clear,light blue,round,red,yes,EO_771144_ccrop.jpg,train
EO_77152_ccrop.jpg,Eosinophil,big,round,segmented-bilobed,low,densely,no,clear,light blue,round,red,yes,EO_77152_ccrop.jpg,train
EO_77178_ccrop.jpg,Eosinophil,big,round,segmented-bilobed,low,densely,no,clear,light blue,round,red,yes,EO_77178_ccrop.jpg,train
EO_772003_ccrop.jpg,Eosinophil,big,round,segmented-bilobed,low,densely,no,clear,light blue,round,red,yes,EO_772003_ccrop.jpg,train
EO_77214_ccrop.jpg,Eosinophil,big,round,segmented-bilobed,low,densely,no,clear,light blue,round,red,yes,EO_77214_ccrop.jpg,train
EO_772828_ccrop.jpg,Eosinophil,big,round,segmented-bilobed,low,densely,no,clear,light blue,round,red,yes,EO_772828_ccrop.jpg,train
EO_773102_ccrop.jpg,Eosinophil,big,round,segmented-bilobed,low,densely,no,clear,light blue,round,red,yes,EO_773102_ccrop.jpg,train
EO_773310_ccrop.jpg,Eosinophil,big,round,segmented-bilobed,low,densely,no,clear,light blue,round,red,yes,EO_773310_ccrop.jpg,train
EO_77374_ccrop.jpg,Eosinophil,big,round,segmented-multilobed,low,densely,no,clear,light blue,round,red,yes,EO_77374_ccrop.jpg,train
EO_77393_ccrop.jpg,Eosinophil,big,round,segmented-bilobed,low,densely,no,clear,light blue,round,red,yes,EO_77393_ccrop.jpg,train
EO_774170_ccrop.jpg,Eosinophil,big,round,segmented-bilobed,low,densely,no,clear,light blue,round,red,yes,EO_774170_ccrop.jpg,train
EO_774353_ccrop.jpg,Eosinophil,small,irregular,unsegmented-band,low,densely,no,clear,light blue,round,red,yes,EO_774353_ccrop.jpg,train
EO_774408_ccrop.jpg,Eosinophil,small,round,segmented-bilobed,low,densely,no,clear,light blue,round,red,yes,EO_774408_ccrop.jpg,train
EO_774568_ccrop.jpg,Eosinophil,big,round,segmented-bilobed,low,densely,no,clear,light blue,round,red,yes,EO_774568_ccrop.jpg,train
EO_774624_ccrop.jpg,Eosinophil,big,round,segmented-multilobed,low,densely,no,clear,light blue,round,red,yes,EO_774624_ccrop.jpg,train
EO_778171_ccrop.jpg,Eosinophil,big,round,segmented-bilobed,low,densely,no,clear,light blue,round,red,yes,EO_778171_ccrop.jpg,train
EO_77820_ccrop.jpg,Eosinophil,big,round,segmented-bilobed,low,densely,no,clear,light blue,round,red,yes,EO_77820_ccrop.jpg,train
EO_778772_ccrop.jpg,Eosinophil,big,round,segmented-bilobed,low,densely,no,clear,light blue,round,red,yes,EO_778772_ccrop.jpg,train
EO_779185_ccrop.jpg,Eosinophil,big,round,segmented-bilobed,low,densely,no,clear,light blue,round,red,yes,EO_779185_ccrop.jpg,train
EO_779468_ccrop.jpg,Eosinophil,big,round,segmented-bilobed,low,densely,no,clear,light blue,round,red,yes,EO_779468_ccrop.jpg,train
EO_77950_ccrop.jpg,Eosinophil,small,round,segmented-bilobed,low,densely,no,clear,light blue,round,red,yes,EO_77950_ccrop.jpg,train
EO_780321_ccrop.jpg,Eosinophil,big,round,segmented-bilobed,low,densely,no,clear,light blue,round,red,yes,EO_780321_ccrop.jpg,train
EO_780462_ccrop.jpg,Eosinophil,big,round,segmented-bilobed,low,densely,no,clear,light blue,round,red,yes,EO_780462_ccrop.jpg,train
EO_781146_ccrop.jpg,Eosinophil,big,round,segmented-bilobed,low,densely,no,clear,light blue,round,red,yes,EO_781146_ccrop.jpg,train
EO_781562_ccrop.jpg,Eosinophil,big,round,segmented-bilobed,low,densely,no,clear,light blue,round,red,yes,EO_781562_ccrop.jpg,train
EO_78159_ccrop.jpg,Eosinophil,small,round,segmented-bilobed,low,densely,no,clear,light blue,round,red,yes,EO_78159_ccrop.jpg,train
EO_781608_ccrop.jpg,Eosinophil,big,round,segmented-bilobed,low,densely,no,clear,light blue,round,red,yes,EO_781608_ccrop.jpg,train
EO_782734_ccrop.jpg,Eosinophil,big,irregular,unsegmented-band,low,densely,no,clear,light blue,round,red,yes,EO_782734_ccrop.jpg,train
EO_782907_ccrop.jpg,Eosinophil,big,round,unsegmented-band,low,densely,no,clear,light blue,round,red,yes,EO_782907_ccrop.jpg,train
EO_783064_ccrop.jpg,Eosinophil,small,round,segmented-bilobed,low,densely,no,clear,light blue,round,red,yes,EO_783064_ccrop.jpg,train
EO_783136_ccrop.jpg,Eosinophil,big,round,segmented-bilobed,low,densely,no,clear,light blue,round,red,yes,EO_783136_ccrop.jpg,train
EO_784435_ccrop.jpg,Eosinophil,small,round,segmented-bilobed,low,densely,no,clear,light blue,round,red,yes,EO_784435_ccrop.jpg,train
EO_78505_ccrop.jpg,Eosinophil,big,round,segmented-bilobed,low,densely,no,clear,light blue,round,red,yes,EO_78505_ccrop.jpg,train
EO_785135_ccrop.jpg,Eosinophil,big,round,segmented-bilobed,low,densely,no,clear,light blue,round,red,yes,EO_785135_ccrop.jpg,train
EO_785478_ccrop.jpg,Eosinophil,big,round,segmented-bilobed,low,densely,no,clear,light blue,round,red,yes,EO_785478_ccrop.jpg,train
EO_785575_ccrop.jpg,Eosinophil,big,round,unsegmented-band,low,densely,no,clear,light blue,round,red,yes,EO_785575_ccrop.jpg,train
EO_785887_ccrop.jpg,Eosinophil,big,round,segmented-bilobed,low,densely,no,clear,light blue,round,red,yes,EO_785887_ccrop.jpg,train
EO_786351_ccrop.jpg,Eosinophil,big,round,segmented-bilobed,low,densely,no,clear,light blue,round,red,yes,EO_786351_ccrop.jpg,train
EO_786364_ccrop.jpg,Eosinophil,big,round,unsegmented-band,low,densely,no,clear,light blue,round,red,yes,EO_786364_ccrop.jpg,train
EO_786462_ccrop.jpg,Eosinophil,small,round,segmented-bilobed,low,densely,no,clear,light blue,round,red,yes,EO_786462_ccrop.jpg,train
EO_786872_ccrop.jpg,Eosinophil,big,round,segmented-bilobed,low,densely,no,clear,light blue,round,red,yes,EO_786872_ccrop.jpg,train
EO_787085_ccrop.jpg,Eosinophil,big,round,unsegmented-band,low,densely,no,clear,light blue,round,red,yes,EO_787085_ccrop.jpg,train
EO_787359_ccrop.jpg,Eosinophil,big,round,segmented-bilobed,low,densely,no,clear,light blue,round,red,yes,EO_787359_ccrop.jpg,train
EO_788297_ccrop.jpg,Eosinophil,big,round,segmented-bilobed,low,densely,no,clear,light blue,round,red,yes,EO_788297_ccrop.jpg,train
EO_789386_ccrop.jpg,Eosinophil,small,round,unsegmented-band,low,densely,no,clear,light blue,round,red,yes,EO_789386_ccrop.jpg,train
EO_789512_ccrop.jpg,Eosinophil,big,round,segmented-bilobed,low,densely,no,clear,light blue,round,red,yes,EO_789512_ccrop.jpg,train
EO_789667_ccrop.jpg,Eosinophil,big,round,segmented-bilobed,low,densely,no,clear,light blue,round,red,yes,EO_789667_ccrop.jpg,train
EO_790646_ccrop.jpg,Eosinophil,big,round,segmented-bilobed,low,densely,no,clear,light blue,round,red,yes,EO_790646_ccrop.jpg,train
EO_791371_ccrop.jpg,Eosinophil,big,round,segmented-bilobed,low,densely,no,clear,light blue,round,red,yes,EO_791371_ccrop.jpg,train
EO_792542_ccrop.jpg,Eosinophil,big,round,segmented-bilobed,low,densely,no,clear,light blue,round,red,yes,EO_792542_ccrop.jpg,train
EO_79281_ccrop.jpg,Eosinophil,big,round,segmented-multilobed,low,densely,no,clear,light blue,round,red,yes,EO_79281_ccrop.jpg,train
EO_79285_ccrop.jpg,Eosinophil,big,round,segmented-bilobed,low,densely,no,clear,light blue,round,red,yes,EO_79285_ccrop.jpg,train
EO_79296_ccrop.jpg,Eosinophil,big,round,unsegmented-band,low,densely,no,clear,light blue,round,red,yes,EO_79296_ccrop.jpg,train
EO_79330_ccrop.jpg,Eosinophil,big,round,segmented-bilobed,low,densely,no,clear,light blue,round,red,yes,EO_79330_ccrop.jpg,train
EO_793941_ccrop.jpg,Eosinophil,big,round,unsegmented-band,low,densely,no,clear,light blue,round,red,yes,EO_793941_ccrop.jpg,train
EO_794866_ccrop.jpg,Eosinophil,small,round,segmented-bilobed,low,densely,no,clear,light blue,round,red,yes,EO_794866_ccrop.jpg,train
EO_795445_ccrop.jpg,Eosinophil,big,round,segmented-bilobed,low,densely,no,clear,light blue,round,red,yes,EO_795445_ccrop.jpg,train
EO_795552_ccrop.jpg,Eosinophil,small,round,segmented-bilobed,low,densely,no,clear,light blue,round,red,yes,EO_795552_ccrop.jpg,train
EO_795565_ccrop.jpg,Eosinophil,big,round,segmented-multilobed,low,densely,no,clear,light blue,round,red,yes,EO_795565_ccrop.jpg,train
EO_796153_ccrop.jpg,Eosinophil,big,round,segmented-bilobed,low,densely,no,clear,light blue,round,red,yes,EO_796153_ccrop.jpg,train
EO_796289_ccrop.jpg,Eosinophil,big,round,segmented-bilobed,low,densely,no,clear,light blue,round,red,yes,EO_796289_ccrop.jpg,train
EO_796510_ccrop.jpg,Eosinophil,small,round,segmented-bilobed,low,densely,no,clear,light blue,round,red,yes,EO_796510_ccrop.jpg,train
EO_796585_ccrop.jpg,Eosinophil,small,round,segmented-bilobed,low,densely,no,clear,light blue,round,red,yes,EO_796585_ccrop.jpg,train
EO_796777_ccrop.jpg,Eosinophil,big,irregular,unsegmented-band,low,densely,no,clear,light blue,round,red,yes,EO_796777_ccrop.jpg,train
EO_797610_ccrop.jpg,Eosinophil,big,round,unsegmented-band,low,densely,no,clear,light blue,round,red,yes,EO_797610_ccrop.jpg,train
EO_797630_ccrop.jpg,Eosinophil,big,round,segmented-bilobed,low,densely,no,clear,light blue,round,red,yes,EO_797630_ccrop.jpg,train
EO_798593_ccrop.jpg,Eosinophil,small,round,unsegmented-band,low,densely,no,clear,light blue,round,red,yes,EO_798593_ccrop.jpg,train
EO_799276_ccrop.jpg,Eosinophil,big,round,segmented-bilobed,low,densely,no,clear,light blue,round,red,yes,EO_799276_ccrop.jpg,train
EO_799659_ccrop.jpg,Eosinophil,big,round,segmented-multilobed,low,densely,no,clear,light blue,round,red,yes,EO_799659_ccrop.jpg,train
EO_800065_ccrop.jpg,Eosinophil,big,round,segmented-multilobed,low,densely,no,clear,light blue,round,red,yes,EO_800065_ccrop.jpg,train
EO_800344_ccrop.jpg,Eosinophil,big,irregular,segmented-bilobed,low,densely,no,clear,light blue,round,red,yes,EO_800344_ccrop.jpg,train
EO_800375_ccrop.jpg,Eosinophil,big,round,segmented-bilobed,low,densely,no,clear,light blue,round,red,yes,EO_800375_ccrop.jpg,train
EO_800425_ccrop.jpg,Eosinophil,big,round,segmented-bilobed,low,densely,no,clear,light blue,round,red,yes,EO_800425_ccrop.jpg,train
EO_800985_ccrop.jpg,Eosinophil,small,round,unsegmented-band,low,densely,no,clear,light blue,round,red,yes,EO_800985_ccrop.jpg,train
EO_801_ccrop.jpg,Eosinophil,small,round,segmented-bilobed,low,densely,no,clear,light blue,round,red,yes,EO_801_ccrop.jpg,train
EO_801294_ccrop.jpg,Eosinophil,small,round,segmented-multilobed,low,densely,no,clear,light blue,round,red,yes,EO_801294_ccrop.jpg,train
EO_801673_ccrop.jpg,Eosinophil,big,round,segmented-multilobed,low,densely,no,clear,light blue,round,red,yes,EO_801673_ccrop.jpg,train
EO_801674_ccrop.jpg,Eosinophil,small,round,segmented-bilobed,low,densely,no,clear,light blue,round,red,yes,EO_801674_ccrop.jpg,train
EO_802007_ccrop.jpg,Eosinophil,big,irregular,segmented-bilobed,low,densely,no,clear,light blue,round,red,yes,EO_802007_ccrop.jpg,train
EO_802739_ccrop.jpg,Eosinophil,big,round,unsegmented-band,low,densely,no,clear,light blue,round,red,yes,EO_802739_ccrop.jpg,train
EO_803345_ccrop.jpg,Eosinophil,big,round,segmented-multilobed,low,densely,no,clear,light blue,round,red,yes,EO_803345_ccrop.jpg,train
EO_803390_ccrop.jpg,Eosinophil,big,round,segmented-bilobed,low,densely,no,clear,light blue,round,red,yes,EO_803390_ccrop.jpg,train
EO_804799_ccrop.jpg,Eosinophil,big,round,segmented-bilobed,low,densely,no,clear,light blue,round,red,yes,EO_804799_ccrop.jpg,train
EO_805458_ccrop.jpg,Eosinophil,big,round,segmented-bilobed,low,densely,no,clear,light blue,round,red,yes,EO_805458_ccrop.jpg,train
EO_80804_ccrop.jpg,Eosinophil,big,round,segmented-bilobed,low,densely,no,clear,light blue,round,red,yes,EO_80804_ccrop.jpg,train
EO_808436_ccrop.jpg,Eosinophil,big,round,segmented-bilobed,low,densely,no,clear,light blue,round,red,yes,EO_808436_ccrop.jpg,train
EO_810194_ccrop.jpg,Eosinophil,big,irregular,unsegmented-band,low,densely,no,clear,light blue,round,red,yes,EO_810194_ccrop.jpg,train
EO_81041_ccrop.jpg,Eosinophil,small,round,segmented-multilobed,low,densely,no,clear,light blue,round,red,yes,EO_81041_ccrop.jpg,train
EO_81107_ccrop.jpg,Eosinophil,big,round,segmented-bilobed,low,densely,no,clear,light blue,round,red,yes,EO_81107_ccrop.jpg,train
EO_811202_ccrop.jpg,Eosinophil,big,round,segmented-bilobed,low,densely,no,clear,light blue,round,red,yes,EO_811202_ccrop.jpg,train
EO_811522_ccrop.jpg,Eosinophil,big,round,segmented-multilobed,low,densely,no,clear,light blue,round,red,yes,EO_811522_ccrop.jpg,train
EO_811570_ccrop.jpg,Eosinophil,small,round,unsegmented-round,low,densely,no,clear,light blue,round,red,yes,EO_811570_ccrop.jpg,train
EO_81209_ccrop.jpg,Eosinophil,small,round,segmented-bilobed,low,densely,no,clear,light blue,round,red,yes,EO_81209_ccrop.jpg,train
EO_812306_ccrop.jpg,Eosinophil,big,round,segmented-bilobed,low,densely,no,clear,light blue,round,red,yes,EO_812306_ccrop.jpg,train
EO_812957_ccrop.jpg,Eosinophil,big,round,segmented-bilobed,low,densely,no,clear,light blue,round,red,yes,EO_812957_ccrop.jpg,train
EO_813331_ccrop.jpg,Eosinophil,big,irregular,segmented-bilobed,low,densely,no,clear,light blue,round,red,yes,EO_813331_ccrop.jpg,train
EO_813511_ccrop.jpg,Eosinophil,big,round,segmented-bilobed,low,densely,no,clear,light blue,round,red,yes,EO_813511_ccrop.jpg,train
EO_813555_ccrop.jpg,Eosinophil,big,irregular,unsegmented-round,low,densely,no,clear,light blue,round,red,yes,EO_813555_ccrop.jpg,train
EO_814415_ccrop.jpg,Eosinophil,small,irregular,segmented-multilobed,low,densely,no,clear,light blue,round,red,yes,EO_814415_ccrop.jpg,train
EO_814533_ccrop.jpg,Eosinophil,big,round,segmented-bilobed,low,densely,no,clear,light blue,round,red,yes,EO_814533_ccrop.jpg,train
EO_814738_ccrop.jpg,Eosinophil,big,round,segmented-bilobed,low,densely,no,clear,light blue,round,red,yes,EO_814738_ccrop.jpg,train
EO_814910_ccrop.jpg,Eosinophil,big,round,segmented-bilobed,low,densely,no,clear,light blue,round,red,yes,EO_814910_ccrop.jpg,train
EO_81523_ccrop.jpg,Eosinophil,small,round,segmented-bilobed,low,densely,no,clear,light blue,round,red,yes,EO_81523_ccrop.jpg,train
EO_81524_ccrop.jpg,Eosinophil,big,round,unsegmented-band,low,densely,no,clear,light blue,round,red,yes,EO_81524_ccrop.jpg,train
EO_817196_ccrop.jpg,Eosinophil,big,round,segmented-bilobed,low,densely,no,clear,light blue,round,red,yes,EO_817196_ccrop.jpg,train
EO_817876_ccrop.jpg,Eosinophil,big,round,segmented-multilobed,low,densely,no,clear,light blue,round,red,yes,EO_817876_ccrop.jpg,train
EO_818276_ccrop.jpg,Eosinophil,big,round,segmented-bilobed,low,densely,no,clear,light blue,round,red,yes,EO_818276_ccrop.jpg,train
EO_818751_ccrop.jpg,Eosinophil,small,round,segmented-bilobed,low,densely,no,clear,light blue,round,red,yes,EO_818751_ccrop.jpg,train
EO_818876_ccrop.jpg,Eosinophil,big,irregular,unsegmented-band,low,densely,no,clear,light blue,round,red,yes,EO_818876_ccrop.jpg,train
EO_81933_ccrop.jpg,Eosinophil,big,round,segmented-bilobed,low,densely,no,clear,light blue,round,red,yes,EO_81933_ccrop.jpg,train
EO_819918_ccrop.jpg,Eosinophil,big,irregular,segmented-multilobed,low,densely,no,clear,light blue,round,red,yes,EO_819918_ccrop.jpg,train
EO_820562_ccrop.jpg,Eosinophil,small,round,segmented-multilobed,low,densely,no,clear,light blue,round,red,yes,EO_820562_ccrop.jpg,train
EO_820612_ccrop.jpg,Eosinophil,small,round,segmented-bilobed,low,densely,no,clear,light blue,round,red,yes,EO_820612_ccrop.jpg,train
EO_820762_ccrop.jpg,Eosinophil,big,round,segmented-bilobed,low,densely,no,clear,light blue,round,red,yes,EO_820762_ccrop.jpg,train
EO_821444_ccrop.jpg,Eosinophil,small,round,segmented-bilobed,low,densely,no,clear,light blue,round,red,yes,EO_821444_ccrop.jpg,train
EO_822717_ccrop.jpg,Eosinophil,small,round,segmented-bilobed,low,densely,no,clear,light blue,round,red,yes,EO_822717_ccrop.jpg,train
EO_823852_ccrop.jpg,Eosinophil,big,round,segmented-bilobed,low,densely,no,clear,light blue,round,red,yes,EO_823852_ccrop.jpg,train
EO_824011_ccrop.jpg,Eosinophil,big,round,segmented-bilobed,low,densely,no,clear,light blue,round,red,yes,EO_824011_ccrop.jpg,train
EO_824127_ccrop.jpg,Eosinophil,big,round,unsegmented-band,low,densely,no,clear,light blue,round,red,yes,EO_824127_ccrop.jpg,train
EO_824657_ccrop.jpg,Eosinophil,big,round,segmented-multilobed,low,densely,no,clear,light blue,round,red,yes,EO_824657_ccrop.jpg,train
EO_825319_ccrop.jpg,Eosinophil,big,round,segmented-bilobed,low,densely,no,clear,light blue,round,red,yes,EO_825319_ccrop.jpg,train
EO_825350_ccrop.jpg,Eosinophil,big,irregular,segmented-bilobed,low,densely,no,clear,light blue,round,red,yes,EO_825350_ccrop.jpg,train
EO_825368_ccrop.jpg,Eosinophil,small,round,segmented-bilobed,low,densely,no,clear,light blue,round,red,yes,EO_825368_ccrop.jpg,train
EO_825733_ccrop.jpg,Eosinophil,big,round,segmented-bilobed,low,densely,no,clear,light blue,round,red,yes,EO_825733_ccrop.jpg,train
EO_826258_ccrop.jpg,Eosinophil,small,round,unsegmented-indented,low,densely,no,clear,light blue,round,red,yes,EO_826258_ccrop.jpg,train
EO_826646_ccrop.jpg,Eosinophil,big,round,segmented-bilobed,low,densely,no,clear,light blue,round,red,yes,EO_826646_ccrop.jpg,train
EO_826999_ccrop.jpg,Eosinophil,big,round,unsegmented-band,low,densely,no,clear,light blue,round,red,yes,EO_826999_ccrop.jpg,train
EO_828135_ccrop.jpg,Eosinophil,big,irregular,segmented-bilobed,low,densely,no,clear,light blue,round,red,yes,EO_828135_ccrop.jpg,train
EO_828208_ccrop.jpg,Eosinophil,big,round,segmented-bilobed,low,densely,no,clear,light blue,round,red,yes,EO_828208_ccrop.jpg,train
EO_829157_ccrop.jpg,Eosinophil,small,round,segmented-bilobed,low,densely,no,clear,light blue,round,red,yes,EO_829157_ccrop.jpg,train
EO_830075_ccrop.jpg,Eosinophil,big,round,segmented-bilobed,low,densely,no,clear,light blue,round,red,yes,EO_830075_ccrop.jpg,train
EO_830203_ccrop.jpg,Eosinophil,big,round,segmented-multilobed,low,densely,no,clear,light blue,round,red,yes,EO_830203_ccrop.jpg,train
EO_830728_ccrop.jpg,Eosinophil,small,round,segmented-multilobed,low,densely,no,clear,light blue,round,red,yes,EO_830728_ccrop.jpg,train
EO_830892_ccrop.jpg,Eosinophil,big,round,segmented-bilobed,low,densely,no,clear,light blue,round,red,yes,EO_830892_ccrop.jpg,train
EO_832089_ccrop.jpg,Eosinophil,big,round,segmented-bilobed,low,densely,no,clear,light blue,round,red,yes,EO_832089_ccrop.jpg,train
EO_832106_ccrop.jpg,Eosinophil,small,round,segmented-bilobed,low,densely,no,clear,light blue,round,red,yes,EO_832106_ccrop.jpg,train
EO_832149_ccrop.jpg,Eosinophil,small,round,unsegmented-band,low,densely,no,clear,light blue,round,red,yes,EO_832149_ccrop.jpg,train
EO_832754_ccrop.jpg,Eosinophil,big,round,segmented-multilobed,low,densely,no,clear,light blue,round,red,yes,EO_832754_ccrop.jpg,train
EO_832900_ccrop.jpg,Eosinophil,small,round,segmented-bilobed,low,densely,no,clear,light blue,round,red,yes,EO_832900_ccrop.jpg,train
EO_833222_ccrop.jpg,Eosinophil,small,round,segmented-bilobed,low,densely,no,clear,light blue,round,red,yes,EO_833222_ccrop.jpg,train
EO_834080_ccrop.jpg,Eosinophil,big,round,segmented-bilobed,low,densely,no,clear,light blue,round,red,yes,EO_834080_ccrop.jpg,train
EO_834175_ccrop.jpg,Eosinophil,big,round,segmented-bilobed,low,densely,no,clear,light blue,round,red,yes,EO_834175_ccrop.jpg,train
EO_835127_ccrop.jpg,Eosinophil,big,round,segmented-bilobed,low,densely,no,clear,light blue,round,red,yes,EO_835127_ccrop.jpg,train
EO_835312_ccrop.jpg,Eosinophil,big,round,segmented-bilobed,low,densely,no,clear,light blue,round,red,yes,EO_835312_ccrop.jpg,train
EO_837323_ccrop.jpg,Eosinophil,big,round,segmented-multilobed,low,densely,no,clear,light blue,round,red,yes,EO_837323_ccrop.jpg,train
EO_838971_ccrop.jpg,Eosinophil,big,round,segmented-bilobed,low,densely,no,clear,light blue,round,red,yes,EO_838971_ccrop.jpg,train
EO_83980_ccrop.jpg,Eosinophil,big,round,segmented-bilobed,low,densely,yes,clear,light blue,round,red,yes,EO_83980_ccrop.jpg,train
EO_840542_ccrop.jpg,Eosinophil,big,round,segmented-multilobed,low,densely,no,clear,light blue,round,red,yes,EO_840542_ccrop.jpg,train
EO_841078_ccrop.jpg,Eosinophil,big,round,segmented-bilobed,low,densely,no,clear,light blue,round,red,yes,EO_841078_ccrop.jpg,train
EO_841899_ccrop.jpg,Eosinophil,big,round,unsegmented-band,low,densely,no,clear,light blue,round,red,yes,EO_841899_ccrop.jpg,train
EO_843015_ccrop.jpg,Eosinophil,big,round,segmented-multilobed,low,densely,no,clear,light blue,round,red,yes,EO_843015_ccrop.jpg,train
EO_843285_ccrop.jpg,Eosinophil,big,round,segmented-bilobed,low,densely,no,clear,light blue,round,red,yes,EO_843285_ccrop.jpg,train
EO_843365_ccrop.jpg,Eosinophil,small,round,segmented-bilobed,low,densely,no,clear,light blue,round,red,yes,EO_843365_ccrop.jpg,train
EO_843833_ccrop.jpg,Eosinophil,big,round,segmented-bilobed,low,densely,no,clear,light blue,round,red,yes,EO_843833_ccrop.jpg,train
EO_844397_ccrop.jpg,Eosinophil,small,round,segmented-bilobed,low,densely,no,clear,light blue,round,red,yes,EO_844397_ccrop.jpg,train
EO_844639_ccrop.jpg,Eosinophil,big,round,segmented-bilobed,low,densely,no,clear,light blue,round,red,yes,EO_844639_ccrop.jpg,train
EO_844947_ccrop.jpg,Eosinophil,small,round,segmented-bilobed,low,densely,no,clear,light blue,round,red,yes,EO_844947_ccrop.jpg,train
EO_845033_ccrop.jpg,Eosinophil,big,irregular,unsegmented-band,low,densely,no,clear,light blue,round,red,yes,EO_845033_ccrop.jpg,train
EO_845494_ccrop.jpg,Eosinophil,small,round,segmented-bilobed,low,densely,no,clear,light blue,round,red,yes,EO_845494_ccrop.jpg,train
EO_845753_ccrop.jpg,Eosinophil,big,irregular,segmented-bilobed,low,densely,no,clear,light blue,round,red,yes,EO_845753_ccrop.jpg,train
EO_847711_ccrop.jpg,Eosinophil,big,round,segmented-bilobed,low,densely,no,clear,light blue,round,red,yes,EO_847711_ccrop.jpg,train
EO_848297_ccrop.jpg,Eosinophil,small,round,segmented-bilobed,low,densely,no,clear,light blue,round,red,yes,EO_848297_ccrop.jpg,train
EO_848321_ccrop.jpg,Eosinophil,big,round,segmented-bilobed,low,densely,no,clear,light blue,round,red,yes,EO_848321_ccrop.jpg,train
EO_848622_ccrop.jpg,Eosinophil,small,round,segmented-bilobed,low,densely,no,clear,light blue,round,red,yes,EO_848622_ccrop.jpg,train
EO_849192_ccrop.jpg,Eosinophil,big,round,segmented-bilobed,low,densely,no,clear,light blue,round,red,yes,EO_849192_ccrop.jpg,train
EO_849383_ccrop.jpg,Eosinophil,small,irregular,segmented-multilobed,low,densely,no,clear,light blue,round,red,yes,EO_849383_ccrop.jpg,train
EO_850038_ccrop.jpg,Eosinophil,big,round,segmented-bilobed,low,densely,no,clear,light blue,round,red,yes,EO_850038_ccrop.jpg,train
EO_850387_ccrop.jpg,Eosinophil,big,round,segmented-bilobed,low,densely,no,clear,light blue,round,red,yes,EO_850387_ccrop.jpg,train
EO_850861_ccrop.jpg,Eosinophil,big,round,segmented-bilobed,low,densely,no,clear,light blue,round,red,yes,EO_850861_ccrop.jpg,train
EO_851094_ccrop.jpg,Eosinophil,small,round,segmented-bilobed,low,densely,no,clear,light blue,round,red,yes,EO_851094_ccrop.jpg,train
EO_851483_ccrop.jpg,Eosinophil,small,round,segmented-bilobed,low,densely,no,clear,light blue,round,red,yes,EO_851483_ccrop.jpg,train
EO_851538_ccrop.jpg,Eosinophil,big,round,segmented-bilobed,low,densely,no,clear,light blue,round,red,yes,EO_851538_ccrop.jpg,train
EO_852012_ccrop.jpg,Eosinophil,big,round,segmented-bilobed,low,densely,no,clear,light blue,round,red,yes,EO_852012_ccrop.jpg,train
EO_852027_ccrop.jpg,Eosinophil,big,round,segmented-bilobed,low,densely,no,clear,light blue,round,red,yes,EO_852027_ccrop.jpg,train
EO_852224_ccrop.jpg,Eosinophil,big,round,segmented-bilobed,low,densely,no,clear,light blue,round,red,yes,EO_852224_ccrop.jpg,train
EO_852531_ccrop.jpg,Eosinophil,big,round,segmented-bilobed,low,densely,no,clear,light blue,round,red,yes,EO_852531_ccrop.jpg,train
EO_852834_ccrop.jpg,Eosinophil,small,round,segmented-bilobed,low,densely,no,clear,light blue,round,red,yes,EO_852834_ccrop.jpg,train
EO_852904_ccrop.jpg,Eosinophil,big,round,segmented-multilobed,low,densely,no,clear,light blue,round,red,yes,EO_852904_ccrop.jpg,train
EO_854638_ccrop.jpg,Eosinophil,small,round,segmented-bilobed,low,densely,no,clear,light blue,round,red,yes,EO_854638_ccrop.jpg,train
EO_854840_ccrop.jpg,Eosinophil,small,round,segmented-bilobed,low,densely,no,clear,light blue,round,red,yes,EO_854840_ccrop.jpg,train
EO_855020_ccrop.jpg,Eosinophil,big,round,segmented-bilobed,low,densely,no,clear,light blue,round,red,yes,EO_855020_ccrop.jpg,train
EO_855271_ccrop.jpg,Eosinophil,small,round,segmented-bilobed,low,densely,no,clear,light blue,round,red,yes,EO_855271_ccrop.jpg,train
EO_856061_ccrop.jpg,Eosinophil,small,round,segmented-multilobed,low,densely,no,clear,light blue,round,red,yes,EO_856061_ccrop.jpg,train
EO_857139_ccrop.jpg,Eosinophil,big,round,segmented-multilobed,low,densely,no,clear,light blue,round,red,yes,EO_857139_ccrop.jpg,train
EO_857382_ccrop.jpg,Eosinophil,big,round,segmented-multilobed,low,densely,no,clear,light blue,round,red,yes,EO_857382_ccrop.jpg,train
EO_857399_ccrop.jpg,Eosinophil,big,round,segmented-bilobed,low,densely,no,clear,light blue,round,red,yes,EO_857399_ccrop.jpg,train
EO_857550_ccrop.jpg,Eosinophil,big,round,unsegmented-band,low,densely,no,clear,light blue,round,red,yes,EO_857550_ccrop.jpg,train
EO_859399_ccrop.jpg,Eosinophil,big,round,segmented-multilobed,low,densely,no,clear,light blue,round,red,yes,EO_859399_ccrop.jpg,train
EO_859909_ccrop.jpg,Eosinophil,small,round,unsegmented-band,low,densely,no,clear,light blue,round,red,yes,EO_859909_ccrop.jpg,train
EO_86009_ccrop.jpg,Eosinophil,big,round,segmented-bilobed,low,densely,no,clear,light blue,round,red,yes,EO_86009_ccrop.jpg,train
EO_860677_ccrop.jpg,Eosinophil,big,round,segmented-bilobed,low,densely,no,clear,light blue,round,red,yes,EO_860677_ccrop.jpg,train
EO_86072_ccrop.jpg,Eosinophil,small,round,segmented-bilobed,low,densely,no,clear,light blue,round,red,yes,EO_86072_ccrop.jpg,train
EO_861019_ccrop.jpg,Eosinophil,big,irregular,segmented-bilobed,low,densely,no,clear,light blue,round,red,yes,EO_861019_ccrop.jpg,train
EO_861498_ccrop.jpg,Eosinophil,big,round,segmented-bilobed,low,densely,no,clear,light blue,round,red,yes,EO_861498_ccrop.jpg,train
EO_862724_ccrop.jpg,Eosinophil,big,round,segmented-multilobed,low,densely,no,clear,light blue,round,red,yes,EO_862724_ccrop.jpg,train
EO_863461_ccrop.jpg,Eosinophil,big,round,segmented-multilobed,low,densely,no,clear,light blue,round,red,yes,EO_863461_ccrop.jpg,train
EO_865226_ccrop.jpg,Eosinophil,big,round,segmented-bilobed,low,densely,no,clear,light blue,round,red,yes,EO_865226_ccrop.jpg,train
EO_865515_ccrop.jpg,Eosinophil,small,round,segmented-bilobed,low,densely,no,clear,light blue,round,red,yes,EO_865515_ccrop.jpg,train
EO_865604_ccrop.jpg,Eosinophil,big,round,segmented-bilobed,low,densely,no,clear,light blue,round,red,yes,EO_865604_ccrop.jpg,train
EO_865611_ccrop.jpg,Eosinophil,big,round,segmented-bilobed,low,densely,no,clear,light blue,round,red,yes,EO_865611_ccrop.jpg,train
EO_865813_ccrop.jpg,Eosinophil,small,round,segmented-bilobed,low,densely,no,clear,light blue,round,red,yes,EO_865813_ccrop.jpg,train
EO_866062_ccrop.jpg,Eosinophil,big,round,segmented-bilobed,low,densely,no,clear,light blue,round,red,yes,EO_866062_ccrop.jpg,train
EO_86737_ccrop.jpg,Eosinophil,small,round,segmented-bilobed,low,densely,no,clear,light blue,round,red,yes,EO_86737_ccrop.jpg,train
EO_868963_ccrop.jpg,Eosinophil,small,round,unsegmented-band,low,densely,no,clear,light blue,round,red,yes,EO_868963_ccrop.jpg,train
EO_869345_ccrop.jpg,Eosinophil,big,round,segmented-bilobed,low,densely,no,clear,light blue,round,red,yes,EO_869345_ccrop.jpg,train
EO_87112_ccrop.jpg,Eosinophil,big,round,segmented-bilobed,low,densely,no,clear,light blue,round,red,yes,EO_87112_ccrop.jpg,train
EO_871548_ccrop.jpg,Eosinophil,big,round,segmented-bilobed,low,densely,no,clear,light blue,round,red,yes,EO_871548_ccrop.jpg,train
EO_872289_ccrop.jpg,Eosinophil,big,round,segmented-bilobed,low,densely,no,clear,light blue,round,red,yes,EO_872289_ccrop.jpg,train
EO_873032_ccrop.jpg,Eosinophil,big,round,unsegmented-band,low,densely,no,clear,light blue,round,red,yes,EO_873032_ccrop.jpg,train
EO_873315_ccrop.jpg,Eosinophil,big,round,segmented-bilobed,low,densely,no,clear,light blue,round,red,yes,EO_873315_ccrop.jpg,train
EO_873756_ccrop.jpg,Eosinophil,big,round,segmented-bilobed,low,densely,no,clear,light blue,round,red,yes,EO_873756_ccrop.jpg,train
EO_87382_ccrop.jpg,Eosinophil,big,irregular,unsegmented-band,low,densely,no,clear,light blue,round,red,yes,EO_87382_ccrop.jpg,train
EO_874062_ccrop.jpg,Eosinophil,small,round,segmented-multilobed,low,densely,no,clear,light blue,round,red,yes,EO_874062_ccrop.jpg,train
EO_874075_ccrop.jpg,Eosinophil,big,round,segmented-bilobed,low,densely,no,clear,light blue,round,red,yes,EO_874075_ccrop.jpg,train
EO_874572_ccrop.jpg,Eosinophil,small,round,segmented-bilobed,low,densely,no,clear,light blue,round,red,yes,EO_874572_ccrop.jpg,train
EO_874624_ccrop.jpg,Eosinophil,big,round,segmented-bilobed,low,densely,no,clear,light blue,round,red,yes,EO_874624_ccrop.jpg,train
EO_874796_ccrop.jpg,Eosinophil,big,round,unsegmented-band,low,densely,no,clear,light blue,round,red,yes,EO_874796_ccrop.jpg,train
EO_876019_ccrop.jpg,Eosinophil,big,round,segmented-bilobed,low,densely,no,clear,light blue,round,red,yes,EO_876019_ccrop.jpg,train
EO_877083_ccrop.jpg,Eosinophil,big,round,segmented-bilobed,low,densely,no,clear,light blue,round,red,yes,EO_877083_ccrop.jpg,train
EO_877738_ccrop.jpg,Eosinophil,big,round,segmented-bilobed,low,densely,no,clear,light blue,round,red,yes,EO_877738_ccrop.jpg,train
EO_878834_ccrop.jpg,Eosinophil,big,round,segmented-bilobed,low,densely,no,clear,light blue,round,red,yes,EO_878834_ccrop.jpg,train
EO_880996_ccrop.jpg,Eosinophil,big,round,segmented-bilobed,low,densely,no,clear,light blue,round,red,yes,EO_880996_ccrop.jpg,train
EO_881033_ccrop.jpg,Eosinophil,big,round,segmented-bilobed,low,densely,no,clear,light blue,round,red,yes,EO_881033_ccrop.jpg,train
EO_882085_ccrop.jpg,Eosinophil,big,round,unsegmented-band,low,densely,no,clear,light blue,round,red,yes,EO_882085_ccrop.jpg,train
EO_882148_ccrop.jpg,Eosinophil,big,round,segmented-multilobed,low,densely,no,clear,light blue,round,red,yes,EO_882148_ccrop.jpg,train
EO_882150_ccrop.jpg,Eosinophil,small,round,unsegmented-band,low,densely,no,clear,light blue,round,red,yes,EO_882150_ccrop.jpg,train
EO_882366_ccrop.jpg,Eosinophil,big,round,segmented-multilobed,low,densely,no,clear,light blue,round,red,yes,EO_882366_ccrop.jpg,train
EO_883435_ccrop.jpg,Eosinophil,big,round,segmented-bilobed,low,densely,no,clear,light blue,round,red,yes,EO_883435_ccrop.jpg,train
EO_885301_ccrop.jpg,Eosinophil,big,round,segmented-bilobed,low,densely,no,clear,light blue,round,red,yes,EO_885301_ccrop.jpg,train
EO_887809_ccrop.jpg,Eosinophil,big,round,segmented-bilobed,low,densely,no,clear,light blue,round,red,yes,EO_887809_ccrop.jpg,train
EO_888637_ccrop.jpg,Eosinophil,big,round,segmented-bilobed,low,densely,no,clear,light blue,round,red,yes,EO_888637_ccrop.jpg,train
EO_889221_ccrop.jpg,Eosinophil,big,round,segmented-bilobed,low,densely,no,clear,light blue,round,red,yes,EO_889221_ccrop.jpg,train
EO_889759_ccrop.jpg,Eosinophil,small,round,unsegmented-band,low,densely,no,clear,light blue,round,red,yes,EO_889759_ccrop.jpg,train
EO_889831_ccrop.jpg,Eosinophil,big,round,segmented-bilobed,low,densely,no,clear,light blue,round,red,yes,EO_889831_ccrop.jpg,train
EO_889884_ccrop.jpg,Eosinophil,big,round,unsegmented-band,low,densely,no,clear,light blue,round,red,yes,EO_889884_ccrop.jpg,train
EO_89011_ccrop.jpg,Eosinophil,big,round,segmented-bilobed,low,densely,no,clear,light blue,round,red,yes,EO_89011_ccrop.jpg,train
EO_891556_ccrop.jpg,Eosinophil,big,round,unsegmented-band,low,densely,no,clear,light blue,round,red,yes,EO_891556_ccrop.jpg,train
EO_891800_ccrop.jpg,Eosinophil,big,round,segmented-bilobed,low,densely,no,clear,light blue,round,red,yes,EO_891800_ccrop.jpg,train
EO_892101_ccrop.jpg,Eosinophil,small,round,segmented-multilobed,low,densely,no,clear,light blue,round,red,yes,EO_892101_ccrop.jpg,train
EO_892127_ccrop.jpg,Eosinophil,big,round,segmented-bilobed,low,densely,no,clear,light blue,round,red,yes,EO_892127_ccrop.jpg,train
EO_892973_ccrop.jpg,Eosinophil,big,round,segmented-bilobed,low,densely,no,clear,light blue,round,red,yes,EO_892973_ccrop.jpg,train
EO_89342_ccrop.jpg,Eosinophil,big,round,segmented-bilobed,low,densely,no,clear,light blue,round,red,yes,EO_89342_ccrop.jpg,train
EO_893514_ccrop.jpg,Eosinophil,big,round,segmented-bilobed,low,densely,no,clear,light blue,round,red,yes,EO_893514_ccrop.jpg,train
EO_893704_ccrop.jpg,Eosinophil,small,round,unsegmented-band,low,densely,no,clear,light blue,round,red,yes,EO_893704_ccrop.jpg,train
EO_894061_ccrop.jpg,Eosinophil,big,round,segmented-multilobed,low,densely,no,clear,light blue,round,red,yes,EO_894061_ccrop.jpg,train
EO_894340_ccrop.jpg,Eosinophil,small,round,segmented-bilobed,low,densely,no,clear,light blue,round,red,yes,EO_894340_ccrop.jpg,train
EO_894810_ccrop.jpg,Eosinophil,big,round,unsegmented-band,low,densely,no,clear,light blue,round,red,yes,EO_894810_ccrop.jpg,train
EO_896725_ccrop.jpg,Eosinophil,big,round,segmented-bilobed,low,densely,no,clear,light blue,round,red,yes,EO_896725_ccrop.jpg,train
EO_897112_ccrop.jpg,Eosinophil,small,round,segmented-bilobed,low,densely,no,clear,light blue,round,red,yes,EO_897112_ccrop.jpg,train
EO_897164_ccrop.jpg,Eosinophil,big,round,segmented-bilobed,low,densely,no,clear,light blue,round,red,yes,EO_897164_ccrop.jpg,train
EO_897485_ccrop.jpg,Eosinophil,big,round,segmented-bilobed,low,densely,no,clear,light blue,round,red,yes,EO_897485_ccrop.jpg,train
EO_897796_ccrop.jpg,Eosinophil,big,round,unsegmented-band,low,densely,no,clear,light blue,round,red,yes,EO_897796_ccrop.jpg,train
EO_900549_ccrop.jpg,Eosinophil,big,round,segmented-multilobed,low,densely,no,clear,light blue,round,red,yes,EO_900549_ccrop.jpg,train
EO_901693_ccrop.jpg,Eosinophil,big,round,segmented-bilobed,low,densely,no,clear,light blue,round,red,yes,EO_901693_ccrop.jpg,train
EO_901862_ccrop.jpg,Eosinophil,big,round,segmented-bilobed,low,densely,no,clear,light blue,round,red,yes,EO_901862_ccrop.jpg,train
EO_902051_ccrop.jpg,Eosinophil,small,round,segmented-multilobed,low,densely,no,clear,light blue,round,red,yes,EO_902051_ccrop.jpg,train
EO_902377_ccrop.jpg,Eosinophil,big,irregular,unsegmented-band,low,densely,no,clear,light blue,round,red,yes,EO_902377_ccrop.jpg,train
EO_902893_ccrop.jpg,Eosinophil,big,round,segmented-bilobed,low,densely,no,clear,light blue,round,red,yes,EO_902893_ccrop.jpg,train
EO_903036_ccrop.jpg,Eosinophil,big,round,unsegmented-band,low,densely,no,clear,light blue,round,red,yes,EO_903036_ccrop.jpg,train
EO_903871_ccrop.jpg,Eosinophil,big,round,unsegmented-indented,low,densely,no,clear,light blue,round,red,yes,EO_903871_ccrop.jpg,train
EO_904430_ccrop.jpg,Eosinophil,big,round,segmented-bilobed,low,densely,no,clear,light blue,round,red,yes,EO_904430_ccrop.jpg,train
EO_904477_ccrop.jpg,Eosinophil,big,round,segmented-bilobed,low,densely,no,clear,light blue,round,red,yes,EO_904477_ccrop.jpg,train
EO_904581_ccrop.jpg,Eosinophil,big,round,segmented-bilobed,low,densely,no,clear,light blue,round,red,yes,EO_904581_ccrop.jpg,train
EO_904635_ccrop.jpg,Eosinophil,big,round,segmented-bilobed,low,densely,no,clear,light blue,round,red,yes,EO_904635_ccrop.jpg,train
EO_904754_ccrop.jpg,Eosinophil,small,round,segmented-multilobed,low,densely,no,clear,light blue,round,red,yes,EO_904754_ccrop.jpg,train
EO_904970_ccrop.jpg,Eosinophil,big,round,segmented-multilobed,low,densely,no,clear,light blue,round,red,yes,EO_904970_ccrop.jpg,train
EO_905027_ccrop.jpg,Eosinophil,big,round,segmented-bilobed,low,densely,no,clear,light blue,round,red,yes,EO_905027_ccrop.jpg,train
EO_905284_ccrop.jpg,Eosinophil,big,round,segmented-multilobed,low,densely,no,clear,light blue,round,red,yes,EO_905284_ccrop.jpg,train
EO_905387_ccrop.jpg,Eosinophil,big,round,segmented-bilobed,low,densely,no,clear,light blue,round,red,yes,EO_905387_ccrop.jpg,train
EO_905696_ccrop.jpg,Eosinophil,big,round,segmented-bilobed,low,densely,no,clear,light blue,round,red,yes,EO_905696_ccrop.jpg,train
EO_905886_ccrop.jpg,Eosinophil,big,round,segmented-multilobed,low,densely,no,clear,light blue,round,red,yes,EO_905886_ccrop.jpg,train
EO_907316_ccrop.jpg,Eosinophil,big,round,segmented-bilobed,low,densely,no,clear,light blue,round,red,yes,EO_907316_ccrop.jpg,train
EO_907904_ccrop.jpg,Eosinophil,big,round,segmented-bilobed,low,densely,no,clear,light blue,round,red,yes,EO_907904_ccrop.jpg,train
EO_908387_ccrop.jpg,Eosinophil,small,round,segmented-bilobed,low,densely,no,clear,light blue,round,red,yes,EO_908387_ccrop.jpg,train
EO_908396_ccrop.jpg,Eosinophil,big,round,segmented-bilobed,low,densely,no,clear,light blue,round,red,yes,EO_908396_ccrop.jpg,train
EO_908442_ccrop.jpg,Eosinophil,big,round,segmented-bilobed,low,densely,no,clear,light blue,round,red,yes,EO_908442_ccrop.jpg,train
EO_908706_ccrop.jpg,Eosinophil,big,round,segmented-bilobed,low,densely,no,clear,light blue,round,red,yes,EO_908706_ccrop.jpg,train
EO_908932_ccrop.jpg,Eosinophil,big,round,segmented-bilobed,low,densely,no,clear,light blue,round,red,yes,EO_908932_ccrop.jpg,train
EO_909235_ccrop.jpg,Eosinophil,big,round,segmented-bilobed,low,densely,no,clear,light blue,round,red,yes,EO_909235_ccrop.jpg,train
EO_909845_ccrop.jpg,Eosinophil,big,round,segmented-bilobed,low,densely,no,clear,light blue,round,red,yes,EO_909845_ccrop.jpg,train
EO_910_ccrop.jpg,Eosinophil,small,irregular,unsegmented-band,low,densely,no,clear,light blue,round,red,yes,EO_910_ccrop.jpg,train
EO_910329_ccrop.jpg,Eosinophil,big,round,segmented-multilobed,low,densely,no,clear,light blue,round,red,yes,EO_910329_ccrop.jpg,train
EO_910337_ccrop.jpg,Eosinophil,big,round,segmented-bilobed,low,densely,no,clear,light blue,round,red,yes,EO_910337_ccrop.jpg,train
EO_910349_ccrop.jpg,Eosinophil,big,round,segmented-bilobed,low,densely,no,clear,light blue,round,red,yes,EO_910349_ccrop.jpg,train
EO_910358_ccrop.jpg,Eosinophil,big,round,segmented-bilobed,low,densely,no,clear,light blue,round,red,yes,EO_910358_ccrop.jpg,train
EO_911067_ccrop.jpg,Eosinophil,big,round,unsegmented-band,low,densely,no,clear,light blue,round,red,yes,EO_911067_ccrop.jpg,train
EO_911439_ccrop.jpg,Eosinophil,big,round,segmented-multilobed,low,densely,no,clear,light blue,round,red,yes,EO_911439_ccrop.jpg,train
EO_911566_ccrop.jpg,Eosinophil,big,irregular,segmented-multilobed,low,densely,no,clear,light blue,round,red,yes,EO_911566_ccrop.jpg,train
EO_912327_ccrop.jpg,Eosinophil,big,round,segmented-bilobed,low,densely,no,clear,light blue,round,red,yes,EO_912327_ccrop.jpg,train
EO_912883_ccrop.jpg,Eosinophil,small,round,unsegmented-round,high,densely,no,clear,light blue,round,red,yes,EO_912883_ccrop.jpg,train
EO_912966_ccrop.jpg,Eosinophil,big,round,segmented-bilobed,low,densely,no,clear,light blue,round,red,yes,EO_912966_ccrop.jpg,train
EO_913350_ccrop.jpg,Eosinophil,small,round,segmented-bilobed,low,densely,no,clear,light blue,round,red,yes,EO_913350_ccrop.jpg,train
EO_913562_ccrop.jpg,Eosinophil,big,round,segmented-multilobed,low,densely,no,clear,light blue,round,red,yes,EO_913562_ccrop.jpg,train
EO_915293_ccrop.jpg,Eosinophil,big,round,unsegmented-band,low,densely,no,clear,light blue,round,red,yes,EO_915293_ccrop.jpg,train
EO_915734_ccrop.jpg,Eosinophil,big,round,segmented-bilobed,low,densely,no,clear,light blue,round,red,yes,EO_915734_ccrop.jpg,train
EO_916091_ccrop.jpg,Eosinophil,small,round,segmented-bilobed,low,densely,no,clear,light blue,round,red,yes,EO_916091_ccrop.jpg,train
EO_916342_ccrop.jpg,Eosinophil,big,round,segmented-bilobed,low,densely,no,clear,light blue,round,red,yes,EO_916342_ccrop.jpg,train
EO_917236_ccrop.jpg,Eosinophil,big,round,segmented-bilobed,low,densely,no,clear,light blue,round,red,yes,EO_917236_ccrop.jpg,train
EO_917516_ccrop.jpg,Eosinophil,big,round,segmented-bilobed,low,densely,no,clear,light blue,round,red,yes,EO_917516_ccrop.jpg,train
EO_918881_ccrop.jpg,Eosinophil,big,round,unsegmented-band,low,densely,no,clear,light blue,round,red,yes,EO_918881_ccrop.jpg,train
EO_919604_ccrop.jpg,Eosinophil,big,irregular,segmented-bilobed,low,densely,no,clear,light blue,round,red,yes,EO_919604_ccrop.jpg,train
EO_919706_ccrop.jpg,Eosinophil,big,round,segmented-bilobed,low,densely,no,clear,light blue,round,red,yes,EO_919706_ccrop.jpg,train
EO_920899_ccrop.jpg,Eosinophil,big,round,unsegmented-band,low,densely,no,clear,light blue,round,red,yes,EO_920899_ccrop.jpg,train
EO_921250_ccrop.jpg,Eosinophil,big,round,segmented-bilobed,low,densely,no,clear,light blue,round,red,yes,EO_921250_ccrop.jpg,train
EO_921523_ccrop.jpg,Eosinophil,big,round,segmented-bilobed,low,densely,no,clear,light blue,round,red,yes,EO_921523_ccrop.jpg,train
EO_922137_ccrop.jpg,Eosinophil,big,round,segmented-bilobed,low,densely,no,clear,light blue,round,red,yes,EO_922137_ccrop.jpg,train
EO_922606_ccrop.jpg,Eosinophil,small,round,segmented-bilobed,low,densely,no,clear,light blue,round,red,yes,EO_922606_ccrop.jpg,train
EO_922615_ccrop.jpg,Eosinophil,big,irregular,unsegmented-band,low,densely,no,clear,light blue,round,red,yes,EO_922615_ccrop.jpg,train
EO_922635_ccrop.jpg,Eosinophil,big,round,segmented-multilobed,low,densely,no,clear,light blue,round,red,yes,EO_922635_ccrop.jpg,train
EO_922775_ccrop.jpg,Eosinophil,big,round,segmented-bilobed,low,densely,no,clear,light blue,round,red,yes,EO_922775_ccrop.jpg,train
EO_923369_ccrop.jpg,Eosinophil,big,round,segmented-bilobed,low,densely,no,clear,light blue,round,red,yes,EO_923369_ccrop.jpg,train
EO_923732_ccrop.jpg,Eosinophil,big,round,segmented-bilobed,low,densely,no,clear,light blue,round,red,yes,EO_923732_ccrop.jpg,train
EO_923779_ccrop.jpg,Eosinophil,big,irregular,segmented-bilobed,low,densely,no,clear,light blue,round,red,yes,EO_923779_ccrop.jpg,train
EO_923850_ccrop.jpg,Eosinophil,small,round,segmented-bilobed,low,densely,no,clear,light blue,round,red,yes,EO_923850_ccrop.jpg,train
EO_923869_ccrop.jpg,Eosinophil,small,round,segmented-bilobed,low,densely,no,clear,light blue,round,red,yes,EO_923869_ccrop.jpg,train
EO_923938_ccrop.jpg,Eosinophil,big,irregular,segmented-bilobed,low,densely,no,clear,light blue,round,red,yes,EO_923938_ccrop.jpg,train
EO_924136_ccrop.jpg,Eosinophil,big,irregular,segmented-bilobed,low,densely,no,clear,light blue,round,red,yes,EO_924136_ccrop.jpg,train
EO_924867_ccrop.jpg,Eosinophil,big,irregular,segmented-bilobed,low,densely,no,clear,light blue,round,red,yes,EO_924867_ccrop.jpg,train
EO_925092_ccrop.jpg,Eosinophil,big,round,segmented-bilobed,low,densely,no,clear,light blue,round,red,yes,EO_925092_ccrop.jpg,train
EO_925874_ccrop.jpg,Eosinophil,big,round,segmented-bilobed,low,densely,no,clear,light blue,round,red,yes,EO_925874_ccrop.jpg,train
EO_926339_ccrop.jpg,Eosinophil,big,irregular,irregular,low,loosely,no,clear,light blue,round,red,yes,EO_926339_ccrop.jpg,train
EO_926680_ccrop.jpg,Eosinophil,big,round,segmented-bilobed,low,densely,no,clear,light blue,round,red,yes,EO_926680_ccrop.jpg,train
EO_927123_ccrop.jpg,Eosinophil,big,round,segmented-bilobed,low,densely,no,clear,light blue,round,red,yes,EO_927123_ccrop.jpg,train
EO_927576_ccrop.jpg,Eosinophil,small,round,segmented-bilobed,low,densely,no,clear,light blue,round,red,yes,EO_927576_ccrop.jpg,train
EO_928682_ccrop.jpg,Eosinophil,big,round,segmented-bilobed,low,densely,no,clear,light blue,round,red,yes,EO_928682_ccrop.jpg,train
EO_929125_ccrop.jpg,Eosinophil,big,irregular,segmented-bilobed,low,densely,no,clear,light blue,round,red,yes,EO_929125_ccrop.jpg,train
EO_929591_ccrop.jpg,Eosinophil,big,round,segmented-bilobed,low,densely,no,clear,light blue,round,red,yes,EO_929591_ccrop.jpg,train
EO_929592_ccrop.jpg,Eosinophil,big,round,segmented-multilobed,low,densely,no,clear,light blue,round,red,yes,EO_929592_ccrop.jpg,train
EO_929886_ccrop.jpg,Eosinophil,big,round,segmented-bilobed,low,densely,no,clear,light blue,round,red,yes,EO_929886_ccrop.jpg,train
EO_930114_ccrop.jpg,Eosinophil,big,round,segmented-bilobed,low,densely,no,clear,light blue,round,red,yes,EO_930114_ccrop.jpg,train
EO_933767_ccrop.jpg,Eosinophil,big,round,unsegmented-band,low,densely,no,clear,light blue,round,red,yes,EO_933767_ccrop.jpg,train
EO_933922_ccrop.jpg,Eosinophil,big,irregular,segmented-bilobed,low,densely,no,clear,light blue,round,red,yes,EO_933922_ccrop.jpg,train
EO_934148_ccrop.jpg,Eosinophil,big,round,segmented-bilobed,low,densely,no,clear,light blue,round,red,yes,EO_934148_ccrop.jpg,train
EO_93417_ccrop.jpg,Eosinophil,big,round,segmented-bilobed,low,densely,no,clear,light blue,round,red,yes,EO_93417_ccrop.jpg,train
EO_936658_ccrop.jpg,Eosinophil,big,round,segmented-bilobed,low,densely,no,clear,light blue,round,red,yes,EO_936658_ccrop.jpg,train
EO_937830_ccrop.jpg,Eosinophil,big,round,segmented-bilobed,low,densely,no,clear,light blue,round,red,yes,EO_937830_ccrop.jpg,train
EO_938091_ccrop.jpg,Eosinophil,big,round,segmented-bilobed,low,densely,no,clear,light blue,round,red,yes,EO_938091_ccrop.jpg,train
EO_938791_ccrop.jpg,Eosinophil,big,irregular,segmented-bilobed,low,densely,no,clear,light blue,round,red,yes,EO_938791_ccrop.jpg,train
EO_939305_ccrop.jpg,Eosinophil,big,round,segmented-bilobed,low,densely,no,clear,light blue,round,red,yes,EO_939305_ccrop.jpg,train
EO_940110_ccrop.jpg,Eosinophil,big,round,segmented-bilobed,low,densely,no,clear,light blue,round,red,yes,EO_940110_ccrop.jpg,train
EO_940288_ccrop.jpg,Eosinophil,big,round,segmented-bilobed,low,densely,no,clear,light blue,round,red,yes,EO_940288_ccrop.jpg,train
EO_940360_ccrop.jpg,Eosinophil,big,round,segmented-bilobed,low,densely,no,clear,light blue,round,red,yes,EO_940360_ccrop.jpg,train
EO_940774_ccrop.jpg,Eosinophil,small,round,unsegmented-band,low,densely,no,clear,light blue,round,red,yes,EO_940774_ccrop.jpg,train
EO_940895_ccrop.jpg,Eosinophil,small,round,unsegmented-band,low,densely,no,clear,light blue,round,red,yes,EO_940895_ccrop.jpg,train
EO_940980_ccrop.jpg,Eosinophil,small,round,segmented-bilobed,low,densely,no,clear,light blue,round,red,yes,EO_940980_ccrop.jpg,train
EO_941251_ccrop.jpg,Eosinophil,big,round,unsegmented-band,low,densely,no,clear,light blue,round,red,yes,EO_941251_ccrop.jpg,train
EO_941855_ccrop.jpg,Eosinophil,big,round,segmented-bilobed,low,densely,no,clear,light blue,round,red,yes,EO_941855_ccrop.jpg,train
EO_943343_ccrop.jpg,Eosinophil,big,round,segmented-bilobed,low,densely,no,clear,light blue,round,red,yes,EO_943343_ccrop.jpg,train
EO_943433_ccrop.jpg,Eosinophil,big,round,unsegmented-band,low,densely,no,clear,light blue,round,red,yes,EO_943433_ccrop.jpg,train
EO_943709_ccrop.jpg,Eosinophil,big,round,segmented-bilobed,low,densely,no,clear,light blue,round,red,yes,EO_943709_ccrop.jpg,train
EO_94440_ccrop.jpg,Eosinophil,big,round,segmented-bilobed,low,densely,no,clear,light blue,round,red,yes,EO_94440_ccrop.jpg,train
EO_944574_ccrop.jpg,Eosinophil,small,round,segmented-bilobed,low,densely,no,clear,light blue,round,red,yes,EO_944574_ccrop.jpg,train
EO_944752_ccrop.jpg,Eosinophil,big,round,segmented-bilobed,low,densely,no,clear,light blue,round,red,yes,EO_944752_ccrop.jpg,train
EO_945138_ccrop.jpg,Eosinophil,small,round,segmented-multilobed,low,densely,no,clear,light blue,round,red,yes,EO_945138_ccrop.jpg,train
EO_945493_ccrop.jpg,Eosinophil,big,round,segmented-bilobed,low,densely,no,clear,light blue,round,red,yes,EO_945493_ccrop.jpg,train
EO_94652_ccrop.jpg,Eosinophil,big,round,segmented-multilobed,low,densely,no,clear,light blue,round,red,yes,EO_94652_ccrop.jpg,train
EO_947414_ccrop.jpg,Eosinophil,big,round,unsegmented-band,low,densely,no,clear,light blue,round,red,yes,EO_947414_ccrop.jpg,train
EO_947563_ccrop.jpg,Eosinophil,big,round,segmented-bilobed,low,densely,no,clear,light blue,round,red,yes,EO_947563_ccrop.jpg,train
EO_948168_ccrop.jpg,Eosinophil,big,round,unsegmented-band,low,densely,no,clear,light blue,round,red,yes,EO_948168_ccrop.jpg,train
EO_948428_ccrop.jpg,Eosinophil,big,round,segmented-bilobed,low,densely,no,clear,light blue,round,red,yes,EO_948428_ccrop.jpg,train
EO_948482_ccrop.jpg,Eosinophil,big,round,segmented-bilobed,low,densely,no,clear,light blue,round,red,yes,EO_948482_ccrop.jpg,train
EO_948531_ccrop.jpg,Eosinophil,big,round,segmented-bilobed,low,densely,no,clear,light blue,round,red,yes,EO_948531_ccrop.jpg,train
EO_948687_ccrop.jpg,Eosinophil,big,round,segmented-multilobed,low,densely,no,clear,light blue,round,red,yes,EO_948687_ccrop.jpg,train
EO_949602_ccrop.jpg,Eosinophil,big,round,segmented-bilobed,low,densely,no,clear,light blue,round,red,yes,EO_949602_ccrop.jpg,train
EO_949966_ccrop.jpg,Eosinophil,small,round,segmented-bilobed,low,densely,no,clear,light blue,round,red,yes,EO_949966_ccrop.jpg,train
EO_950521_ccrop.jpg,Eosinophil,big,round,segmented-multilobed,low,densely,no,clear,light blue,round,red,yes,EO_950521_ccrop.jpg,train
EO_951139_ccrop.jpg,Eosinophil,big,irregular,segmented-bilobed,low,densely,no,clear,light blue,round,red,yes,EO_951139_ccrop.jpg,train
EO_951518_ccrop.jpg,Eosinophil,big,round,segmented-bilobed,low,densely,no,clear,light blue,round,red,yes,EO_951518_ccrop.jpg,train
EO_952316_ccrop.jpg,Eosinophil,small,round,unsegmented-band,low,densely,no,clear,light blue,round,red,yes,EO_952316_ccrop.jpg,train
EO_953561_ccrop.jpg,Eosinophil,small,round,segmented-bilobed,low,densely,no,clear,light blue,round,red,yes,EO_953561_ccrop.jpg,train
EO_954031_ccrop.jpg,Eosinophil,big,round,segmented-bilobed,low,densely,no,clear,light blue,round,red,yes,EO_954031_ccrop.jpg,train
EO_954266_ccrop.jpg,Eosinophil,big,round,segmented-bilobed,low,densely,no,clear,light blue,round,red,yes,EO_954266_ccrop.jpg,train
EO_955654_ccrop.jpg,Eosinophil,big,irregular,segmented-bilobed,low,densely,no,clear,light blue,round,red,yes,EO_955654_ccrop.jpg,train
EO_956578_ccrop.jpg,Eosinophil,small,round,unsegmented-band,low,densely,no,clear,light blue,round,red,yes,EO_956578_ccrop.jpg,train
EO_956671_ccrop.jpg,Eosinophil,big,irregular,irregular,low,loosely,no,clear,light blue,round,red,yes,EO_956671_ccrop.jpg,train
EO_957216_ccrop.jpg,Eosinophil,big,round,segmented-bilobed,low,densely,no,clear,light blue,round,red,yes,EO_957216_ccrop.jpg,train
EO_957387_ccrop.jpg,Eosinophil,big,round,segmented-multilobed,low,densely,no,clear,light blue,round,red,yes,EO_957387_ccrop.jpg,train
EO_957683_ccrop.jpg,Eosinophil,small,round,segmented-bilobed,low,densely,no,clear,light blue,round,red,yes,EO_957683_ccrop.jpg,train
EO_957702_ccrop.jpg,Eosinophil,big,irregular,segmented-bilobed,low,densely,no,clear,light blue,round,red,yes,EO_957702_ccrop.jpg,train
EO_958160_ccrop.jpg,Eosinophil,small,round,segmented-bilobed,low,densely,no,clear,light blue,round,red,yes,EO_958160_ccrop.jpg,train
EO_95899_ccrop.jpg,Eosinophil,big,round,segmented-bilobed,low,densely,no,clear,light blue,round,red,yes,EO_95899_ccrop.jpg,train
EO_959517_ccrop.jpg,Eosinophil,big,round,segmented-bilobed,low,densely,no,clear,light blue,round,red,yes,EO_959517_ccrop.jpg,train
EO_959726_ccrop.jpg,Eosinophil,big,round,segmented-bilobed,low,densely,no,clear,light blue,round,red,yes,EO_959726_ccrop.jpg,train
EO_959830_ccrop.jpg,Eosinophil,small,round,segmented-bilobed,low,densely,no,clear,light blue,round,red,yes,EO_959830_ccrop.jpg,train
EO_959943_ccrop.jpg,Eosinophil,big,round,unsegmented-band,low,densely,no,clear,light blue,round,red,yes,EO_959943_ccrop.jpg,train
EO_959957_ccrop.jpg,Eosinophil,big,round,segmented-bilobed,low,densely,no,clear,light blue,round,red,yes,EO_959957_ccrop.jpg,train
EO_960120_ccrop.jpg,Eosinophil,big,round,segmented-bilobed,low,densely,no,clear,light blue,round,red,yes,EO_960120_ccrop.jpg,train
EO_960233_ccrop.jpg,Eosinophil,big,round,segmented-bilobed,low,densely,no,clear,light blue,round,red,yes,EO_960233_ccrop.jpg,train
EO_960387_ccrop.jpg,Eosinophil,big,irregular,segmented-bilobed,low,densely,no,clear,light blue,round,red,yes,EO_960387_ccrop.jpg,train
EO_960665_ccrop.jpg,Eosinophil,small,round,segmented-bilobed,low,densely,no,clear,light blue,round,red,yes,EO_960665_ccrop.jpg,train
EO_960805_ccrop.jpg,Eosinophil,big,round,segmented-bilobed,low,densely,no,clear,light blue,round,red,yes,EO_960805_ccrop.jpg,train
EO_961222_ccrop.jpg,Eosinophil,big,round,segmented-bilobed,low,densely,no,clear,light blue,round,red,yes,EO_961222_ccrop.jpg,train
EO_96181_ccrop.jpg,Eosinophil,big,round,segmented-multilobed,low,densely,no,clear,light blue,round,red,yes,EO_96181_ccrop.jpg,train
EO_962175_ccrop.jpg,Eosinophil,big,round,segmented-bilobed,low,densely,no,clear,light blue,round,red,yes,EO_962175_ccrop.jpg,train
EO_962265_ccrop.jpg,Eosinophil,big,irregular,unsegmented-band,low,densely,no,clear,light blue,round,red,yes,EO_962265_ccrop.jpg,train
EO_962909_ccrop.jpg,Eosinophil,big,round,segmented-bilobed,low,densely,no,clear,light blue,round,red,yes,EO_962909_ccrop.jpg,train
EO_963975_ccrop.jpg,Eosinophil,big,round,segmented-bilobed,low,densely,no,clear,light blue,round,red,yes,EO_963975_ccrop.jpg,train
EO_96407_ccrop.jpg,Eosinophil,big,round,segmented-bilobed,low,densely,no,clear,light blue,round,red,yes,EO_96407_ccrop.jpg,train
EO_96563_ccrop.jpg,Eosinophil,big,irregular,segmented-bilobed,low,loosely,no,clear,light blue,round,red,yes,EO_96563_ccrop.jpg,train
EO_965826_ccrop.jpg,Eosinophil,big,round,segmented-bilobed,low,densely,no,clear,light blue,round,red,yes,EO_965826_ccrop.jpg,train
EO_966797_ccrop.jpg,Eosinophil,big,round,segmented-bilobed,low,densely,no,clear,light blue,round,red,yes,EO_966797_ccrop.jpg,train
EO_967607_ccrop.jpg,Eosinophil,big,round,segmented-bilobed,low,densely,no,clear,light blue,round,red,yes,EO_967607_ccrop.jpg,train
EO_96794_ccrop.jpg,Eosinophil,big,round,segmented-bilobed,low,densely,no,clear,light blue,round,red,yes,EO_96794_ccrop.jpg,train
EO_968484_ccrop.jpg,Eosinophil,big,round,segmented-bilobed,low,densely,no,clear,light blue,round,red,yes,EO_968484_ccrop.jpg,train
EO_969018_ccrop.jpg,Eosinophil,big,round,segmented-bilobed,low,densely,no,clear,light blue,round,red,yes,EO_969018_ccrop.jpg,train
EO_969286_ccrop.jpg,Eosinophil,big,round,segmented-bilobed,low,densely,no,clear,light blue,round,red,yes,EO_969286_ccrop.jpg,train
EO_969910_ccrop.jpg,Eosinophil,big,round,segmented-bilobed,low,densely,no,clear,light blue,round,red,yes,EO_969910_ccrop.jpg,train
EO_970927_ccrop.jpg,Eosinophil,big,round,segmented-bilobed,low,densely,no,clear,light blue,round,red,yes,EO_970927_ccrop.jpg,train
EO_971082_ccrop.jpg,Eosinophil,small,round,segmented-bilobed,low,densely,no,clear,light blue,round,red,yes,EO_971082_ccrop.jpg,train
EO_97141_ccrop.jpg,Eosinophil,big,round,segmented-bilobed,low,densely,no,clear,light blue,round,red,yes,EO_97141_ccrop.jpg,train
EO_971412_ccrop.jpg,Eosinophil,small,round,segmented-bilobed,low,densely,no,clear,light blue,round,red,yes,EO_971412_ccrop.jpg,train
EO_971641_ccrop.jpg,Eosinophil,big,round,segmented-bilobed,low,densely,no,clear,light blue,round,red,yes,EO_971641_ccrop.jpg,train
EO_971689_ccrop.jpg,Eosinophil,big,round,segmented-bilobed,low,densely,no,clear,light blue,round,red,yes,EO_971689_ccrop.jpg,train
EO_972000_ccrop.jpg,Eosinophil,big,round,segmented-bilobed,low,densely,no,clear,light blue,round,red,yes,EO_972000_ccrop.jpg,train
EO_974059_ccrop.jpg,Eosinophil,big,round,segmented-bilobed,low,densely,no,clear,light blue,round,red,yes,EO_974059_ccrop.jpg,train
EO_974646_ccrop.jpg,Eosinophil,big,round,segmented-bilobed,low,densely,no,clear,light blue,round,red,yes,EO_974646_ccrop.jpg,train
EO_975239_ccrop.jpg,Eosinophil,small,round,segmented-bilobed,low,densely,no,clear,light blue,round,red,yes,EO_975239_ccrop.jpg,train
EO_975524_ccrop.jpg,Eosinophil,small,round,segmented-bilobed,low,densely,no,clear,light blue,round,red,yes,EO_975524_ccrop.jpg,train
EO_976206_ccrop.jpg,Eosinophil,big,round,segmented-bilobed,low,densely,no,clear,light blue,round,red,yes,EO_976206_ccrop.jpg,train
EO_977027_ccrop.jpg,Eosinophil,big,irregular,unsegmented-band,low,densely,no,clear,light blue,round,red,yes,EO_977027_ccrop.jpg,train
EO_977043_ccrop.jpg,Eosinophil,big,round,segmented-multilobed,low,densely,no,clear,light blue,round,red,yes,EO_977043_ccrop.jpg,train
EO_977292_ccrop.jpg,Eosinophil,big,round,unsegmented-band,low,densely,no,clear,light blue,round,red,yes,EO_977292_ccrop.jpg,train
EO_978104_ccrop.jpg,Eosinophil,big,round,segmented-bilobed,low,densely,no,clear,light blue,round,red,yes,EO_978104_ccrop.jpg,train
EO_978712_ccrop.jpg,Eosinophil,big,round,segmented-multilobed,low,densely,no,clear,light blue,round,red,yes,EO_978712_ccrop.jpg,train
EO_978726_ccrop.jpg,Eosinophil,big,round,segmented-bilobed,low,densely,no,clear,light blue,round,red,yes,EO_978726_ccrop.jpg,train
EO_97994_ccrop.jpg,Eosinophil,big,round,segmented-bilobed,low,densely,no,clear,light blue,round,red,yes,EO_97994_ccrop.jpg,train
EO_980404_ccrop.jpg,Eosinophil,big,round,segmented-bilobed,low,densely,no,clear,light blue,round,red,yes,EO_980404_ccrop.jpg,train
EO_981363_ccrop.jpg,Eosinophil,big,round,segmented-bilobed,low,densely,no,clear,light blue,round,red,yes,EO_981363_ccrop.jpg,train
EO_981530_ccrop.jpg,Eosinophil,big,round,segmented-bilobed,low,densely,no,clear,light blue,round,red,yes,EO_981530_ccrop.jpg,train
EO_981774_ccrop.jpg,Eosinophil,big,round,segmented-bilobed,low,densely,no,clear,light blue,round,red,yes,EO_981774_ccrop.jpg,train
EO_982965_ccrop.jpg,Eosinophil,big,round,segmented-bilobed,low,densely,no,clear,light blue,round,red,yes,EO_982965_ccrop.jpg,train
EO_983566_ccrop.jpg,Eosinophil,big,round,unsegmented-band,low,densely,no,clear,light blue,round,red,yes,EO_983566_ccrop.jpg,train
EO_984123_ccrop.jpg,Eosinophil,big,round,segmented-bilobed,low,densely,no,clear,light blue,round,red,yes,EO_984123_ccrop.jpg,train
EO_984357_ccrop.jpg,Eosinophil,big,round,segmented-bilobed,low,densely,no,clear,light blue,round,red,yes,EO_984357_ccrop.jpg,train
EO_984860_ccrop.jpg,Eosinophil,big,round,segmented-multilobed,low,densely,no,clear,light blue,round,red,yes,EO_984860_ccrop.jpg,train
EO_984978_ccrop.jpg,Eosinophil,small,round,unsegmented-band,low,densely,no,clear,light blue,round,red,yes,EO_984978_ccrop.jpg,train
EO_985877_ccrop.jpg,Eosinophil,big,round,unsegmented-band,low,densely,no,clear,light blue,round,red,yes,EO_985877_ccrop.jpg,train
EO_986398_ccrop.jpg,Eosinophil,big,round,segmented-bilobed,low,densely,no,clear,light blue,round,red,yes,EO_986398_ccrop.jpg,train
EO_986575_ccrop.jpg,Eosinophil,big,round,segmented-bilobed,low,densely,no,clear,light blue,round,red,yes,EO_986575_ccrop.jpg,train
EO_986725_ccrop.jpg,Eosinophil,big,round,unsegmented-band,low,densely,no,clear,light blue,round,red,yes,EO_986725_ccrop.jpg,train
EO_986825_ccrop.jpg,Eosinophil,big,round,segmented-bilobed,low,densely,no,clear,light blue,round,red,yes,EO_986825_ccrop.jpg,train
EO_987314_ccrop.jpg,Eosinophil,big,round,segmented-bilobed,low,densely,no,clear,light blue,round,red,yes,EO_987314_ccrop.jpg,train
EO_987324_ccrop.jpg,Eosinophil,big,round,segmented-bilobed,low,densely,no,clear,light blue,round,red,yes,EO_987324_ccrop.jpg,train
EO_98753_ccrop.jpg,Eosinophil,big,round,segmented-bilobed,low,densely,no,clear,light blue,round,red,yes,EO_98753_ccrop.jpg,train
EO_989626_ccrop.jpg,Eosinophil,big,round,segmented-bilobed,low,densely,no,clear,light blue,round,red,yes,EO_989626_ccrop.jpg,train
EO_98993_ccrop.jpg,Eosinophil,big,round,segmented-bilobed,low,densely,no,clear,light blue,round,red,yes,EO_98993_ccrop.jpg,train
EO_990083_ccrop.jpg,Eosinophil,small,round,segmented-bilobed,low,densely,no,clear,light blue,round,red,yes,EO_990083_ccrop.jpg,train
EO_990161_ccrop.jpg,Eosinophil,big,round,segmented-bilobed,low,densely,no,clear,light blue,round,red,yes,EO_990161_ccrop.jpg,train
EO_990350_ccrop.jpg,Eosinophil,big,irregular,unsegmented-band,low,densely,no,clear,light blue,round,red,yes,EO_990350_ccrop.jpg,train
EO_990717_ccrop.jpg,Eosinophil,big,round,segmented-bilobed,low,densely,no,clear,light blue,round,red,yes,EO_990717_ccrop.jpg,train
EO_991781_ccrop.jpg,Eosinophil,small,round,segmented-bilobed,low,densely,no,clear,light blue,round,red,yes,EO_991781_ccrop.jpg,train
EO_993601_ccrop.jpg,Eosinophil,big,round,segmented-bilobed,low,densely,no,clear,light blue,round,red,yes,EO_993601_ccrop.jpg,train
EO_99390_ccrop.jpg,Eosinophil,big,round,unsegmented-band,low,densely,no,clear,light blue,round,red,yes,EO_99390_ccrop.jpg,train
EO_994150_ccrop.jpg,Eosinophil,small,round,segmented-bilobed,low,densely,no,clear,light blue,round,red,yes,EO_994150_ccrop.jpg,train
EO_994152_ccrop.jpg,Eosinophil,big,round,segmented-bilobed,low,densely,no,clear,light blue,round,red,yes,EO_994152_ccrop.jpg,train
EO_99444_ccrop.jpg,Eosinophil,small,round,segmented-multilobed,low,densely,no,clear,light blue,round,red,yes,EO_99444_ccrop.jpg,train
EO_995461_ccrop.jpg,Eosinophil,big,round,segmented-bilobed,low,densely,no,clear,light blue,round,red,yes,EO_995461_ccrop.jpg,train
EO_996472_ccrop.jpg,Eosinophil,big,round,unsegmented-band,low,densely,no,clear,light blue,round,red,yes,EO_996472_ccrop.jpg,train
EO_996545_ccrop.jpg,Eosinophil,big,round,segmented-bilobed,low,densely,no,clear,light blue,round,red,yes,EO_996545_ccrop.jpg,train
EO_996964_ccrop.jpg,Eosinophil,big,round,segmented-bilobed,low,densely,no,clear,light blue,round,red,yes,EO_996964_ccrop.jpg,train
EO_997235_ccrop.jpg,Eosinophil,big,round,unsegmented-band,low,densely,no,clear,light blue,round,red,yes,EO_997235_ccrop.jpg,train
EO_997373_ccrop.jpg,Eosinophil,small,round,segmented-bilobed,low,densely,no,clear,light blue,round,red,yes,EO_997373_ccrop.jpg,train
EO_997379_ccrop.jpg,Eosinophil,small,round,segmented-bilobed,low,densely,no,clear,light blue,round,red,yes,EO_997379_ccrop.jpg,train
EO_997613_ccrop.jpg,Eosinophil,big,irregular,segmented-bilobed,low,densely,no,clear,light blue,round,red,yes,EO_997613_ccrop.jpg,train
EO_998250_ccrop.jpg,Eosinophil,small,round,segmented-bilobed,low,densely,no,clear,light blue,round,red,yes,EO_998250_ccrop.jpg,train
EO_99838_ccrop.jpg,Eosinophil,small,round,segmented-bilobed,low,densely,no,clear,light blue,round,red,yes,EO_99838_ccrop.jpg,train
EO_998485_ccrop.jpg,Eosinophil,small,round,segmented-bilobed,low,densely,no,clear,light blue,round,red,yes,EO_998485_ccrop.jpg,train
EO_998889_ccrop.jpg,Eosinophil,big,round,segmented-bilobed,low,densely,no,clear,light blue,round,red,yes,EO_998889_ccrop.jpg,train
EO_998901_ccrop.jpg,Eosinophil,big,irregular,segmented-bilobed,low,densely,no,clear,light blue,round,red,yes,EO_998901_ccrop.jpg,train
EO_999409_ccrop.jpg,Eosinophil,big,round,segmented-bilobed,low,densely,no,clear,light blue,round,red,yes,EO_999409_ccrop.jpg,train
EO_999716_ccrop.jpg,Eosinophil,big,round,segmented-multilobed,low,densely,no,clear,light blue,round,red,yes,EO_999716_ccrop.jpg,train
LY_100275_ccrop.jpg,Lymphocyte,small,irregular,unsegmented-round,high,densely,no,frosted,blue,nil,nil,no,LY_100275_ccrop.jpg,train
LY_102859_ccrop.jpg,Lymphocyte,small,round,unsegmented-round,high,densely,no,frosted,blue,nil,nil,no,LY_102859_ccrop.jpg,train
LY_10361_ccrop.jpg,Lymphocyte,small,round,unsegmented-indented,low,densely,no,clear,blue,nil,nil,no,LY_10361_ccrop.jpg,train
LY_104129_ccrop.jpg,Lymphocyte,small,round,unsegmented-indented,high,densely,no,frosted,blue,nil,nil,no,LY_104129_ccrop.jpg,train
LY_105283_ccrop.jpg,Lymphocyte,small,round,unsegmented-round,high,densely,no,clear,blue,nil,nil,no,LY_105283_ccrop.jpg,train
LY_107981_ccrop.jpg,Lymphocyte,small,round,unsegmented-round,high,densely,no,clear,blue,nil,nil,no,LY_107981_ccrop.jpg,train
LY_109093_ccrop.jpg,Lymphocyte,small,round,unsegmented-round,low,densely,no,clear,purple blue,nil,nil,no,LY_109093_ccrop.jpg,train
LY_112097_ccrop.jpg,Lymphocyte,small,irregular,unsegmented-round,high,densely,no,clear,blue,nil,nil,no,LY_112097_ccrop.jpg,train
LY_11415_ccrop.jpg,Lymphocyte,small,irregular,unsegmented-round,high,densely,no,clear,blue,nil,nil,no,LY_11415_ccrop.jpg,train
LY_114808_ccrop.jpg,Lymphocyte,small,round,unsegmented-indented,high,densely,no,clear,purple blue,nil,nil,no,LY_114808_ccrop.jpg,train
LY_115727_ccrop.jpg,Lymphocyte,small,round,unsegmented-round,high,densely,no,clear,blue,nil,nil,no,LY_115727_ccrop.jpg,train
LY_116029_ccrop.jpg,Lymphocyte,small,irregular,irregular,high,densely,no,frosted,blue,nil,nil,no,LY_116029_ccrop.jpg,train
LY_118150_ccrop.jpg,Lymphocyte,small,irregular,unsegmented-round,high,densely,no,clear,purple blue,nil,nil,no,LY_118150_ccrop.jpg,train
LY_118333_ccrop.jpg,Lymphocyte,small,irregular,unsegmented-round,high,densely,no,clear,blue,nil,nil,no,LY_118333_ccrop.jpg,train
LY_120168_ccrop.jpg,Lymphocyte,small,irregular,unsegmented-round,high,densely,no,clear,blue,nil,nil,no,LY_120168_ccrop.jpg,train
LY_121177_ccrop.jpg,Lymphocyte,small,round,unsegmented-indented,high,densely,no,clear,blue,nil,nil,no,LY_121177_ccrop.jpg,train
LY_123592_ccrop.jpg,Lymphocyte,small,round,unsegmented-round,high,densely,no,clear,blue,nil,nil,no,LY_123592_ccrop.jpg,train
LY_125347_ccrop.jpg,Lymphocyte,small,round,unsegmented-round,high,densely,no,clear,blue,nil,nil,no,LY_125347_ccrop.jpg,train
LY_128283_ccrop.jpg,Lymphocyte,small,round,unsegmented-round,high,densely,no,clear,blue,nil,nil,no,LY_128283_ccrop.jpg,train
LY_128386_ccrop.jpg,Lymphocyte,small,round,unsegmented-round,low,densely,no,frosted,blue,nil,nil,no,LY_128386_ccrop.jpg,train
LY_130316_ccrop.jpg,Lymphocyte,small,round,unsegmented-round,high,densely,no,clear,purple blue,nil,nil,no,LY_130316_ccrop.jpg,train
LY_130805_ccrop.jpg,Lymphocyte,small,irregular,unsegmented-round,high,densely,no,clear,blue,nil,nil,no,LY_130805_ccrop.jpg,train
LY_131763_ccrop.jpg,Lymphocyte,small,round,unsegmented-indented,high,densely,no,frosted,blue,nil,nil,no,LY_131763_ccrop.jpg,train
LY_134035_ccrop.jpg,Lymphocyte,small,round,unsegmented-round,high,densely,no,clear,blue,nil,nil,no,LY_134035_ccrop.jpg,train
LY_13552_ccrop.jpg,Lymphocyte,small,round,unsegmented-round,high,densely,no,frosted,blue,nil,nil,no,LY_13552_ccrop.jpg,train
LY_135776_ccrop.jpg,Lymphocyte,small,irregular,unsegmented-round,low,densely,no,clear,light blue,nil,nil,no,LY_135776_ccrop.jpg,train
LY_136500_ccrop.jpg,Lymphocyte,small,irregular,unsegmented-round,high,densely,no,frosted,blue,nil,nil,no,LY_136500_ccrop.jpg,train
LY_13652_ccrop.jpg,Lymphocyte,small,irregular,unsegmented-round,high,densely,no,frosted,blue,nil,nil,no,LY_13652_ccrop.jpg,train
LY_139845_ccrop.jpg,Lymphocyte,small,irregular,irregular,high,densely,no,frosted,purple blue,nil,nil,no,LY_139845_ccrop.jpg,train
LY_14026515_ccrop.jpg,Lymphocyte,small,round,unsegmented-round,low,densely,no,frosted,purple blue,nil,nil,no,LY_14026515_ccrop.jpg,train
LY_14139_ccrop.jpg,Lymphocyte,small,round,unsegmented-round,high,densely,no,clear,light blue,nil,nil,no,LY_14139_ccrop.jpg,train
LY_141780_ccrop.jpg,Lymphocyte,small,irregular,unsegmented-round,high,densely,no,clear,blue,nil,nil,no,LY_141780_ccrop.jpg,train
LY_147262_ccrop.jpg,Lymphocyte,small,round,unsegmented-round,high,densely,no,frosted,blue,nil,nil,no,LY_147262_ccrop.jpg,train
LY_149732_ccrop.jpg,Lymphocyte,small,round,unsegmented-indented,high,densely,no,clear,blue,nil,nil,no,LY_149732_ccrop.jpg,train
LY_151689_ccrop.jpg,Lymphocyte,small,round,unsegmented-round,high,densely,no,clear,blue,nil,nil,no,LY_151689_ccrop.jpg,train
LY_153467_ccrop.jpg,Lymphocyte,small,irregular,unsegmented-indented,high,densely,no,clear,blue,nil,nil,no,LY_153467_ccrop.jpg,train
LY_155590_ccrop.jpg,Lymphocyte,small,round,unsegmented-round,high,densely,no,clear,blue,nil,nil,no,LY_155590_ccrop.jpg,train
LY_157670_ccrop.jpg,Lymphocyte,small,irregular,unsegmented-round,high,densely,no,clear,purple blue,nil,nil,no,LY_157670_ccrop.jpg,train
LY_158006_ccrop.jpg,Lymphocyte,small,round,unsegmented-round,high,densely,no,frosted,blue,nil,nil,no,LY_158006_ccrop.jpg,train
LY_158602_ccrop.jpg,Lymphocyte,small,round,unsegmented-round,high,densely,no,clear,blue,nil,nil,no,LY_158602_ccrop.jpg,train
LY_159509_ccrop.jpg,Lymphocyte,small,round,unsegmented-round,low,densely,no,clear,light blue,nil,nil,no,LY_159509_ccrop.jpg,train
LY_16157_ccrop.jpg,Lymphocyte,small,round,unsegmented-round,high,densely,no,frosted,purple blue,nil,nil,no,LY_16157_ccrop.jpg,train
LY_165111_ccrop.jpg,Lymphocyte,small,round,unsegmented-round,high,densely,no,clear,light blue,nil,nil,no,LY_165111_ccrop.jpg,train
LY_166694_ccrop.jpg,Lymphocyte,small,irregular,irregular,low,densely,no,frosted,purple blue,nil,nil,no,LY_166694_ccrop.jpg,train
LY_167158_ccrop.jpg,Lymphocyte,small,round,unsegmented-round,high,densely,no,clear,blue,nil,nil,no,LY_167158_ccrop.jpg,train
LY_16740_ccrop.jpg,Lymphocyte,small,round,unsegmented-round,high,densely,no,clear,blue,nil,nil,no,LY_16740_ccrop.jpg,train
LY_168926_ccrop.jpg,Lymphocyte,small,round,unsegmented-round,high,densely,no,clear,blue,nil,nil,no,LY_168926_ccrop.jpg,train
LY_169448_ccrop.jpg,Lymphocyte,small,round,unsegmented-round,high,densely,no,clear,blue,nil,nil,no,LY_169448_ccrop.jpg,train
LY_169905_ccrop.jpg,Lymphocyte,small,round,unsegmented-indented,high,densely,no,frosted,blue,nil,nil,no,LY_169905_ccrop.jpg,train
LY_170874_ccrop.jpg,Lymphocyte,small,irregular,unsegmented-indented,high,densely,no,clear,purple blue,nil,nil,no,LY_170874_ccrop.jpg,train
LY_171028_ccrop.jpg,Lymphocyte,small,round,unsegmented-indented,high,densely,no,frosted,blue,nil,nil,no,LY_171028_ccrop.jpg,train
LY_171137_ccrop.jpg,Lymphocyte,small,round,unsegmented-round,high,densely,no,frosted,blue,nil,nil,no,LY_171137_ccrop.jpg,train
LY_171934_ccrop.jpg,Lymphocyte,small,irregular,unsegmented-round,high,densely,no,frosted,blue,nil,nil,no,LY_171934_ccrop.jpg,train
LY_173236_ccrop.jpg,Lymphocyte,small,irregular,unsegmented-round,high,densely,no,frosted,blue,nil,nil,no,LY_173236_ccrop.jpg,train
LY_17369_ccrop.jpg,Lymphocyte,small,irregular,unsegmented-round,high,densely,no,clear,blue,nil,nil,no,LY_17369_ccrop.jpg,train
LY_175082_ccrop.jpg,Lymphocyte,small,round,unsegmented-round,high,densely,no,clear,blue,nil,nil,no,LY_175082_ccrop.jpg,train
LY_175126_ccrop.jpg,Lymphocyte,small,round,unsegmented-round,high,densely,no,clear,blue,nil,nil,no,LY_175126_ccrop.jpg,train
LY_176592_ccrop.jpg,Lymphocyte,small,round,unsegmented-round,high,densely,no,clear,purple blue,nil,nil,no,LY_176592_ccrop.jpg,train
LY_176821_ccrop.jpg,Lymphocyte,small,irregular,unsegmented-round,high,densely,no,clear,blue,nil,nil,no,LY_176821_ccrop.jpg,train
LY_177713_ccrop.jpg,Lymphocyte,small,round,unsegmented-round,high,densely,no,clear,blue,nil,nil,no,LY_177713_ccrop.jpg,train
LY_179230_ccrop.jpg,Lymphocyte,small,irregular,unsegmented-round,high,densely,no,clear,blue,nil,nil,no,LY_179230_ccrop.jpg,train
LY_179585_ccrop.jpg,Lymphocyte,small,round,unsegmented-round,high,densely,no,frosted,blue,nil,nil,no,LY_179585_ccrop.jpg,train
LY_182632_ccrop.jpg,Lymphocyte,small,round,unsegmented-round,high,densely,no,clear,blue,nil,nil,no,LY_182632_ccrop.jpg,train
LY_183839_ccrop.jpg,Lymphocyte,small,round,unsegmented-round,low,densely,no,clear,light blue,small,purple,yes,LY_183839_ccrop.jpg,train
LY_185090_ccrop.jpg,Lymphocyte,small,irregular,unsegmented-round,high,densely,no,frosted,blue,nil,nil,no,LY_185090_ccrop.jpg,train
LY_185165_ccrop.jpg,Lymphocyte,small,round,unsegmented-round,high,densely,no,clear,blue,nil,nil,no,LY_185165_ccrop.jpg,train
LY_185647_ccrop.jpg,Lymphocyte,small,irregular,unsegmented-round,high,densely,no,clear,blue,nil,nil,no,LY_185647_ccrop.jpg,train
LY_185977_ccrop.jpg,Lymphocyte,small,irregular,unsegmented-round,high,densely,no,clear,blue,nil,nil,no,LY_185977_ccrop.jpg,train
LY_18659_ccrop.jpg,Lymphocyte,small,round,unsegmented-round,high,densely,no,clear,blue,nil,nil,no,LY_18659_ccrop.jpg,train
LY_186621_ccrop.jpg,Lymphocyte,small,irregular,unsegmented-round,high,densely,no,clear,blue,nil,nil,no,LY_186621_ccrop.jpg,train
LY_18831_ccrop.jpg,Lymphocyte,small,round,unsegmented-round,high,densely,no,frosted,blue,nil,nil,no,LY_18831_ccrop.jpg,train
LY_188800_ccrop.jpg,Lymphocyte,small,irregular,unsegmented-round,high,densely,no,clear,purple blue,nil,nil,no,LY_188800_ccrop.jpg,train
LY_188895_ccrop.jpg,Lymphocyte,small,irregular,irregular,high,densely,no,frosted,purple blue,nil,nil,no,LY_188895_ccrop.jpg,train
LY_190035_ccrop.jpg,Lymphocyte,small,irregular,unsegmented-round,high,densely,no,clear,blue,nil,nil,no,LY_190035_ccrop.jpg,train
LY_191979_ccrop.jpg,Lymphocyte,small,round,unsegmented-round,high,densely,no,clear,light blue,nil,nil,no,LY_191979_ccrop.jpg,train
LY_192261_ccrop.jpg,Lymphocyte,small,round,unsegmented-round,low,densely,no,frosted,purple blue,nil,nil,no,LY_192261_ccrop.jpg,train
LY_192703_ccrop.jpg,Lymphocyte,small,round,unsegmented-round,low,densely,no,frosted,purple blue,nil,nil,no,LY_192703_ccrop.jpg,train
LY_193652_ccrop.jpg,Lymphocyte,small,irregular,unsegmented-indented,high,densely,no,frosted,blue,nil,nil,no,LY_193652_ccrop.jpg,train
LY_195785_ccrop.jpg,Lymphocyte,small,irregular,unsegmented-indented,high,densely,no,frosted,purple blue,nil,nil,no,LY_195785_ccrop.jpg,train
LY_196284_ccrop.jpg,Lymphocyte,small,irregular,unsegmented-round,high,densely,no,clear,blue,nil,nil,no,LY_196284_ccrop.jpg,train
LY_196753_ccrop.jpg,Lymphocyte,small,round,unsegmented-round,high,densely,no,clear,blue,nil,nil,no,LY_196753_ccrop.jpg,train
LY_199801_ccrop.jpg,Lymphocyte,small,round,unsegmented-round,high,densely,no,clear,blue,nil,nil,no,LY_199801_ccrop.jpg,train
LY_199996_ccrop.jpg,Lymphocyte,small,round,unsegmented-round,high,densely,no,frosted,purple blue,nil,nil,no,LY_199996_ccrop.jpg,train
LY_201087_ccrop.jpg,Lymphocyte,small,round,unsegmented-round,high,densely,no,clear,light blue,nil,nil,no,LY_201087_ccrop.jpg,train
LY_202821_ccrop.jpg,Lymphocyte,small,round,unsegmented-round,high,densely,no,clear,blue,nil,nil,no,LY_202821_ccrop.jpg,train
LY_204996_ccrop.jpg,Lymphocyte,small,irregular,unsegmented-round,high,densely,no,frosted,blue,nil,nil,no,LY_204996_ccrop.jpg,train
LY_206434_ccrop.jpg,Lymphocyte,small,round,unsegmented-round,high,densely,no,clear,blue,nil,nil,no,LY_206434_ccrop.jpg,train
LY_206555_ccrop.jpg,Lymphocyte,small,round,unsegmented-indented,low,densely,no,frosted,purple blue,nil,nil,no,LY_206555_ccrop.jpg,train
LY_206769_ccrop.jpg,Lymphocyte,small,round,unsegmented-round,high,densely,no,clear,blue,nil,nil,no,LY_206769_ccrop.jpg,train
LY_219603_ccrop.jpg,Lymphocyte,small,round,unsegmented-indented,high,densely,no,clear,purple blue,nil,nil,no,LY_219603_ccrop.jpg,train
LY_220151_ccrop.jpg,Lymphocyte,small,irregular,unsegmented-indented,high,densely,no,frosted,blue,nil,nil,no,LY_220151_ccrop.jpg,train
LY_221345_ccrop.jpg,Lymphocyte,small,round,unsegmented-indented,high,densely,no,clear,blue,nil,nil,no,LY_221345_ccrop.jpg,train
LY_225365_ccrop.jpg,Lymphocyte,small,irregular,unsegmented-round,high,densely,no,clear,purple blue,nil,nil,no,LY_225365_ccrop.jpg,train
LY_226845_ccrop.jpg,Lymphocyte,small,round,unsegmented-round,low,densely,no,frosted,blue,nil,nil,no,LY_226845_ccrop.jpg,train
LY_227964_ccrop.jpg,Lymphocyte,small,round,unsegmented-round,high,densely,no,frosted,blue,nil,nil,no,LY_227964_ccrop.jpg,train
LY_230548_ccrop.jpg,Lymphocyte,small,irregular,unsegmented-round,high,densely,no,clear,purple blue,nil,nil,no,LY_230548_ccrop.jpg,train
LY_231533_ccrop.jpg,Lymphocyte,big,irregular,unsegmented-round,low,densely,no,clear,light blue,nil,nil,no,LY_231533_ccrop.jpg,train
LY_231853_ccrop.jpg,Lymphocyte,small,round,unsegmented-round,high,densely,no,clear,blue,nil,nil,no,LY_231853_ccrop.jpg,train
LY_232894_ccrop.jpg,Lymphocyte,small,irregular,unsegmented-round,high,densely,no,clear,blue,nil,nil,no,LY_232894_ccrop.jpg,train
LY_234523_ccrop.jpg,Lymphocyte,small,round,unsegmented-indented,high,densely,no,clear,blue,nil,nil,no,LY_234523_ccrop.jpg,train
LY_234637_ccrop.jpg,Lymphocyte,small,round,unsegmented-round,high,densely,no,clear,blue,nil,nil,no,LY_234637_ccrop.jpg,train
LY_234854_ccrop.jpg,Lymphocyte,small,round,unsegmented-round,high,densely,no,frosted,blue,nil,nil,no,LY_234854_ccrop.jpg,train
LY_240150_ccrop.jpg,Lymphocyte,small,irregular,unsegmented-round,high,densely,no,frosted,blue,nil,nil,no,LY_240150_ccrop.jpg,train
LY_241891_ccrop.jpg,Lymphocyte,small,round,unsegmented-round,high,densely,no,frosted,blue,nil,nil,no,LY_241891_ccrop.jpg,train
LY_242718_ccrop.jpg,Lymphocyte,small,round,unsegmented-round,high,densely,no,frosted,blue,nil,nil,no,LY_242718_ccrop.jpg,train
LY_245216_ccrop.jpg,Lymphocyte,small,round,unsegmented-round,high,densely,no,clear,blue,nil,nil,no,LY_245216_ccrop.jpg,train
LY_245917_ccrop.jpg,Lymphocyte,small,irregular,unsegmented-round,high,densely,no,clear,blue,nil,nil,no,LY_245917_ccrop.jpg,train
LY_246286_ccrop.jpg,Lymphocyte,small,round,unsegmented-indented,low,densely,no,frosted,blue,nil,nil,no,LY_246286_ccrop.jpg,train
LY_247228_ccrop.jpg,Lymphocyte,small,round,unsegmented-round,high,densely,no,frosted,blue,nil,nil,no,LY_247228_ccrop.jpg,train
LY_247915_ccrop.jpg,Lymphocyte,small,round,unsegmented-round,high,densely,no,clear,blue,nil,nil,no,LY_247915_ccrop.jpg,train
LY_249136_ccrop.jpg,Lymphocyte,small,irregular,unsegmented-round,high,densely,no,clear,purple blue,nil,nil,no,LY_249136_ccrop.jpg,train
LY_251597_ccrop.jpg,Lymphocyte,small,irregular,irregular,high,densely,no,clear,light blue,nil,nil,no,LY_251597_ccrop.jpg,train
LY_253379_ccrop.jpg,Lymphocyte,small,irregular,unsegmented-round,high,densely,no,clear,blue,nil,nil,no,LY_253379_ccrop.jpg,train
LY_25387_ccrop.jpg,Lymphocyte,small,round,unsegmented-round,low,densely,no,frosted,blue,nil,nil,no,LY_25387_ccrop.jpg,train
LY_254174_ccrop.jpg,Lymphocyte,small,round,unsegmented-round,high,densely,no,frosted,blue,nil,nil,no,LY_254174_ccrop.jpg,train
LY_254678_ccrop.jpg,Lymphocyte,small,round,unsegmented-round,low,densely,no,clear,light blue,nil,nil,no,LY_254678_ccrop.jpg,train
LY_257379_ccrop.jpg,Lymphocyte,small,irregular,unsegmented-round,high,densely,no,frosted,purple blue,nil,nil,no,LY_257379_ccrop.jpg,train
LY_258828_ccrop.jpg,Lymphocyte,small,irregular,unsegmented-round,high,densely,no,frosted,purple blue,nil,nil,no,LY_258828_ccrop.jpg,train
LY_259219_ccrop.jpg,Lymphocyte,small,irregular,unsegmented-round,high,densely,no,clear,blue,nil,nil,no,LY_259219_ccrop.jpg,train
LY_260801_ccrop.jpg,Lymphocyte,small,irregular,unsegmented-round,high,densely,no,clear,blue,nil,nil,no,LY_260801_ccrop.jpg,train
LY_262697_ccrop.jpg,Lymphocyte,small,irregular,unsegmented-round,high,densely,no,clear,blue,nil,nil,no,LY_262697_ccrop.jpg,train
LY_265119_ccrop.jpg,Lymphocyte,small,irregular,irregular,high,densely,no,frosted,blue,nil,nil,no,LY_265119_ccrop.jpg,train
LY_266282_ccrop.jpg,Lymphocyte,small,irregular,unsegmented-round,high,densely,no,clear,blue,nil,nil,no,LY_266282_ccrop.jpg,train
LY_266337_ccrop.jpg,Lymphocyte,small,round,unsegmented-round,high,densely,no,frosted,blue,nil,nil,no,LY_266337_ccrop.jpg,train
LY_267075_ccrop.jpg,Lymphocyte,small,irregular,unsegmented-round,high,densely,no,frosted,blue,nil,nil,no,LY_267075_ccrop.jpg,train
LY_267115_ccrop.jpg,Lymphocyte,small,round,unsegmented-round,high,densely,no,clear,blue,nil,nil,no,LY_267115_ccrop.jpg,train
LY_267543_ccrop.jpg,Lymphocyte,small,round,unsegmented-indented,high,densely,no,clear,purple blue,nil,nil,no,LY_267543_ccrop.jpg,train
LY_26778_ccrop.jpg,Lymphocyte,small,round,unsegmented-round,high,densely,no,frosted,blue,nil,nil,no,LY_26778_ccrop.jpg,train
LY_267946_ccrop.jpg,Lymphocyte,small,round,unsegmented-round,high,densely,no,frosted,blue,nil,nil,no,LY_267946_ccrop.jpg,train
LY_268736_ccrop.jpg,Lymphocyte,small,round,unsegmented-round,high,densely,no,frosted,purple blue,nil,nil,no,LY_268736_ccrop.jpg,train
LY_269543_ccrop.jpg,Lymphocyte,small,round,unsegmented-round,high,densely,no,clear,blue,nil,nil,no,LY_269543_ccrop.jpg,train
LY_271375_ccrop.jpg,Lymphocyte,small,round,unsegmented-round,high,densely,no,clear,blue,nil,nil,no,LY_271375_ccrop.jpg,train
LY_271938_ccrop.jpg,Lymphocyte,small,round,unsegmented-round,high,densely,no,frosted,purple blue,nil,nil,no,LY_271938_ccrop.jpg,train
LY_272801_ccrop.jpg,Lymphocyte,small,irregular,unsegmented-round,high,densely,no,frosted,purple blue,nil,nil,no,LY_272801_ccrop.jpg,train
LY_272907_ccrop.jpg,Lymphocyte,small,irregular,unsegmented-round,low,densely,no,frosted,blue,nil,nil,no,LY_272907_ccrop.jpg,train
LY_273921_ccrop.jpg,Lymphocyte,small,round,unsegmented-round,high,densely,no,frosted,purple blue,nil,nil,no,LY_273921_ccrop.jpg,train
LY_277772_ccrop.jpg,Lymphocyte,small,round,unsegmented-round,low,densely,no,frosted,purple blue,nil,nil,no,LY_277772_ccrop.jpg,train
LY_27994_ccrop.jpg,Lymphocyte,small,round,unsegmented-round,high,densely,no,clear,purple blue,nil,nil,no,LY_27994_ccrop.jpg,train
LY_282632_ccrop.jpg,Lymphocyte,small,round,unsegmented-round,high,densely,no,clear,blue,nil,nil,no,LY_282632_ccrop.jpg,train
LY_283524_ccrop.jpg,Lymphocyte,small,irregular,unsegmented-indented,high,densely,no,frosted,blue,nil,nil,no,LY_283524_ccrop.jpg,train
LY_283526_ccrop.jpg,Lymphocyte,small,round,unsegmented-indented,high,densely,no,frosted,purple blue,nil,nil,no,LY_283526_ccrop.jpg,train
LY_28473_ccrop.jpg,Lymphocyte,small,round,unsegmented-round,high,densely,no,frosted,blue,nil,nil,no,LY_28473_ccrop.jpg,train
LY_284797_ccrop.jpg,Lymphocyte,small,irregular,unsegmented-indented,high,densely,no,frosted,blue,nil,nil,no,LY_284797_ccrop.jpg,train
LY_285165_ccrop.jpg,Lymphocyte,small,round,unsegmented-round,high,densely,no,clear,light blue,nil,nil,no,LY_285165_ccrop.jpg,train
LY_285343_ccrop.jpg,Lymphocyte,small,round,unsegmented-round,high,densely,no,clear,blue,nil,nil,no,LY_285343_ccrop.jpg,train
LY_286569_ccrop.jpg,Lymphocyte,small,irregular,unsegmented-round,high,densely,no,clear,blue,nil,nil,no,LY_286569_ccrop.jpg,train
LY_286920_ccrop.jpg,Lymphocyte,small,round,unsegmented-round,high,densely,no,clear,blue,nil,nil,no,LY_286920_ccrop.jpg,train
LY_288132_ccrop.jpg,Lymphocyte,small,irregular,unsegmented-indented,high,densely,no,frosted,purple blue,nil,nil,no,LY_288132_ccrop.jpg,train
LY_288197_ccrop.jpg,Lymphocyte,small,round,unsegmented-indented,high,densely,no,frosted,purple blue,nil,nil,no,LY_288197_ccrop.jpg,train
LY_289164_ccrop.jpg,Lymphocyte,small,round,irregular,low,densely,no,frosted,purple blue,nil,nil,no,LY_289164_ccrop.jpg,train
LY_289402_ccrop.jpg,Lymphocyte,small,irregular,unsegmented-round,high,densely,no,frosted,purple blue,nil,nil,no,LY_289402_ccrop.jpg,train
LY_289852_ccrop.jpg,Lymphocyte,small,round,unsegmented-round,low,densely,no,clear,purple blue,nil,nil,no,LY_289852_ccrop.jpg,train
LY_291851_ccrop.jpg,Lymphocyte,small,irregular,unsegmented-round,high,densely,no,clear,blue,nil,nil,no,LY_291851_ccrop.jpg,train
LY_29236_ccrop.jpg,Lymphocyte,small,round,unsegmented-round,high,densely,no,clear,blue,nil,nil,no,LY_29236_ccrop.jpg,train
LY_294207_ccrop.jpg,Lymphocyte,small,irregular,unsegmented-round,high,densely,no,frosted,purple blue,nil,nil,no,LY_294207_ccrop.jpg,train
LY_294345_ccrop.jpg,Lymphocyte,small,round,unsegmented-round,high,densely,no,clear,blue,nil,nil,no,LY_294345_ccrop.jpg,train
LY_295331_ccrop.jpg,Lymphocyte,small,round,unsegmented-round,high,densely,no,clear,blue,nil,nil,no,LY_295331_ccrop.jpg,train
LY_297538_ccrop.jpg,Lymphocyte,small,irregular,unsegmented-round,high,densely,no,frosted,purple blue,nil,nil,no,LY_297538_ccrop.jpg,train
LY_297929_ccrop.jpg,Lymphocyte,small,round,unsegmented-indented,high,densely,no,frosted,blue,nil,nil,no,LY_297929_ccrop.jpg,train
LY_299709_ccrop.jpg,Lymphocyte,small,round,unsegmented-round,high,densely,no,frosted,blue,nil,nil,no,LY_299709_ccrop.jpg,train
LY_299780_ccrop.jpg,Lymphocyte,small,round,unsegmented-round,high,densely,no,clear,blue,nil,nil,no,LY_299780_ccrop.jpg,train
LY_300487_ccrop.jpg,Lymphocyte,small,irregular,unsegmented-round,high,densely,no,clear,blue,nil,nil,no,LY_300487_ccrop.jpg,train
LY_301320_ccrop.jpg,Lymphocyte,small,round,unsegmented-round,high,densely,no,frosted,blue,nil,nil,no,LY_301320_ccrop.jpg,train
LY_301915_ccrop.jpg,Lymphocyte,small,round,unsegmented-round,high,densely,no,frosted,blue,nil,nil,no,LY_301915_ccrop.jpg,train
LY_303897_ccrop.jpg,Lymphocyte,small,round,unsegmented-round,low,densely,no,frosted,blue,nil,nil,no,LY_303897_ccrop.jpg,train
LY_304716_ccrop.jpg,Lymphocyte,small,round,unsegmented-round,high,densely,no,frosted,blue,nil,nil,no,LY_304716_ccrop.jpg,train
LY_305468_ccrop.jpg,Lymphocyte,small,round,unsegmented-round,high,densely,no,clear,blue,nil,nil,no,LY_305468_ccrop.jpg,train
LY_310222_ccrop.jpg,Lymphocyte,small,round,unsegmented-round,high,densely,no,frosted,purple blue,nil,nil,no,LY_310222_ccrop.jpg,train
LY_310881_ccrop.jpg,Lymphocyte,small,round,unsegmented-round,low,densely,no,frosted,blue,nil,nil,no,LY_310881_ccrop.jpg,train
LY_311593_ccrop.jpg,Lymphocyte,small,round,unsegmented-indented,high,densely,no,clear,blue,nil,nil,no,LY_311593_ccrop.jpg,train
LY_313032_ccrop.jpg,Lymphocyte,small,round,unsegmented-indented,high,densely,no,clear,purple blue,nil,nil,no,LY_313032_ccrop.jpg,train
LY_314069_ccrop.jpg,Lymphocyte,small,round,unsegmented-round,high,densely,no,frosted,purple blue,nil,nil,no,LY_314069_ccrop.jpg,train
LY_314311_ccrop.jpg,Lymphocyte,small,irregular,unsegmented-round,high,densely,no,clear,blue,nil,nil,no,LY_314311_ccrop.jpg,train
LY_314460_ccrop.jpg,Lymphocyte,small,irregular,unsegmented-indented,high,densely,no,frosted,purple blue,nil,nil,no,LY_314460_ccrop.jpg,train
LY_314798_ccrop.jpg,Lymphocyte,small,round,unsegmented-round,high,densely,no,clear,blue,nil,nil,no,LY_314798_ccrop.jpg,train
LY_316610_ccrop.jpg,Lymphocyte,small,round,unsegmented-indented,high,densely,no,frosted,blue,nil,nil,no,LY_316610_ccrop.jpg,train
LY_316754_ccrop.jpg,Lymphocyte,small,irregular,unsegmented-round,high,densely,no,frosted,purple blue,nil,nil,no,LY_316754_ccrop.jpg,train
LY_319013_ccrop.jpg,Lymphocyte,small,irregular,unsegmented-round,high,densely,no,frosted,blue,nil,nil,no,LY_319013_ccrop.jpg,train
LY_323391_ccrop.jpg,Lymphocyte,small,irregular,unsegmented-round,high,densely,no,clear,blue,nil,nil,no,LY_323391_ccrop.jpg,train
LY_32573_ccrop.jpg,Lymphocyte,small,round,unsegmented-round,high,densely,no,frosted,blue,nil,nil,no,LY_32573_ccrop.jpg,train
LY_327678_ccrop.jpg,Lymphocyte,small,irregular,unsegmented-round,high,densely,no,clear,blue,nil,nil,no,LY_327678_ccrop.jpg,train
LY_327976_ccrop.jpg,Lymphocyte,small,round,unsegmented-indented,high,densely,no,frosted,blue,nil,nil,no,LY_327976_ccrop.jpg,train
LY_32865_ccrop.jpg,Lymphocyte,small,round,unsegmented-round,high,densely,no,clear,blue,nil,nil,no,LY_32865_ccrop.jpg,train
LY_32985_ccrop.jpg,Lymphocyte,small,round,unsegmented-round,high,densely,no,frosted,purple blue,nil,nil,no,LY_32985_ccrop.jpg,train
LY_329937_ccrop.jpg,Lymphocyte,small,irregular,unsegmented-round,high,densely,no,clear,blue,nil,nil,no,LY_329937_ccrop.jpg,train
LY_330674_ccrop.jpg,Lymphocyte,small,round,unsegmented-indented,high,densely,no,frosted,purple blue,nil,nil,no,LY_330674_ccrop.jpg,train
LY_33094_ccrop.jpg,Lymphocyte,small,irregular,unsegmented-round,high,densely,no,frosted,light blue,nil,nil,no,LY_33094_ccrop.jpg,train
LY_331610_ccrop.jpg,Lymphocyte,small,round,unsegmented-round,low,densely,no,frosted,purple blue,nil,nil,no,LY_331610_ccrop.jpg,train
LY_334677_ccrop.jpg,Lymphocyte,small,round,unsegmented-round,high,densely,no,frosted,blue,nil,nil,no,LY_334677_ccrop.jpg,train
LY_335429_ccrop.jpg,Lymphocyte,small,round,unsegmented-round,high,densely,no,clear,purple blue,nil,nil,no,LY_335429_ccrop.jpg,train
LY_338197_ccrop.jpg,Lymphocyte,small,irregular,irregular,high,densely,no,frosted,purple blue,nil,nil,no,LY_338197_ccrop.jpg,train
LY_342034_ccrop.jpg,Lymphocyte,small,irregular,irregular,high,densely,no,frosted,blue,nil,nil,no,LY_342034_ccrop.jpg,train
LY_342545_ccrop.jpg,Lymphocyte,small,round,unsegmented-indented,high,loosely,no,frosted,blue,nil,nil,no,LY_342545_ccrop.jpg,train
LY_343316_ccrop.jpg,Lymphocyte,small,round,unsegmented-round,high,densely,no,clear,blue,nil,nil,no,LY_343316_ccrop.jpg,train
LY_343524_ccrop.jpg,Lymphocyte,small,irregular,unsegmented-round,high,densely,no,frosted,purple blue,nil,nil,no,LY_343524_ccrop.jpg,train
LY_344050_ccrop.jpg,Lymphocyte,small,round,unsegmented-round,high,densely,no,frosted,blue,nil,nil,no,LY_344050_ccrop.jpg,train
LY_345885_ccrop.jpg,Lymphocyte,small,round,unsegmented-round,high,densely,no,frosted,blue,nil,nil,no,LY_345885_ccrop.jpg,train
LY_345919_ccrop.jpg,Lymphocyte,small,round,unsegmented-indented,high,densely,no,frosted,purple blue,nil,nil,no,LY_345919_ccrop.jpg,train
LY_346776_ccrop.jpg,Lymphocyte,small,irregular,unsegmented-round,high,densely,no,clear,blue,nil,nil,no,LY_346776_ccrop.jpg,train
LY_349557_ccrop.jpg,Lymphocyte,small,round,unsegmented-round,high,densely,no,frosted,purple blue,nil,nil,no,LY_349557_ccrop.jpg,train
LY_350545_ccrop.jpg,Lymphocyte,small,round,unsegmented-round,high,densely,no,frosted,blue,nil,nil,no,LY_350545_ccrop.jpg,train
LY_3530_ccrop.jpg,Lymphocyte,small,irregular,unsegmented-round,high,densely,no,frosted,purple blue,nil,nil,no,LY_3530_ccrop.jpg,train
LY_35419_ccrop.jpg,Lymphocyte,small,irregular,unsegmented-round,high,densely,no,clear,blue,nil,nil,no,LY_35419_ccrop.jpg,train
LY_354805_ccrop.jpg,Lymphocyte,small,round,unsegmented-round,high,densely,no,clear,purple blue,nil,nil,no,LY_354805_ccrop.jpg,train
LY_355473_ccrop.jpg,Lymphocyte,small,round,unsegmented-round,high,densely,no,frosted,blue,nil,nil,no,LY_355473_ccrop.jpg,train
LY_35661_ccrop.jpg,Lymphocyte,small,round,unsegmented-indented,high,densely,no,clear,blue,nil,nil,no,LY_35661_ccrop.jpg,train
LY_358166_ccrop.jpg,Lymphocyte,small,round,unsegmented-round,high,densely,no,clear,purple blue,nil,nil,no,LY_358166_ccrop.jpg,train
LY_358883_ccrop.jpg,Lymphocyte,small,round,unsegmented-round,low,densely,no,frosted,purple blue,nil,nil,no,LY_358883_ccrop.jpg,train
LY_359239_ccrop.jpg,Lymphocyte,small,irregular,unsegmented-round,high,densely,no,clear,blue,nil,nil,no,LY_359239_ccrop.jpg,train
LY_360293_ccrop.jpg,Lymphocyte,small,round,unsegmented-indented,low,densely,no,frosted,purple blue,nil,nil,no,LY_360293_ccrop.jpg,train
LY_360969_ccrop.jpg,Lymphocyte,small,round,unsegmented-round,high,densely,no,frosted,purple blue,nil,nil,no,LY_360969_ccrop.jpg,train
LY_363064_ccrop.jpg,Lymphocyte,small,round,unsegmented-indented,high,densely,no,frosted,purple blue,nil,nil,no,LY_363064_ccrop.jpg,train
LY_364702_ccrop.jpg,Lymphocyte,small,round,unsegmented-round,high,densely,no,frosted,blue,nil,nil,no,LY_364702_ccrop.jpg,train
LY_365740_ccrop.jpg,Lymphocyte,small,irregular,unsegmented-indented,high,densely,no,clear,purple blue,nil,nil,no,LY_365740_ccrop.jpg,train
LY_368040_ccrop.jpg,Lymphocyte,small,irregular,unsegmented-round,high,densely,no,frosted,blue,nil,nil,no,LY_368040_ccrop.jpg,train
LY_368893_ccrop.jpg,Lymphocyte,small,round,unsegmented-round,high,densely,no,clear,purple blue,nil,nil,no,LY_368893_ccrop.jpg,train
LY_369191_ccrop.jpg,Lymphocyte,small,irregular,unsegmented-indented,high,densely,no,frosted,blue,nil,nil,no,LY_369191_ccrop.jpg,train
LY_370728_ccrop.jpg,Lymphocyte,small,round,unsegmented-indented,high,densely,no,frosted,blue,nil,nil,no,LY_370728_ccrop.jpg,train
LY_371995_ccrop.jpg,Lymphocyte,small,round,unsegmented-round,high,densely,no,frosted,purple blue,nil,nil,no,LY_371995_ccrop.jpg,train
LY_372155_ccrop.jpg,Lymphocyte,small,round,unsegmented-indented,high,densely,no,frosted,blue,nil,nil,no,LY_372155_ccrop.jpg,train
LY_372460_ccrop.jpg,Lymphocyte,small,round,unsegmented-round,low,densely,no,frosted,light blue,nil,nil,no,LY_372460_ccrop.jpg,train
LY_373035_ccrop.jpg,Lymphocyte,small,round,unsegmented-round,high,densely,no,frosted,purple blue,nil,nil,no,LY_373035_ccrop.jpg,train
LY_373896_ccrop.jpg,Lymphocyte,small,round,unsegmented-round,high,densely,no,clear,blue,nil,nil,no,LY_373896_ccrop.jpg,train
LY_373928_ccrop.jpg,Lymphocyte,small,round,unsegmented-round,high,densely,no,clear,blue,nil,nil,no,LY_373928_ccrop.jpg,train
LY_374713_ccrop.jpg,Lymphocyte,small,irregular,unsegmented-round,high,densely,no,clear,blue,nil,nil,no,LY_374713_ccrop.jpg,train
LY_376059_ccrop.jpg,Lymphocyte,small,irregular,unsegmented-round,high,densely,no,frosted,blue,nil,nil,no,LY_376059_ccrop.jpg,train
LY_377102_ccrop.jpg,Lymphocyte,small,round,unsegmented-indented,high,densely,no,frosted,blue,nil,nil,no,LY_377102_ccrop.jpg,train
LY_377726_ccrop.jpg,Lymphocyte,small,irregular,unsegmented-round,high,densely,no,clear,purple blue,nil,nil,no,LY_377726_ccrop.jpg,train
LY_381928_ccrop.jpg,Lymphocyte,small,round,unsegmented-indented,high,densely,no,frosted,purple blue,nil,nil,no,LY_381928_ccrop.jpg,train
LY_382149_ccrop.jpg,Lymphocyte,small,irregular,unsegmented-round,high,densely,no,frosted,purple blue,nil,nil,no,LY_382149_ccrop.jpg,train
LY_384608_ccrop.jpg,Lymphocyte,small,round,unsegmented-round,high,densely,no,frosted,blue,nil,nil,no,LY_384608_ccrop.jpg,train
LY_38503_ccrop.jpg,Lymphocyte,small,round,unsegmented-indented,high,densely,no,frosted,purple blue,nil,nil,no,LY_38503_ccrop.jpg,train
LY_38716_ccrop.jpg,Lymphocyte,small,irregular,unsegmented-round,low,densely,no,frosted,purple blue,nil,nil,no,LY_38716_ccrop.jpg,train
LY_387243_ccrop.jpg,Lymphocyte,small,irregular,unsegmented-indented,high,densely,no,frosted,blue,nil,nil,no,LY_387243_ccrop.jpg,train
LY_389583_ccrop.jpg,Lymphocyte,small,round,unsegmented-round,high,densely,no,frosted,purple blue,nil,nil,no,LY_389583_ccrop.jpg,train
LY_390727_ccrop.jpg,Lymphocyte,small,irregular,unsegmented-round,high,densely,no,frosted,blue,nil,nil,no,LY_390727_ccrop.jpg,train
LY_392666_ccrop.jpg,Lymphocyte,small,round,unsegmented-indented,high,densely,no,clear,blue,nil,nil,no,LY_392666_ccrop.jpg,train
LY_393379_ccrop.jpg,Lymphocyte,small,round,irregular,high,densely,no,clear,purple blue,nil,nil,no,LY_393379_ccrop.jpg,train
LY_396205_ccrop.jpg,Lymphocyte,small,round,unsegmented-round,high,densely,no,frosted,blue,nil,nil,no,LY_396205_ccrop.jpg,train
LY_396797_ccrop.jpg,Lymphocyte,small,irregular,unsegmented-indented,high,densely,no,frosted,purple blue,nil,nil,no,LY_396797_ccrop.jpg,train
LY_397086_ccrop.jpg,Lymphocyte,small,round,unsegmented-round,high,densely,no,clear,blue,nil,nil,no,LY_397086_ccrop.jpg,train
LY_397238_ccrop.jpg,Lymphocyte,small,round,unsegmented-round,high,densely,no,frosted,blue,nil,nil,no,LY_397238_ccrop.jpg,train
LY_399314_ccrop.jpg,Lymphocyte,small,round,unsegmented-indented,high,densely,no,clear,blue,nil,nil,no,LY_399314_ccrop.jpg,train
LY_399400_ccrop.jpg,Lymphocyte,small,irregular,unsegmented-indented,low,densely,no,frosted,purple blue,nil,nil,no,LY_399400_ccrop.jpg,train
LY_400974_ccrop.jpg,Lymphocyte,small,round,unsegmented-round,high,densely,no,frosted,blue,nil,nil,no,LY_400974_ccrop.jpg,train
LY_40134_ccrop.jpg,Lymphocyte,small,round,unsegmented-round,high,densely,no,clear,purple blue,nil,nil,no,LY_40134_ccrop.jpg,train
LY_404119_ccrop.jpg,Lymphocyte,small,round,unsegmented-round,high,densely,no,clear,blue,nil,nil,no,LY_404119_ccrop.jpg,train
LY_404823_ccrop.jpg,Lymphocyte,small,round,unsegmented-round,high,densely,no,clear,blue,nil,nil,no,LY_404823_ccrop.jpg,train
LY_407257_ccrop.jpg,Lymphocyte,small,round,unsegmented-round,high,densely,no,frosted,purple blue,nil,nil,no,LY_407257_ccrop.jpg,train
LY_408701_ccrop.jpg,Lymphocyte,small,round,unsegmented-round,high,loosely,no,frosted,blue,nil,nil,no,LY_408701_ccrop.jpg,train
LY_409407_ccrop.jpg,Lymphocyte,small,round,unsegmented-round,high,densely,no,frosted,blue,nil,nil,no,LY_409407_ccrop.jpg,train
LY_411308_ccrop.jpg,Lymphocyte,small,round,unsegmented-round,high,densely,no,clear,blue,nil,nil,no,LY_411308_ccrop.jpg,train
LY_411816_ccrop.jpg,Lymphocyte,small,round,unsegmented-round,high,densely,no,clear,blue,nil,nil,no,LY_411816_ccrop.jpg,train
LY_412460_ccrop.jpg,Lymphocyte,small,irregular,unsegmented-round,high,densely,no,frosted,purple blue,nil,nil,no,LY_412460_ccrop.jpg,train
LY_414639_ccrop.jpg,Lymphocyte,small,round,unsegmented-round,high,densely,no,frosted,purple blue,nil,nil,no,LY_414639_ccrop.jpg,train
LY_415263_ccrop.jpg,Lymphocyte,small,irregular,unsegmented-round,high,densely,no,clear,blue,nil,nil,no,LY_415263_ccrop.jpg,train
LY_416532_ccrop.jpg,Lymphocyte,small,round,unsegmented-round,low,densely,no,frosted,purple blue,nil,nil,no,LY_416532_ccrop.jpg,train
LY_418108_ccrop.jpg,Lymphocyte,small,irregular,unsegmented-round,high,densely,no,frosted,purple blue,nil,nil,no,LY_418108_ccrop.jpg,train
LY_418188_ccrop.jpg,Lymphocyte,small,round,unsegmented-round,high,densely,no,frosted,purple blue,nil,nil,no,LY_418188_ccrop.jpg,train
LY_418697_ccrop.jpg,Lymphocyte,small,round,unsegmented-round,high,densely,no,frosted,blue,nil,nil,no,LY_418697_ccrop.jpg,train
LY_418919_ccrop.jpg,Lymphocyte,small,irregular,unsegmented-round,high,densely,no,frosted,purple blue,nil,nil,no,LY_418919_ccrop.jpg,train
LY_419777_ccrop.jpg,Lymphocyte,small,round,unsegmented-round,high,densely,no,clear,blue,nil,nil,no,LY_419777_ccrop.jpg,train
LY_420083_ccrop.jpg,Lymphocyte,small,irregular,unsegmented-indented,high,densely,no,frosted,purple blue,nil,nil,no,LY_420083_ccrop.jpg,train
LY_420170_ccrop.jpg,Lymphocyte,small,round,unsegmented-round,high,densely,no,clear,blue,nil,nil,no,LY_420170_ccrop.jpg,train
LY_422051_ccrop.jpg,Lymphocyte,small,irregular,unsegmented-indented,high,densely,no,frosted,purple blue,nil,nil,no,LY_422051_ccrop.jpg,train
LY_422181_ccrop.jpg,Lymphocyte,small,irregular,irregular,high,densely,no,frosted,purple blue,nil,nil,no,LY_422181_ccrop.jpg,train
LY_42352_ccrop.jpg,Lymphocyte,small,round,unsegmented-round,high,densely,no,frosted,blue,nil,nil,no,LY_42352_ccrop.jpg,train
LY_424808_ccrop.jpg,Lymphocyte,small,round,unsegmented-round,high,densely,no,frosted,blue,nil,nil,no,LY_424808_ccrop.jpg,train
LY_426695_ccrop.jpg,Lymphocyte,big,round,unsegmented-round,low,densely,no,clear,purple blue,nil,nil,no,LY_426695_ccrop.jpg,train
LY_432777_ccrop.jpg,Lymphocyte,small,irregular,unsegmented-round,high,densely,no,frosted,blue,nil,nil,no,LY_432777_ccrop.jpg,train
LY_433828_ccrop.jpg,Lymphocyte,small,irregular,unsegmented-round,high,densely,no,clear,blue,nil,nil,no,LY_433828_ccrop.jpg,train
LY_434773_ccrop.jpg,Lymphocyte,small,irregular,unsegmented-indented,high,densely,no,frosted,blue,nil,nil,no,LY_434773_ccrop.jpg,train
LY_43551_ccrop.jpg,Lymphocyte,small,irregular,unsegmented-round,high,densely,no,frosted,purple blue,nil,nil,no,LY_43551_ccrop.jpg,train
LY_435799_ccrop.jpg,Lymphocyte,small,round,unsegmented-round,high,densely,no,clear,purple blue,nil,nil,no,LY_435799_ccrop.jpg,train
LY_436028_ccrop.jpg,Lymphocyte,small,round,unsegmented-indented,low,densely,no,frosted,purple blue,nil,nil,no,LY_436028_ccrop.jpg,train
LY_437182_ccrop.jpg,Lymphocyte,small,round,unsegmented-round,high,densely,no,frosted,blue,nil,nil,no,LY_437182_ccrop.jpg,train
LY_441727_ccrop.jpg,Lymphocyte,small,irregular,unsegmented-round,high,densely,no,clear,blue,nil,nil,no,LY_441727_ccrop.jpg,train
LY_442263_ccrop.jpg,Lymphocyte,small,round,unsegmented-round,high,densely,no,frosted,purple blue,nil,nil,no,LY_442263_ccrop.jpg,train
LY_442318_ccrop.jpg,Lymphocyte,small,irregular,unsegmented-round,high,densely,no,frosted,purple blue,nil,nil,no,LY_442318_ccrop.jpg,train
LY_445892_ccrop.jpg,Lymphocyte,small,round,unsegmented-round,high,densely,no,clear,blue,nil,nil,no,LY_445892_ccrop.jpg,train
LY_446643_ccrop.jpg,Lymphocyte,small,irregular,unsegmented-round,high,densely,no,frosted,blue,nil,nil,no,LY_446643_ccrop.jpg,train
LY_446951_ccrop.jpg,Lymphocyte,small,round,unsegmented-round,high,densely,no,frosted,blue,nil,nil,no,LY_446951_ccrop.jpg,train
LY_449981_ccrop.jpg,Lymphocyte,small,round,unsegmented-round,high,densely,no,frosted,purple blue,nil,nil,no,LY_449981_ccrop.jpg,train
LY_452127_ccrop.jpg,Lymphocyte,small,round,unsegmented-round,high,densely,no,frosted,blue,nil,nil,no,LY_452127_ccrop.jpg,train
LY_452316_ccrop.jpg,Lymphocyte,small,round,unsegmented-round,high,densely,no,frosted,blue,nil,nil,no,LY_452316_ccrop.jpg,train
LY_453245_ccrop.jpg,Lymphocyte,small,round,unsegmented-round,high,densely,no,frosted,purple blue,nil,nil,no,LY_453245_ccrop.jpg,train
LY_456457_ccrop.jpg,Lymphocyte,small,round,unsegmented-indented,high,densely,no,clear,blue,nil,nil,no,LY_456457_ccrop.jpg,train
LY_462086_ccrop.jpg,Lymphocyte,small,round,unsegmented-round,high,densely,no,clear,purple blue,nil,nil,no,LY_462086_ccrop.jpg,train
LY_467984_ccrop.jpg,Lymphocyte,small,round,unsegmented-round,high,densely,no,frosted,blue,nil,nil,no,LY_467984_ccrop.jpg,train
LY_468574_ccrop.jpg,Lymphocyte,small,round,unsegmented-round,high,densely,no,frosted,purple blue,nil,nil,no,LY_468574_ccrop.jpg,train
LY_468617_ccrop.jpg,Lymphocyte,small,round,unsegmented-round,high,densely,no,frosted,blue,nil,nil,no,LY_468617_ccrop.jpg,train
LY_471743_ccrop.jpg,Lymphocyte,small,round,unsegmented-round,high,densely,no,frosted,blue,nil,nil,no,LY_471743_ccrop.jpg,train
LY_476486_ccrop.jpg,Lymphocyte,small,round,unsegmented-round,high,densely,no,clear,blue,nil,nil,no,LY_476486_ccrop.jpg,train
LY_476808_ccrop.jpg,Lymphocyte,small,irregular,unsegmented-round,high,densely,no,frosted,blue,nil,nil,no,LY_476808_ccrop.jpg,train
LY_476874_ccrop.jpg,Lymphocyte,small,round,unsegmented-round,high,densely,no,clear,blue,nil,nil,no,LY_476874_ccrop.jpg,train
LY_478787_ccrop.jpg,Lymphocyte,small,round,unsegmented-round,high,densely,no,frosted,purple blue,nil,nil,no,LY_478787_ccrop.jpg,train
LY_478980_ccrop.jpg,Lymphocyte,small,irregular,unsegmented-round,high,densely,no,clear,blue,nil,nil,no,LY_478980_ccrop.jpg,train
LY_479756_ccrop.jpg,Lymphocyte,small,irregular,unsegmented-round,high,loosely,no,frosted,purple blue,nil,nil,no,LY_479756_ccrop.jpg,train
LY_482031_ccrop.jpg,Lymphocyte,small,round,unsegmented-round,high,densely,no,clear,blue,nil,nil,no,LY_482031_ccrop.jpg,train
LY_482905_ccrop.jpg,Lymphocyte,small,round,unsegmented-indented,high,densely,no,frosted,blue,nil,nil,no,LY_482905_ccrop.jpg,train
LY_483585_ccrop.jpg,Lymphocyte,small,irregular,unsegmented-round,low,densely,no,frosted,purple blue,nil,nil,no,LY_483585_ccrop.jpg,train
LY_483856_ccrop.jpg,Lymphocyte,small,irregular,unsegmented-round,high,densely,no,frosted,blue,nil,nil,no,LY_483856_ccrop.jpg,train
LY_483984_ccrop.jpg,Lymphocyte,small,irregular,unsegmented-round,high,densely,no,frosted,blue,nil,nil,no,LY_483984_ccrop.jpg,train
LY_485238_ccrop.jpg,Lymphocyte,small,round,unsegmented-round,high,densely,no,frosted,blue,nil,nil,no,LY_485238_ccrop.jpg,train
LY_485381_ccrop.jpg,Lymphocyte,small,round,unsegmented-indented,high,densely,no,frosted,blue,nil,nil,no,LY_485381_ccrop.jpg,train
LY_486255_ccrop.jpg,Lymphocyte,small,round,unsegmented-indented,high,densely,no,frosted,blue,nil,nil,no,LY_486255_ccrop.jpg,train
LY_486418_ccrop.jpg,Lymphocyte,small,round,unsegmented-round,high,densely,no,clear,purple blue,nil,nil,no,LY_486418_ccrop.jpg,train
LY_488343_ccrop.jpg,Lymphocyte,small,round,unsegmented-round,high,densely,no,clear,purple blue,nil,nil,no,LY_488343_ccrop.jpg,train
LY_489582_ccrop.jpg,Lymphocyte,small,irregular,unsegmented-round,high,densely,no,clear,blue,nil,nil,no,LY_489582_ccrop.jpg,train
LY_490073_ccrop.jpg,Lymphocyte,small,round,unsegmented-round,high,densely,no,frosted,purple blue,nil,nil,no,LY_490073_ccrop.jpg,train
LY_490610_ccrop.jpg,Lymphocyte,small,round,unsegmented-round,high,densely,no,clear,blue,nil,nil,no,LY_490610_ccrop.jpg,train
LY_492956_ccrop.jpg,Lymphocyte,small,round,unsegmented-indented,high,densely,no,frosted,blue,nil,nil,no,LY_492956_ccrop.jpg,train
LY_493016_ccrop.jpg,Lymphocyte,small,irregular,unsegmented-round,high,densely,no,frosted,blue,nil,nil,no,LY_493016_ccrop.jpg,train
LY_497395_ccrop.jpg,Lymphocyte,small,irregular,unsegmented-indented,high,densely,no,frosted,blue,nil,nil,no,LY_497395_ccrop.jpg,train
LY_500880_ccrop.jpg,Lymphocyte,small,irregular,unsegmented-round,high,densely,no,clear,blue,nil,nil,no,LY_500880_ccrop.jpg,train
LY_503175_ccrop.jpg,Lymphocyte,small,round,unsegmented-indented,low,densely,no,frosted,purple blue,nil,nil,no,LY_503175_ccrop.jpg,train
LY_503715_ccrop.jpg,Lymphocyte,small,irregular,unsegmented-indented,high,densely,no,frosted,blue,nil,nil,no,LY_503715_ccrop.jpg,train
LY_506225_ccrop.jpg,Lymphocyte,small,irregular,unsegmented-indented,high,densely,no,frosted,purple blue,nil,nil,no,LY_506225_ccrop.jpg,train
LY_506441_ccrop.jpg,Lymphocyte,small,round,unsegmented-round,high,densely,no,frosted,blue,nil,nil,no,LY_506441_ccrop.jpg,train
LY_506533_ccrop.jpg,Lymphocyte,small,round,unsegmented-round,high,densely,no,frosted,blue,nil,nil,no,LY_506533_ccrop.jpg,train
LY_507266_ccrop.jpg,Lymphocyte,small,round,unsegmented-round,high,densely,no,clear,purple blue,nil,nil,no,LY_507266_ccrop.jpg,train
LY_511879_ccrop.jpg,Lymphocyte,small,irregular,unsegmented-round,high,densely,no,clear,blue,nil,nil,no,LY_511879_ccrop.jpg,train
LY_512098_ccrop.jpg,Lymphocyte,small,irregular,unsegmented-round,high,densely,no,clear,purple blue,nil,nil,no,LY_512098_ccrop.jpg,train
LY_514170_ccrop.jpg,Lymphocyte,small,irregular,irregular,high,densely,no,frosted,blue,nil,nil,no,LY_514170_ccrop.jpg,train
LY_514232_ccrop.jpg,Lymphocyte,small,round,unsegmented-round,high,densely,no,frosted,blue,nil,nil,no,LY_514232_ccrop.jpg,train
LY_515035_ccrop.jpg,Lymphocyte,small,round,unsegmented-round,high,densely,no,frosted,purple blue,nil,nil,no,LY_515035_ccrop.jpg,train
LY_515199_ccrop.jpg,Lymphocyte,small,round,unsegmented-round,high,densely,no,frosted,purple blue,nil,nil,no,LY_515199_ccrop.jpg,train
LY_516086_ccrop.jpg,Lymphocyte,small,irregular,irregular,low,loosely,no,clear,light blue,nil,nil,no,LY_516086_ccrop.jpg,train
LY_517573_ccrop.jpg,Lymphocyte,small,round,unsegmented-round,high,densely,no,frosted,purple blue,nil,nil,no,LY_517573_ccrop.jpg,train
LY_518572_ccrop.jpg,Lymphocyte,small,round,unsegmented-round,high,densely,no,frosted,blue,nil,nil,no,LY_518572_ccrop.jpg,train
LY_519247_ccrop.jpg,Lymphocyte,small,round,unsegmented-round,high,densely,no,clear,blue,nil,nil,no,LY_519247_ccrop.jpg,train
LY_520157_ccrop.jpg,Lymphocyte,small,round,unsegmented-round,high,densely,no,frosted,purple blue,nil,nil,no,LY_520157_ccrop.jpg,train
LY_524303_ccrop.jpg,Lymphocyte,small,round,unsegmented-round,high,densely,no,frosted,purple blue,nil,nil,no,LY_524303_ccrop.jpg,train
LY_524425_ccrop.jpg,Lymphocyte,small,irregular,unsegmented-round,high,densely,no,frosted,blue,nil,nil,no,LY_524425_ccrop.jpg,train
LY_524589_ccrop.jpg,Lymphocyte,small,irregular,unsegmented-round,high,loosely,no,frosted,blue,nil,nil,no,LY_524589_ccrop.jpg,train
LY_526267_ccrop.jpg,Lymphocyte,small,round,unsegmented-indented,high,densely,no,frosted,blue,nil,nil,no,LY_526267_ccrop.jpg,train
LY_527440_ccrop.jpg,Lymphocyte,small,round,unsegmented-round,high,densely,no,frosted,purple blue,nil,nil,no,LY_527440_ccrop.jpg,train
LY_528060_ccrop.jpg,Lymphocyte,small,irregular,unsegmented-round,high,densely,no,frosted,purple blue,nil,nil,no,LY_528060_ccrop.jpg,train
LY_528196_ccrop.jpg,Lymphocyte,small,round,unsegmented-round,high,densely,no,frosted,blue,nil,nil,no,LY_528196_ccrop.jpg,train
LY_528641_ccrop.jpg,Lymphocyte,small,irregular,unsegmented-indented,high,densely,no,frosted,purple blue,nil,nil,no,LY_528641_ccrop.jpg,train
LY_530877_ccrop.jpg,Lymphocyte,small,irregular,unsegmented-round,high,densely,no,frosted,blue,nil,nil,no,LY_530877_ccrop.jpg,train
LY_532750_ccrop.jpg,Lymphocyte,small,irregular,unsegmented-round,high,densely,no,frosted,purple blue,nil,nil,no,LY_532750_ccrop.jpg,train
LY_533974_ccrop.jpg,Lymphocyte,small,round,unsegmented-indented,high,densely,no,frosted,purple blue,nil,nil,no,LY_533974_ccrop.jpg,train
LY_534632_ccrop.jpg,Lymphocyte,small,round,unsegmented-round,high,densely,no,frosted,purple blue,nil,nil,no,LY_534632_ccrop.jpg,train
LY_538542_ccrop.jpg,Lymphocyte,small,round,unsegmented-round,high,densely,no,frosted,blue,nil,nil,no,LY_538542_ccrop.jpg,train
LY_538573_ccrop.jpg,Lymphocyte,small,round,unsegmented-round,high,densely,no,clear,blue,nil,nil,no,LY_538573_ccrop.jpg,train
LY_539406_ccrop.jpg,Lymphocyte,small,round,unsegmented-round,high,densely,no,frosted,blue,nil,nil,no,LY_539406_ccrop.jpg,train
LY_540241_ccrop.jpg,Lymphocyte,small,round,unsegmented-round,high,densely,no,clear,blue,nil,nil,no,LY_540241_ccrop.jpg,train
LY_541663_ccrop.jpg,Lymphocyte,small,round,unsegmented-round,high,densely,no,frosted,blue,nil,nil,no,LY_541663_ccrop.jpg,train
LY_544639_ccrop.jpg,Lymphocyte,small,round,unsegmented-round,high,densely,no,clear,blue,nil,nil,no,LY_544639_ccrop.jpg,train
LY_545090_ccrop.jpg,Lymphocyte,small,round,unsegmented-indented,high,densely,no,frosted,purple blue,nil,nil,no,LY_545090_ccrop.jpg,train
LY_547808_ccrop.jpg,Lymphocyte,small,irregular,unsegmented-round,low,densely,no,frosted,purple blue,nil,nil,no,LY_547808_ccrop.jpg,train
LY_548338_ccrop.jpg,Lymphocyte,small,irregular,irregular,high,densely,no,frosted,purple blue,nil,nil,no,LY_548338_ccrop.jpg,train
LY_548542_ccrop.jpg,Lymphocyte,small,round,unsegmented-round,low,densely,no,frosted,purple blue,nil,nil,no,LY_548542_ccrop.jpg,train
LY_549209_ccrop.jpg,Lymphocyte,small,round,unsegmented-indented,high,densely,no,frosted,blue,nil,nil,no,LY_549209_ccrop.jpg,train
LY_551920_ccrop.jpg,Lymphocyte,small,irregular,unsegmented-round,high,densely,no,frosted,blue,nil,nil,no,LY_551920_ccrop.jpg,train
LY_553290_ccrop.jpg,Lymphocyte,small,round,unsegmented-round,high,densely,no,clear,blue,nil,nil,no,LY_553290_ccrop.jpg,train
LY_553581_ccrop.jpg,Lymphocyte,small,round,unsegmented-round,high,densely,no,frosted,purple blue,nil,nil,no,LY_553581_ccrop.jpg,train
LY_554041_ccrop.jpg,Lymphocyte,small,round,unsegmented-round,high,densely,no,frosted,light blue,nil,nil,no,LY_554041_ccrop.jpg,train
LY_554364_ccrop.jpg,Lymphocyte,small,irregular,unsegmented-round,low,densely,no,frosted,blue,nil,nil,no,LY_554364_ccrop.jpg,train
LY_554492_ccrop.jpg,Lymphocyte,small,round,unsegmented-round,high,densely,no,frosted,purple blue,nil,nil,no,LY_554492_ccrop.jpg,train
LY_554979_ccrop.jpg,Lymphocyte,small,irregular,unsegmented-round,high,densely,no,frosted,blue,nil,nil,no,LY_554979_ccrop.jpg,train
LY_555347_ccrop.jpg,Lymphocyte,small,round,unsegmented-round,high,densely,no,frosted,purple blue,nil,nil,no,LY_555347_ccrop.jpg,train
LY_557882_ccrop.jpg,Lymphocyte,small,round,unsegmented-round,high,densely,no,frosted,purple blue,nil,nil,no,LY_557882_ccrop.jpg,train
LY_558615_ccrop.jpg,Lymphocyte,small,round,unsegmented-round,high,densely,no,clear,blue,nil,nil,no,LY_558615_ccrop.jpg,train
LY_562157_ccrop.jpg,Lymphocyte,small,round,unsegmented-round,high,densely,no,clear,blue,nil,nil,no,LY_562157_ccrop.jpg,train
LY_562164_ccrop.jpg,Lymphocyte,small,round,unsegmented-round,high,densely,no,clear,purple blue,nil,nil,no,LY_562164_ccrop.jpg,train
LY_562167_ccrop.jpg,Lymphocyte,small,irregular,unsegmented-round,high,densely,no,frosted,purple blue,nil,nil,no,LY_562167_ccrop.jpg,train
LY_564317_ccrop.jpg,Lymphocyte,small,round,unsegmented-round,high,densely,no,clear,blue,nil,nil,no,LY_564317_ccrop.jpg,train
LY_564753_ccrop.jpg,Lymphocyte,small,round,unsegmented-round,low,densely,no,frosted,purple blue,nil,nil,no,LY_564753_ccrop.jpg,train
LY_565758_ccrop.jpg,Lymphocyte,small,round,unsegmented-round,high,densely,no,clear,purple blue,nil,nil,no,LY_565758_ccrop.jpg,train
LY_566461_ccrop.jpg,Lymphocyte,small,round,unsegmented-round,high,densely,no,frosted,blue,nil,nil,no,LY_566461_ccrop.jpg,train
LY_568247_ccrop.jpg,Lymphocyte,small,round,unsegmented-round,low,densely,no,frosted,purple blue,nil,nil,no,LY_568247_ccrop.jpg,train
LY_570413_ccrop.jpg,Lymphocyte,small,round,unsegmented-round,high,densely,no,frosted,purple blue,nil,nil,no,LY_570413_ccrop.jpg,train
LY_570832_ccrop.jpg,Lymphocyte,small,round,unsegmented-round,high,densely,no,frosted,blue,nil,nil,no,LY_570832_ccrop.jpg,train
LY_571226_ccrop.jpg,Lymphocyte,small,irregular,unsegmented-round,high,densely,no,clear,blue,nil,nil,no,LY_571226_ccrop.jpg,train
LY_572700_ccrop.jpg,Lymphocyte,small,irregular,unsegmented-indented,high,densely,no,frosted,blue,nil,nil,no,LY_572700_ccrop.jpg,train
LY_573984_ccrop.jpg,Lymphocyte,small,irregular,unsegmented-indented,low,densely,no,frosted,purple blue,nil,nil,no,LY_573984_ccrop.jpg,train
LY_575185_ccrop.jpg,Lymphocyte,small,irregular,unsegmented-indented,high,densely,no,frosted,blue,nil,nil,no,LY_575185_ccrop.jpg,train
LY_575898_ccrop.jpg,Lymphocyte,small,round,unsegmented-round,high,densely,no,clear,blue,nil,nil,no,LY_575898_ccrop.jpg,train
LY_577773_ccrop.jpg,Lymphocyte,small,round,unsegmented-round,high,densely,no,frosted,blue,nil,nil,no,LY_577773_ccrop.jpg,train
LY_578344_ccrop.jpg,Lymphocyte,small,round,unsegmented-round,high,densely,no,frosted,purple blue,nil,nil,no,LY_578344_ccrop.jpg,train
LY_579967_ccrop.jpg,Lymphocyte,small,irregular,unsegmented-indented,high,densely,no,clear,light blue,nil,nil,no,LY_579967_ccrop.jpg,train
LY_580251_ccrop.jpg,Lymphocyte,small,irregular,unsegmented-round,high,densely,no,clear,purple blue,nil,nil,no,LY_580251_ccrop.jpg,train
LY_581500_ccrop.jpg,Lymphocyte,small,round,unsegmented-round,high,densely,no,frosted,purple blue,nil,nil,no,LY_581500_ccrop.jpg,train
LY_586473_ccrop.jpg,Lymphocyte,small,irregular,unsegmented-round,high,densely,no,frosted,purple blue,nil,nil,no,LY_586473_ccrop.jpg,train
LY_586758_ccrop.jpg,Lymphocyte,small,round,unsegmented-round,high,densely,no,clear,blue,nil,nil,no,LY_586758_ccrop.jpg,train
LY_587521_ccrop.jpg,Lymphocyte,small,round,unsegmented-round,high,densely,no,frosted,purple blue,nil,nil,no,LY_587521_ccrop.jpg,train
LY_588274_ccrop.jpg,Lymphocyte,small,round,unsegmented-round,high,densely,no,clear,purple blue,nil,nil,no,LY_588274_ccrop.jpg,train
LY_589830_ccrop.jpg,Lymphocyte,small,round,unsegmented-round,high,densely,no,frosted,purple blue,nil,nil,no,LY_589830_ccrop.jpg,train
LY_591194_ccrop.jpg,Lymphocyte,small,round,unsegmented-round,high,densely,no,frosted,blue,nil,nil,no,LY_591194_ccrop.jpg,train
LY_592355_ccrop.jpg,Lymphocyte,small,round,unsegmented-round,high,densely,no,frosted,blue,nil,nil,no,LY_592355_ccrop.jpg,train
LY_595308_ccrop.jpg,Lymphocyte,small,round,unsegmented-round,high,densely,no,clear,blue,nil,nil,no,LY_595308_ccrop.jpg,train
LY_598790_ccrop.jpg,Lymphocyte,small,round,unsegmented-indented,high,densely,no,frosted,purple blue,nil,nil,no,LY_598790_ccrop.jpg,train
LY_598957_ccrop.jpg,Lymphocyte,small,round,unsegmented-round,high,densely,no,frosted,purple blue,nil,nil,no,LY_598957_ccrop.jpg,train
LY_599099_ccrop.jpg,Lymphocyte,small,round,unsegmented-round,high,densely,no,frosted,blue,nil,nil,no,LY_599099_ccrop.jpg,train
LY_599428_ccrop.jpg,Lymphocyte,small,round,unsegmented-round,high,densely,no,clear,blue,nil,nil,no,LY_599428_ccrop.jpg,train
LY_600393_ccrop.jpg,Lymphocyte,small,round,unsegmented-round,high,densely,no,frosted,purple blue,nil,nil,no,LY_600393_ccrop.jpg,train
LY_602832_ccrop.jpg,Lymphocyte,small,round,unsegmented-round,high,densely,no,clear,purple blue,nil,nil,no,LY_602832_ccrop.jpg,train
LY_603507_ccrop.jpg,Lymphocyte,small,round,unsegmented-round,high,densely,no,clear,purple blue,nil,nil,no,LY_603507_ccrop.jpg,train
LY_604428_ccrop.jpg,Lymphocyte,small,round,unsegmented-round,high,densely,no,clear,purple blue,nil,nil,no,LY_604428_ccrop.jpg,train
LY_606151_ccrop.jpg,Lymphocyte,small,round,unsegmented-round,high,densely,no,frosted,blue,nil,nil,no,LY_606151_ccrop.jpg,train
LY_607133_ccrop.jpg,Lymphocyte,small,irregular,irregular,high,densely,no,frosted,blue,nil,nil,no,LY_607133_ccrop.jpg,train
LY_607326_ccrop.jpg,Lymphocyte,small,round,unsegmented-round,high,densely,no,clear,blue,nil,nil,no,LY_607326_ccrop.jpg,train
LY_607451_ccrop.jpg,Lymphocyte,small,round,unsegmented-round,high,densely,no,frosted,blue,nil,nil,no,LY_607451_ccrop.jpg,train
LY_609104_ccrop.jpg,Lymphocyte,small,round,unsegmented-round,high,densely,no,frosted,blue,nil,nil,no,LY_609104_ccrop.jpg,train
LY_609401_ccrop.jpg,Lymphocyte,small,round,unsegmented-round,high,densely,no,clear,purple blue,nil,nil,no,LY_609401_ccrop.jpg,train
LY_609443_ccrop.jpg,Lymphocyte,small,round,unsegmented-round,high,densely,no,clear,blue,nil,nil,no,LY_609443_ccrop.jpg,train
LY_612132_ccrop.jpg,Lymphocyte,small,round,unsegmented-round,high,densely,no,frosted,purple blue,nil,nil,no,LY_612132_ccrop.jpg,train
LY_612600_ccrop.jpg,Lymphocyte,small,round,unsegmented-indented,high,densely,no,frosted,purple blue,nil,nil,no,LY_612600_ccrop.jpg,train
LY_613198_ccrop.jpg,Lymphocyte,small,round,unsegmented-round,high,densely,no,clear,blue,nil,nil,no,LY_613198_ccrop.jpg,train
LY_613672_ccrop.jpg,Lymphocyte,small,irregular,unsegmented-round,high,densely,no,clear,blue,nil,nil,no,LY_613672_ccrop.jpg,train
LY_613767_ccrop.jpg,Lymphocyte,small,round,unsegmented-round,high,densely,no,frosted,purple blue,nil,nil,no,LY_613767_ccrop.jpg,train
LY_614956_ccrop.jpg,Lymphocyte,small,round,unsegmented-indented,high,densely,no,frosted,purple blue,nil,nil,no,LY_614956_ccrop.jpg,train
LY_616024_ccrop.jpg,Lymphocyte,small,irregular,unsegmented-round,high,densely,no,clear,purple blue,nil,nil,no,LY_616024_ccrop.jpg,train
LY_619308_ccrop.jpg,Lymphocyte,small,irregular,unsegmented-indented,high,densely,no,clear,purple blue,nil,nil,no,LY_619308_ccrop.jpg,train
LY_6217_ccrop.jpg,Lymphocyte,small,round,unsegmented-round,high,densely,no,frosted,purple blue,nil,nil,no,LY_6217_ccrop.jpg,train
LY_622941_ccrop.jpg,Lymphocyte,small,round,unsegmented-round,high,densely,no,clear,blue,nil,nil,no,LY_622941_ccrop.jpg,train
LY_628843_ccrop.jpg,Lymphocyte,small,irregular,unsegmented-round,high,densely,no,frosted,blue,nil,nil,no,LY_628843_ccrop.jpg,train
LY_632165_ccrop.jpg,Lymphocyte,small,round,unsegmented-round,high,densely,no,clear,purple blue,nil,nil,no,LY_632165_ccrop.jpg,train
LY_636354_ccrop.jpg,Lymphocyte,small,round,unsegmented-round,high,densely,no,clear,purple blue,nil,nil,no,LY_636354_ccrop.jpg,train
LY_636684_ccrop.jpg,Lymphocyte,small,irregular,unsegmented-round,high,densely,no,frosted,purple blue,nil,nil,no,LY_636684_ccrop.jpg,train
LY_637341_ccrop.jpg,Lymphocyte,small,round,unsegmented-round,high,densely,no,frosted,blue,nil,nil,no,LY_637341_ccrop.jpg,train
LY_638242_ccrop.jpg,Lymphocyte,small,irregular,unsegmented-round,high,densely,no,frosted,blue,nil,nil,no,LY_638242_ccrop.jpg,train
LY_638750_ccrop.jpg,Lymphocyte,small,round,unsegmented-round,high,densely,no,clear,purple blue,nil,nil,no,LY_638750_ccrop.jpg,train
LY_642131_ccrop.jpg,Lymphocyte,small,irregular,unsegmented-round,high,densely,no,frosted,blue,nil,nil,no,LY_642131_ccrop.jpg,train
LY_643675_ccrop.jpg,Lymphocyte,small,irregular,unsegmented-round,high,densely,no,frosted,blue,nil,nil,no,LY_643675_ccrop.jpg,train
LY_644505_ccrop.jpg,Lymphocyte,small,round,unsegmented-round,high,densely,no,clear,blue,nil,nil,no,LY_644505_ccrop.jpg,train
LY_644865_ccrop.jpg,Lymphocyte,small,irregular,unsegmented-round,high,densely,no,frosted,purple blue,nil,nil,no,LY_644865_ccrop.jpg,train
LY_646631_ccrop.jpg,Lymphocyte,small,round,unsegmented-round,high,densely,no,frosted,blue,nil,nil,no,LY_646631_ccrop.jpg,train
LY_646786_ccrop.jpg,Lymphocyte,small,irregular,unsegmented-round,high,densely,no,clear,blue,nil,nil,no,LY_646786_ccrop.jpg,train
LY_646894_ccrop.jpg,Lymphocyte,small,irregular,unsegmented-round,high,densely,no,clear,blue,nil,nil,no,LY_646894_ccrop.jpg,train
LY_646905_ccrop.jpg,Lymphocyte,small,irregular,unsegmented-indented,high,densely,no,frosted,blue,nil,nil,no,LY_646905_ccrop.jpg,train
LY_647109_ccrop.jpg,Lymphocyte,small,irregular,unsegmented-round,high,densely,no,frosted,blue,nil,nil,no,LY_647109_ccrop.jpg,train
LY_647287_ccrop.jpg,Lymphocyte,small,round,irregular,high,densely,no,frosted,purple blue,nil,nil,no,LY_647287_ccrop.jpg,train
LY_647577_ccrop.jpg,Lymphocyte,small,round,unsegmented-round,high,densely,no,clear,blue,nil,nil,no,LY_647577_ccrop.jpg,train
LY_650769_ccrop.jpg,Lymphocyte,small,round,unsegmented-round,high,densely,no,frosted,purple blue,nil,nil,no,LY_650769_ccrop.jpg,train
LY_650850_ccrop.jpg,Lymphocyte,small,round,unsegmented-round,low,loosely,no,frosted,purple blue,nil,nil,no,LY_650850_ccrop.jpg,train
LY_651080_ccrop.jpg,Lymphocyte,small,round,unsegmented-indented,low,densely,no,frosted,purple blue,nil,nil,no,LY_651080_ccrop.jpg,train
LY_653768_ccrop.jpg,Lymphocyte,small,round,unsegmented-indented,high,densely,no,frosted,blue,nil,nil,no,LY_653768_ccrop.jpg,train
LY_654580_ccrop.jpg,Lymphocyte,small,irregular,unsegmented-round,high,densely,no,clear,blue,nil,nil,no,LY_654580_ccrop.jpg,train
LY_656082_ccrop.jpg,Lymphocyte,small,irregular,unsegmented-round,high,densely,no,frosted,purple blue,nil,nil,no,LY_656082_ccrop.jpg,train
LY_658912_ccrop.jpg,Lymphocyte,small,irregular,unsegmented-round,high,densely,no,frosted,blue,nil,nil,no,LY_658912_ccrop.jpg,train
LY_660498_ccrop.jpg,Lymphocyte,small,irregular,unsegmented-round,high,densely,no,frosted,blue,nil,nil,no,LY_660498_ccrop.jpg,train
LY_661063_ccrop.jpg,Lymphocyte,small,round,unsegmented-round,high,densely,no,clear,purple blue,nil,nil,no,LY_661063_ccrop.jpg,train
LY_661451_ccrop.jpg,Lymphocyte,small,round,unsegmented-round,high,densely,no,clear,purple blue,nil,nil,no,LY_661451_ccrop.jpg,train
LY_662291_ccrop.jpg,Lymphocyte,small,round,unsegmented-indented,high,densely,no,frosted,blue,nil,nil,no,LY_662291_ccrop.jpg,train
LY_662988_ccrop.jpg,Lymphocyte,small,round,unsegmented-indented,high,densely,no,frosted,purple blue,nil,nil,no,LY_662988_ccrop.jpg,train
LY_663670_ccrop.jpg,Lymphocyte,small,round,unsegmented-indented,high,densely,no,clear,blue,nil,nil,no,LY_663670_ccrop.jpg,train
LY_664700_ccrop.jpg,Lymphocyte,small,round,unsegmented-round,high,densely,no,frosted,blue,nil,nil,no,LY_664700_ccrop.jpg,train
LY_665021_ccrop.jpg,Lymphocyte,small,round,unsegmented-round,high,densely,no,frosted,blue,nil,nil,no,LY_665021_ccrop.jpg,train
LY_665688_ccrop.jpg,Lymphocyte,small,round,unsegmented-round,high,loosely,no,frosted,blue,nil,nil,no,LY_665688_ccrop.jpg,train
LY_667147_ccrop.jpg,Lymphocyte,small,round,unsegmented-round,high,densely,no,frosted,purple blue,nil,nil,no,LY_667147_ccrop.jpg,train
LY_668845_ccrop.jpg,Lymphocyte,small,irregular,unsegmented-round,high,densely,no,clear,blue,nil,nil,no,LY_668845_ccrop.jpg,train
LY_670773_ccrop.jpg,Lymphocyte,small,round,unsegmented-round,high,densely,no,frosted,blue,nil,nil,no,LY_670773_ccrop.jpg,train
LY_671159_ccrop.jpg,Lymphocyte,small,round,unsegmented-round,high,densely,no,frosted,blue,nil,nil,no,LY_671159_ccrop.jpg,train
LY_672082_ccrop.jpg,Lymphocyte,small,round,unsegmented-round,high,densely,no,clear,purple blue,nil,nil,no,LY_672082_ccrop.jpg,train
LY_674060_ccrop.jpg,Lymphocyte,small,irregular,unsegmented-round,high,densely,no,frosted,blue,nil,nil,no,LY_674060_ccrop.jpg,train
LY_675041_ccrop.jpg,Lymphocyte,small,round,unsegmented-round,low,densely,no,frosted,purple blue,nil,nil,no,LY_675041_ccrop.jpg,train
LY_676152_ccrop.jpg,Lymphocyte,small,round,unsegmented-round,high,densely,no,frosted,blue,nil,nil,no,LY_676152_ccrop.jpg,train
LY_676437_ccrop.jpg,Lymphocyte,small,round,unsegmented-round,high,loosely,no,frosted,purple blue,nil,nil,no,LY_676437_ccrop.jpg,train
LY_677709_ccrop.jpg,Lymphocyte,small,irregular,unsegmented-round,high,densely,no,frosted,blue,nil,nil,no,LY_677709_ccrop.jpg,train
LY_680002_ccrop.jpg,Lymphocyte,small,irregular,unsegmented-indented,high,densely,no,frosted,blue,nil,nil,no,LY_680002_ccrop.jpg,train
LY_681516_ccrop.jpg,Lymphocyte,small,round,unsegmented-round,high,densely,no,frosted,purple blue,nil,nil,no,LY_681516_ccrop.jpg,train
LY_682820_ccrop.jpg,Lymphocyte,small,round,unsegmented-indented,high,densely,no,frosted,blue,nil,nil,no,LY_682820_ccrop.jpg,train
LY_685339_ccrop.jpg,Lymphocyte,small,irregular,unsegmented-indented,high,densely,no,frosted,purple blue,nil,nil,no,LY_685339_ccrop.jpg,train
LY_685515_ccrop.jpg,Lymphocyte,small,round,unsegmented-round,high,densely,no,frosted,purple blue,nil,nil,no,LY_685515_ccrop.jpg,train
LY_687027_ccrop.jpg,Lymphocyte,small,round,unsegmented-round,high,densely,no,clear,blue,nil,nil,no,LY_687027_ccrop.jpg,train
LY_687737_ccrop.jpg,Lymphocyte,small,round,unsegmented-round,high,densely,no,frosted,blue,nil,nil,no,LY_687737_ccrop.jpg,train
LY_688880_ccrop.jpg,Lymphocyte,small,irregular,unsegmented-round,high,densely,no,clear,purple blue,nil,nil,no,LY_688880_ccrop.jpg,train
LY_689894_ccrop.jpg,Lymphocyte,small,round,unsegmented-round,high,densely,no,frosted,blue,nil,nil,no,LY_689894_ccrop.jpg,train
LY_691863_ccrop.jpg,Lymphocyte,small,round,unsegmented-round,high,densely,no,frosted,blue,nil,nil,no,LY_691863_ccrop.jpg,train
LY_69243_ccrop.jpg,Lymphocyte,small,round,unsegmented-indented,high,densely,no,frosted,blue,nil,nil,no,LY_69243_ccrop.jpg,train
LY_69259_ccrop.jpg,Lymphocyte,small,irregular,unsegmented-round,high,densely,no,frosted,blue,nil,nil,no,LY_69259_ccrop.jpg,train
LY_695283_ccrop.jpg,Lymphocyte,small,round,unsegmented-round,high,densely,no,frosted,blue,nil,nil,no,LY_695283_ccrop.jpg,train
LY_696193_ccrop.jpg,Lymphocyte,small,round,unsegmented-round,high,densely,no,frosted,blue,nil,nil,no,LY_696193_ccrop.jpg,train
LY_696243_ccrop.jpg,Lymphocyte,small,round,unsegmented-round,high,densely,no,frosted,purple blue,nil,nil,no,LY_696243_ccrop.jpg,train
LY_69669_ccrop.jpg,Lymphocyte,small,round,unsegmented-indented,high,densely,no,clear,blue,nil,nil,no,LY_69669_ccrop.jpg,train
LY_696961_ccrop.jpg,Lymphocyte,small,round,unsegmented-indented,high,densely,no,frosted,purple blue,nil,nil,no,LY_696961_ccrop.jpg,train
LY_700507_ccrop.jpg,Lymphocyte,small,round,unsegmented-round,high,densely,no,clear,blue,nil,nil,no,LY_700507_ccrop.jpg,train
LY_703368_ccrop.jpg,Lymphocyte,small,round,unsegmented-indented,low,densely,no,frosted,purple blue,nil,nil,no,LY_703368_ccrop.jpg,train
LY_70378_ccrop.jpg,Lymphocyte,small,round,unsegmented-indented,high,densely,no,frosted,blue,nil,nil,no,LY_70378_ccrop.jpg,train
LY_703831_ccrop.jpg,Lymphocyte,small,round,unsegmented-round,high,densely,no,clear,blue,nil,nil,no,LY_703831_ccrop.jpg,train
LY_705334_ccrop.jpg,Lymphocyte,small,irregular,unsegmented-round,high,densely,no,frosted,purple blue,nil,nil,no,LY_705334_ccrop.jpg,train
LY_705563_ccrop.jpg,Lymphocyte,small,irregular,unsegmented-indented,high,densely,no,frosted,purple blue,nil,nil,no,LY_705563_ccrop.jpg,train
LY_706092_ccrop.jpg,Lymphocyte,small,round,unsegmented-round,high,densely,no,clear,blue,nil,nil,no,LY_706092_ccrop.jpg,train
LY_706761_ccrop.jpg,Lymphocyte,small,irregular,unsegmented-round,high,densely,no,frosted,blue,nil,nil,no,LY_706761_ccrop.jpg,train
LY_707113_ccrop.jpg,Lymphocyte,small,round,unsegmented-round,high,densely,no,frosted,blue,nil,nil,no,LY_707113_ccrop.jpg,train
LY_707158_ccrop.jpg,Lymphocyte,small,round,unsegmented-round,high,densely,no,frosted,blue,nil,nil,no,LY_707158_ccrop.jpg,train
LY_707436_ccrop.jpg,Lymphocyte,small,round,unsegmented-round,high,densely,no,frosted,blue,nil,nil,no,LY_707436_ccrop.jpg,train
LY_709042_ccrop.jpg,Lymphocyte,small,irregular,unsegmented-round,high,densely,no,frosted,blue,nil,nil,no,LY_709042_ccrop.jpg,train
LY_709473_ccrop.jpg,Lymphocyte,small,round,unsegmented-indented,high,densely,no,frosted,blue,nil,nil,no,LY_709473_ccrop.jpg,train
LY_712475_ccrop.jpg,Lymphocyte,small,round,unsegmented-indented,high,densely,no,clear,purple blue,nil,nil,no,LY_712475_ccrop.jpg,train
LY_714463_ccrop.jpg,Lymphocyte,small,irregular,unsegmented-round,high,densely,no,frosted,blue,nil,nil,no,LY_714463_ccrop.jpg,train
LY_714950_ccrop.jpg,Lymphocyte,small,irregular,unsegmented-round,high,densely,no,clear,purple blue,nil,nil,no,LY_714950_ccrop.jpg,train
LY_717775_ccrop.jpg,Lymphocyte,small,irregular,unsegmented-round,high,densely,no,clear,purple blue,nil,nil,no,LY_717775_ccrop.jpg,train
LY_720395_ccrop.jpg,Lymphocyte,small,round,unsegmented-round,high,densely,no,frosted,purple blue,nil,nil,no,LY_720395_ccrop.jpg,train
LY_721798_ccrop.jpg,Lymphocyte,small,round,unsegmented-round,high,densely,no,frosted,purple blue,nil,nil,no,LY_721798_ccrop.jpg,train
LY_722642_ccrop.jpg,Lymphocyte,small,round,unsegmented-round,high,densely,no,frosted,blue,nil,nil,no,LY_722642_ccrop.jpg,train
LY_722701_ccrop.jpg,Lymphocyte,small,round,unsegmented-round,high,densely,no,frosted,purple blue,nil,nil,no,LY_722701_ccrop.jpg,train
LY_725386_ccrop.jpg,Lymphocyte,small,round,unsegmented-indented,high,densely,no,frosted,blue,nil,nil,no,LY_725386_ccrop.jpg,train
LY_725575_ccrop.jpg,Lymphocyte,small,irregular,unsegmented-round,high,densely,no,clear,purple blue,nil,nil,no,LY_725575_ccrop.jpg,train
LY_726808_ccrop.jpg,Lymphocyte,small,round,unsegmented-round,low,densely,no,frosted,light blue,nil,nil,no,LY_726808_ccrop.jpg,train
LY_727511_ccrop.jpg,Lymphocyte,small,round,unsegmented-round,high,densely,no,frosted,blue,nil,nil,no,LY_727511_ccrop.jpg,train
LY_727634_ccrop.jpg,Lymphocyte,small,round,unsegmented-indented,high,densely,no,frosted,blue,nil,nil,no,LY_727634_ccrop.jpg,train
LY_728263_ccrop.jpg,Lymphocyte,small,round,unsegmented-indented,high,densely,no,frosted,blue,nil,nil,no,LY_728263_ccrop.jpg,train
LY_729776_ccrop.jpg,Lymphocyte,small,irregular,unsegmented-round,high,densely,no,frosted,blue,nil,nil,no,LY_729776_ccrop.jpg,train
LY_730801_ccrop.jpg,Lymphocyte,small,round,unsegmented-round,high,densely,no,frosted,blue,nil,nil,no,LY_730801_ccrop.jpg,train
LY_731097_ccrop.jpg,Lymphocyte,small,round,unsegmented-indented,high,densely,no,frosted,blue,nil,nil,no,LY_731097_ccrop.jpg,train
LY_731457_ccrop.jpg,Lymphocyte,small,round,unsegmented-round,high,densely,no,clear,purple blue,nil,nil,no,LY_731457_ccrop.jpg,train
LY_733068_ccrop.jpg,Lymphocyte,small,irregular,unsegmented-round,high,densely,no,frosted,purple blue,nil,nil,no,LY_733068_ccrop.jpg,train
LY_736531_ccrop.jpg,Lymphocyte,small,irregular,unsegmented-round,high,densely,no,frosted,purple blue,nil,nil,no,LY_736531_ccrop.jpg,train
LY_737978_ccrop.jpg,Lymphocyte,small,round,unsegmented-round,high,densely,no,clear,blue,nil,nil,no,LY_737978_ccrop.jpg,train
LY_738073_ccrop.jpg,Lymphocyte,small,round,unsegmented-round,high,densely,no,clear,blue,nil,nil,no,LY_738073_ccrop.jpg,train
LY_740172_ccrop.jpg,Lymphocyte,small,round,unsegmented-round,high,densely,no,frosted,purple blue,nil,nil,no,LY_740172_ccrop.jpg,train
LY_740842_ccrop.jpg,Lymphocyte,small,round,unsegmented-indented,high,densely,no,clear,purple blue,nil,nil,no,LY_740842_ccrop.jpg,train
LY_742231_ccrop.jpg,Lymphocyte,small,round,unsegmented-round,low,densely,no,clear,blue,nil,nil,no,LY_742231_ccrop.jpg,train
LY_742481_ccrop.jpg,Lymphocyte,small,round,unsegmented-round,high,densely,no,frosted,blue,nil,nil,no,LY_742481_ccrop.jpg,train
LY_742554_ccrop.jpg,Lymphocyte,small,irregular,unsegmented-indented,high,densely,no,frosted,blue,nil,nil,no,LY_742554_ccrop.jpg,train
LY_743105_ccrop.jpg,Lymphocyte,small,round,unsegmented-indented,high,densely,no,frosted,purple blue,nil,nil,no,LY_743105_ccrop.jpg,train
LY_743393_ccrop.jpg,Lymphocyte,small,irregular,unsegmented-round,high,densely,no,frosted,blue,nil,nil,no,LY_743393_ccrop.jpg,train
LY_743427_ccrop.jpg,Lymphocyte,small,irregular,unsegmented-round,high,densely,no,clear,purple blue,nil,nil,no,LY_743427_ccrop.jpg,train
LY_744710_ccrop.jpg,Lymphocyte,small,round,unsegmented-round,high,densely,no,frosted,blue,nil,nil,no,LY_744710_ccrop.jpg,train
LY_7449_ccrop.jpg,Lymphocyte,small,irregular,unsegmented-round,high,densely,no,frosted,blue,nil,nil,no,LY_7449_ccrop.jpg,train
LY_745253_ccrop.jpg,Lymphocyte,small,round,unsegmented-round,high,densely,no,clear,blue,nil,nil,no,LY_745253_ccrop.jpg,train
LY_74824_ccrop.jpg,Lymphocyte,small,round,unsegmented-round,high,densely,no,clear,purple blue,nil,nil,no,LY_74824_ccrop.jpg,train
LY_75105_ccrop.jpg,Lymphocyte,small,round,unsegmented-round,high,densely,no,clear,blue,nil,nil,no,LY_75105_ccrop.jpg,train
LY_751218_ccrop.jpg,Lymphocyte,small,irregular,unsegmented-indented,low,densely,no,frosted,purple blue,nil,nil,no,LY_751218_ccrop.jpg,train
LY_752008_ccrop.jpg,Lymphocyte,small,round,unsegmented-round,high,densely,no,frosted,blue,nil,nil,no,LY_752008_ccrop.jpg,train
LY_753964_ccrop.jpg,Lymphocyte,small,irregular,irregular,high,densely,no,frosted,blue,nil,nil,no,LY_753964_ccrop.jpg,train
LY_75542_ccrop.jpg,Lymphocyte,small,irregular,unsegmented-indented,high,densely,no,clear,blue,nil,nil,no,LY_75542_ccrop.jpg,train
LY_755515_ccrop.jpg,Lymphocyte,small,irregular,unsegmented-round,high,densely,no,frosted,blue,nil,nil,no,LY_755515_ccrop.jpg,train
LY_759328_ccrop.jpg,Lymphocyte,small,round,unsegmented-round,high,densely,no,clear,blue,nil,nil,no,LY_759328_ccrop.jpg,train
LY_762572_ccrop.jpg,Lymphocyte,small,round,unsegmented-round,high,densely,no,frosted,blue,nil,nil,no,LY_762572_ccrop.jpg,train
LY_762788_ccrop.jpg,Lymphocyte,small,round,unsegmented-round,high,densely,no,clear,blue,nil,nil,no,LY_762788_ccrop.jpg,train
LY_764506_ccrop.jpg,Lymphocyte,small,irregular,unsegmented-indented,high,densely,no,frosted,blue,nil,nil,no,LY_764506_ccrop.jpg,train
LY_767226_ccrop.jpg,Lymphocyte,small,round,unsegmented-round,high,densely,no,clear,blue,nil,nil,no,LY_767226_ccrop.jpg,train
LY_772628_ccrop.jpg,Lymphocyte,small,round,unsegmented-round,high,densely,no,frosted,blue,nil,nil,no,LY_772628_ccrop.jpg,train
LY_772663_ccrop.jpg,Lymphocyte,small,round,unsegmented-round,high,densely,no,frosted,blue,nil,nil,no,LY_772663_ccrop.jpg,train
LY_775657_ccrop.jpg,Lymphocyte,small,irregular,unsegmented-round,high,densely,no,clear,blue,nil,nil,no,LY_775657_ccrop.jpg,train
LY_777144_ccrop.jpg,Lymphocyte,small,round,unsegmented-round,high,densely,no,frosted,blue,nil,nil,no,LY_777144_ccrop.jpg,train
LY_778240_ccrop.jpg,Lymphocyte,small,round,unsegmented-round,high,densely,no,clear,purple blue,nil,nil,no,LY_778240_ccrop.jpg,train
LY_778709_ccrop.jpg,Lymphocyte,small,irregular,unsegmented-round,high,densely,no,frosted,purple blue,nil,nil,no,LY_778709_ccrop.jpg,train
LY_779080_ccrop.jpg,Lymphocyte,small,round,unsegmented-indented,low,densely,no,frosted,purple blue,nil,nil,no,LY_779080_ccrop.jpg,train
LY_779508_ccrop.jpg,Lymphocyte,small,round,unsegmented-round,high,densely,no,frosted,purple blue,nil,nil,no,LY_779508_ccrop.jpg,train
LY_779564_ccrop.jpg,Lymphocyte,small,round,unsegmented-round,high,densely,no,frosted,purple blue,nil,nil,no,LY_779564_ccrop.jpg,train
LY_782430_ccrop.jpg,Lymphocyte,small,round,unsegmented-indented,high,densely,no,clear,blue,nil,nil,no,LY_782430_ccrop.jpg,train
LY_782746_ccrop.jpg,Lymphocyte,small,irregular,unsegmented-round,high,densely,no,clear,blue,nil,nil,no,LY_782746_ccrop.jpg,train
LY_785284_ccrop.jpg,Lymphocyte,small,round,unsegmented-round,high,densely,no,frosted,blue,nil,nil,no,LY_785284_ccrop.jpg,train
LY_786317_ccrop.jpg,Lymphocyte,small,round,unsegmented-round,high,densely,no,frosted,blue,nil,nil,no,LY_786317_ccrop.jpg,train
LY_787227_ccrop.jpg,Lymphocyte,small,irregular,unsegmented-round,high,densely,no,frosted,purple blue,nil,nil,no,LY_787227_ccrop.jpg,train
LY_787687_ccrop.jpg,Lymphocyte,small,round,unsegmented-indented,high,densely,no,frosted,blue,nil,nil,no,LY_787687_ccrop.jpg,train
LY_789385_ccrop.jpg,Lymphocyte,small,round,unsegmented-round,high,densely,no,clear,light blue,nil,nil,no,LY_789385_ccrop.jpg,train
LY_790293_ccrop.jpg,Lymphocyte,small,irregular,unsegmented-round,high,densely,no,clear,blue,nil,nil,no,LY_790293_ccrop.jpg,train
LY_793239_ccrop.jpg,Lymphocyte,small,round,unsegmented-round,high,densely,no,frosted,blue,nil,nil,no,LY_793239_ccrop.jpg,train
LY_793772_ccrop.jpg,Lymphocyte,small,round,unsegmented-indented,high,densely,no,frosted,purple blue,nil,nil,no,LY_793772_ccrop.jpg,train
LY_793893_ccrop.jpg,Lymphocyte,small,round,unsegmented-indented,high,densely,no,clear,purple blue,nil,nil,no,LY_793893_ccrop.jpg,train
LY_793947_ccrop.jpg,Lymphocyte,small,round,unsegmented-round,high,densely,no,frosted,purple blue,nil,nil,no,LY_793947_ccrop.jpg,train
LY_796210_ccrop.jpg,Lymphocyte,small,round,unsegmented-round,high,densely,no,frosted,blue,nil,nil,no,LY_796210_ccrop.jpg,train
LY_798487_ccrop.jpg,Lymphocyte,small,round,unsegmented-round,high,densely,no,frosted,blue,nil,nil,no,LY_798487_ccrop.jpg,train
LY_799986_ccrop.jpg,Lymphocyte,small,round,unsegmented-round,high,densely,no,clear,blue,nil,nil,no,LY_799986_ccrop.jpg,train
LY_800058_ccrop.jpg,Lymphocyte,small,round,unsegmented-round,high,densely,no,clear,blue,nil,nil,no,LY_800058_ccrop.jpg,train
LY_801480_ccrop.jpg,Lymphocyte,small,round,unsegmented-round,high,densely,no,frosted,blue,nil,nil,no,LY_801480_ccrop.jpg,train
LY_801778_ccrop.jpg,Lymphocyte,small,round,unsegmented-round,high,densely,no,frosted,blue,nil,nil,no,LY_801778_ccrop.jpg,train
LY_803057_ccrop.jpg,Lymphocyte,small,round,unsegmented-indented,high,densely,no,frosted,blue,nil,nil,no,LY_803057_ccrop.jpg,train
LY_803891_ccrop.jpg,Lymphocyte,small,round,unsegmented-indented,high,densely,no,frosted,blue,nil,nil,no,LY_803891_ccrop.jpg,train
LY_804787_ccrop.jpg,Lymphocyte,small,round,unsegmented-round,high,densely,no,frosted,blue,nil,nil,no,LY_804787_ccrop.jpg,train
LY_807924_ccrop.jpg,Lymphocyte,small,round,unsegmented-indented,high,densely,no,frosted,blue,nil,nil,no,LY_807924_ccrop.jpg,train
LY_810114_ccrop.jpg,Lymphocyte,small,irregular,unsegmented-round,high,densely,no,frosted,purple blue,nil,nil,no,LY_810114_ccrop.jpg,train
LY_812454_ccrop.jpg,Lymphocyte,small,irregular,unsegmented-round,low,densely,no,clear,purple blue,nil,nil,no,LY_812454_ccrop.jpg,train
LY_812570_ccrop.jpg,Lymphocyte,small,round,unsegmented-round,high,loosely,no,frosted,blue,nil,nil,no,LY_812570_ccrop.jpg,train
LY_815826_ccrop.jpg,Lymphocyte,small,irregular,unsegmented-indented,high,densely,no,frosted,blue,nil,nil,no,LY_815826_ccrop.jpg,train
LY_817702_ccrop.jpg,Lymphocyte,small,round,unsegmented-round,high,densely,no,frosted,blue,nil,nil,no,LY_817702_ccrop.jpg,train
LY_818290_ccrop.jpg,Lymphocyte,small,irregular,unsegmented-round,high,densely,no,frosted,blue,nil,nil,no,LY_818290_ccrop.jpg,train
LY_818656_ccrop.jpg,Lymphocyte,small,round,unsegmented-round,high,densely,no,clear,purple blue,nil,nil,no,LY_818656_ccrop.jpg,train
LY_818779_ccrop.jpg,Lymphocyte,small,round,unsegmented-round,high,densely,no,frosted,purple blue,nil,nil,no,LY_818779_ccrop.jpg,train
LY_819068_ccrop.jpg,Lymphocyte,small,irregular,unsegmented-round,high,densely,no,frosted,purple blue,nil,nil,no,LY_819068_ccrop.jpg,train
LY_819409_ccrop.jpg,Lymphocyte,small,round,unsegmented-round,high,densely,no,clear,purple blue,nil,nil,no,LY_819409_ccrop.jpg,train
LY_819994_ccrop.jpg,Lymphocyte,small,round,unsegmented-round,low,densely,no,frosted,blue,nil,nil,no,LY_819994_ccrop.jpg,train
LY_82338_ccrop.jpg,Lymphocyte,small,irregular,unsegmented-round,high,loosely,no,clear,blue,nil,nil,no,LY_82338_ccrop.jpg,train
LY_823713_ccrop.jpg,Lymphocyte,small,irregular,unsegmented-indented,high,densely,no,frosted,blue,nil,nil,no,LY_823713_ccrop.jpg,train
LY_825373_ccrop.jpg,Lymphocyte,small,round,unsegmented-indented,high,densely,no,clear,blue,nil,nil,no,LY_825373_ccrop.jpg,train
LY_825410_ccrop.jpg,Lymphocyte,small,round,unsegmented-round,low,densely,no,frosted,blue,nil,nil,no,LY_825410_ccrop.jpg,train
LY_826283_ccrop.jpg,Lymphocyte,small,irregular,unsegmented-round,high,densely,no,frosted,blue,nil,nil,no,LY_826283_ccrop.jpg,train
LY_827883_ccrop.jpg,Lymphocyte,small,irregular,irregular,high,densely,no,frosted,purple blue,nil,nil,no,LY_827883_ccrop.jpg,train
LY_828116_ccrop.jpg,Lymphocyte,small,round,unsegmented-round,low,densely,no,frosted,light blue,nil,nil,no,LY_828116_ccrop.jpg,train
LY_828552_ccrop.jpg,Lymphocyte,small,irregular,unsegmented-round,high,densely,no,frosted,blue,nil,nil,no,LY_828552_ccrop.jpg,train
LY_832225_ccrop.jpg,Lymphocyte,small,round,unsegmented-indented,high,densely,no,frosted,purple blue,nil,nil,no,LY_832225_ccrop.jpg,train
LY_832775_ccrop.jpg,Lymphocyte,small,round,unsegmented-round,high,densely,no,clear,purple blue,nil,nil,no,LY_832775_ccrop.jpg,train
LY_833791_ccrop.jpg,Lymphocyte,small,round,unsegmented-round,high,densely,no,clear,blue,nil,nil,no,LY_833791_ccrop.jpg,train
LY_833948_ccrop.jpg,Lymphocyte,small,round,unsegmented-round,low,densely,no,frosted,purple blue,nil,nil,no,LY_833948_ccrop.jpg,train
LY_83662_ccrop.jpg,Lymphocyte,small,round,unsegmented-round,high,densely,no,clear,blue,nil,nil,no,LY_83662_ccrop.jpg,train
LY_837051_ccrop.jpg,Lymphocyte,small,round,unsegmented-round,high,densely,no,frosted,purple blue,nil,nil,no,LY_837051_ccrop.jpg,train
LY_839010_ccrop.jpg,Lymphocyte,small,round,unsegmented-round,high,densely,no,frosted,purple blue,nil,nil,no,LY_839010_ccrop.jpg,train
LY_839729_ccrop.jpg,Lymphocyte,small,round,unsegmented-round,high,densely,no,frosted,blue,nil,nil,no,LY_839729_ccrop.jpg,train
LY_841070_ccrop.jpg,Lymphocyte,small,round,unsegmented-round,low,densely,no,frosted,purple blue,nil,nil,no,LY_841070_ccrop.jpg,train
LY_842128_ccrop.jpg,Lymphocyte,small,round,unsegmented-round,high,densely,no,frosted,blue,nil,nil,no,LY_842128_ccrop.jpg,train
LY_842868_ccrop.jpg,Lymphocyte,big,irregular,irregular,high,densely,no,frosted,purple blue,nil,nil,no,LY_842868_ccrop.jpg,train
LY_8432_ccrop.jpg,Lymphocyte,small,irregular,unsegmented-round,high,densely,no,clear,blue,nil,nil,no,LY_8432_ccrop.jpg,train
LY_844729_ccrop.jpg,Lymphocyte,small,round,unsegmented-round,high,densely,no,frosted,blue,nil,nil,no,LY_844729_ccrop.jpg,train
LY_845543_ccrop.jpg,Lymphocyte,small,round,unsegmented-round,high,densely,no,clear,blue,nil,nil,no,LY_845543_ccrop.jpg,train
LY_845737_ccrop.jpg,Lymphocyte,small,round,unsegmented-round,high,densely,no,frosted,blue,nil,nil,no,LY_845737_ccrop.jpg,train
LY_849013_ccrop.jpg,Lymphocyte,small,round,unsegmented-round,high,densely,no,frosted,purple blue,nil,nil,no,LY_849013_ccrop.jpg,train
LY_849118_ccrop.jpg,Lymphocyte,small,irregular,unsegmented-round,high,densely,no,frosted,blue,nil,nil,no,LY_849118_ccrop.jpg,train
LY_851299_ccrop.jpg,Lymphocyte,small,round,unsegmented-round,high,densely,no,clear,purple blue,nil,nil,no,LY_851299_ccrop.jpg,train
LY_853229_ccrop.jpg,Lymphocyte,small,irregular,unsegmented-round,high,densely,no,clear,blue,nil,nil,no,LY_853229_ccrop.jpg,train
LY_853677_ccrop.jpg,Lymphocyte,small,irregular,unsegmented-round,high,densely,no,clear,blue,nil,nil,no,LY_853677_ccrop.jpg,train
LY_853764_ccrop.jpg,Lymphocyte,small,irregular,unsegmented-indented,high,densely,no,frosted,blue,nil,nil,no,LY_853764_ccrop.jpg,train
LY_85450_ccrop.jpg,Lymphocyte,small,round,unsegmented-round,high,densely,no,frosted,purple blue,nil,nil,no,LY_85450_ccrop.jpg,train
LY_85630_ccrop.jpg,Lymphocyte,small,irregular,unsegmented-round,high,densely,no,frosted,blue,nil,nil,no,LY_85630_ccrop.jpg,train
LY_857864_ccrop.jpg,Lymphocyte,small,round,unsegmented-round,high,loosely,no,frosted,purple blue,nil,nil,no,LY_857864_ccrop.jpg,train
LY_860635_ccrop.jpg,Lymphocyte,small,irregular,unsegmented-indented,high,densely,no,frosted,purple blue,nil,nil,no,LY_860635_ccrop.jpg,train
LY_86114_ccrop.jpg,Lymphocyte,small,round,unsegmented-round,high,densely,no,frosted,blue,nil,nil,no,LY_86114_ccrop.jpg,train
LY_861218_ccrop.jpg,Lymphocyte,small,round,unsegmented-round,high,densely,no,frosted,purple blue,nil,nil,no,LY_861218_ccrop.jpg,train
LY_861914_ccrop.jpg,Lymphocyte,small,round,unsegmented-round,high,densely,no,clear,purple blue,nil,nil,no,LY_861914_ccrop.jpg,train
LY_864134_ccrop.jpg,Lymphocyte,small,irregular,unsegmented-indented,high,densely,no,clear,purple blue,nil,nil,no,LY_864134_ccrop.jpg,train
LY_865265_ccrop.jpg,Lymphocyte,big,irregular,unsegmented-indented,high,densely,no,frosted,purple blue,nil,nil,no,LY_865265_ccrop.jpg,train
LY_867406_ccrop.jpg,Lymphocyte,small,irregular,unsegmented-round,high,densely,no,clear,blue,nil,nil,no,LY_867406_ccrop.jpg,train
LY_869516_ccrop.jpg,Lymphocyte,small,round,unsegmented-round,high,densely,no,frosted,blue,nil,nil,no,LY_869516_ccrop.jpg,train
LY_869750_ccrop.jpg,Lymphocyte,small,round,unsegmented-indented,high,densely,no,frosted,purple blue,nil,nil,no,LY_869750_ccrop.jpg,train
LY_869931_ccrop.jpg,Lymphocyte,small,round,unsegmented-round,high,densely,no,clear,purple blue,nil,nil,no,LY_869931_ccrop.jpg,train
LY_870487_ccrop.jpg,Lymphocyte,small,irregular,unsegmented-round,high,densely,no,frosted,purple blue,nil,nil,no,LY_870487_ccrop.jpg,train
LY_87125_ccrop.jpg,Lymphocyte,small,irregular,unsegmented-indented,high,densely,no,frosted,blue,nil,nil,no,LY_87125_ccrop.jpg,train
LY_872377_ccrop.jpg,Lymphocyte,small,round,unsegmented-round,high,densely,no,clear,blue,nil,nil,no,LY_872377_ccrop.jpg,train
LY_872921_ccrop.jpg,Lymphocyte,small,irregular,unsegmented-round,high,densely,no,frosted,purple blue,nil,nil,no,LY_872921_ccrop.jpg,train
LY_873168_ccrop.jpg,Lymphocyte,small,round,unsegmented-round,high,densely,no,frosted,purple blue,nil,nil,no,LY_873168_ccrop.jpg,train
LY_874739_ccrop.jpg,Lymphocyte,small,round,unsegmented-indented,high,densely,no,frosted,purple blue,nil,nil,no,LY_874739_ccrop.jpg,train
LY_875286_ccrop.jpg,Lymphocyte,small,round,unsegmented-round,high,densely,no,frosted,blue,nil,nil,no,LY_875286_ccrop.jpg,train
LY_875452_ccrop.jpg,Lymphocyte,small,round,unsegmented-indented,high,loosely,no,frosted,purple blue,nil,nil,no,LY_875452_ccrop.jpg,train
LY_875873_ccrop.jpg,Lymphocyte,small,round,unsegmented-indented,high,densely,no,frosted,purple blue,nil,nil,no,LY_875873_ccrop.jpg,train
LY_877055_ccrop.jpg,Lymphocyte,small,round,unsegmented-round,high,densely,no,frosted,blue,nil,nil,no,LY_877055_ccrop.jpg,train
LY_877960_ccrop.jpg,Lymphocyte,small,round,unsegmented-round,high,densely,no,clear,purple blue,nil,nil,no,LY_877960_ccrop.jpg,train
LY_878313_ccrop.jpg,Lymphocyte,small,round,unsegmented-indented,high,densely,no,frosted,blue,nil,nil,no,LY_878313_ccrop.jpg,train
LY_881002_ccrop.jpg,Lymphocyte,small,round,unsegmented-round,high,densely,no,frosted,purple blue,nil,nil,no,LY_881002_ccrop.jpg,train
LY_881717_ccrop.jpg,Lymphocyte,small,round,unsegmented-round,high,densely,no,frosted,purple blue,nil,nil,no,LY_881717_ccrop.jpg,train
LY_888483_ccrop.jpg,Lymphocyte,small,round,unsegmented-indented,high,densely,no,frosted,blue,nil,nil,no,LY_888483_ccrop.jpg,train
LY_891874_ccrop.jpg,Lymphocyte,small,round,unsegmented-round,high,densely,no,frosted,blue,nil,nil,no,LY_891874_ccrop.jpg,train
LY_893109_ccrop.jpg,Lymphocyte,big,irregular,unsegmented-round,low,densely,no,frosted,purple blue,nil,nil,no,LY_893109_ccrop.jpg,train
LY_893259_ccrop.jpg,Lymphocyte,small,round,unsegmented-round,high,densely,no,clear,blue,nil,nil,no,LY_893259_ccrop.jpg,train
LY_894111_ccrop.jpg,Lymphocyte,small,round,unsegmented-round,high,densely,no,frosted,blue,nil,nil,no,LY_894111_ccrop.jpg,train
LY_894763_ccrop.jpg,Lymphocyte,small,round,unsegmented-round,high,densely,no,frosted,blue,nil,nil,no,LY_894763_ccrop.jpg,train
LY_894865_ccrop.jpg,Lymphocyte,small,round,unsegmented-round,high,densely,no,frosted,blue,nil,nil,no,LY_894865_ccrop.jpg,train
LY_896867_ccrop.jpg,Lymphocyte,small,round,unsegmented-round,high,densely,no,frosted,purple blue,nil,nil,no,LY_896867_ccrop.jpg,train
LY_898862_ccrop.jpg,Lymphocyte,small,round,unsegmented-round,high,densely,no,frosted,blue,nil,nil,no,LY_898862_ccrop.jpg,train
LY_900078_ccrop.jpg,Lymphocyte,small,round,unsegmented-round,high,densely,no,frosted,blue,nil,nil,no,LY_900078_ccrop.jpg,train
LY_900086_ccrop.jpg,Lymphocyte,small,round,unsegmented-round,high,densely,no,frosted,blue,nil,nil,no,LY_900086_ccrop.jpg,train
LY_900304_ccrop.jpg,Lymphocyte,small,round,unsegmented-round,high,densely,no,frosted,blue,nil,nil,no,LY_900304_ccrop.jpg,train
LY_903380_ccrop.jpg,Lymphocyte,small,round,unsegmented-round,high,densely,no,frosted,blue,nil,nil,no,LY_903380_ccrop.jpg,train
LY_904542_ccrop.jpg,Lymphocyte,small,irregular,unsegmented-round,low,densely,no,frosted,purple blue,nil,nil,no,LY_904542_ccrop.jpg,train
LY_905003_ccrop.jpg,Lymphocyte,small,round,unsegmented-indented,high,densely,no,frosted,purple blue,nil,nil,no,LY_905003_ccrop.jpg,train
LY_905051_ccrop.jpg,Lymphocyte,small,round,unsegmented-round,high,densely,no,frosted,blue,nil,nil,no,LY_905051_ccrop.jpg,train
LY_907262_ccrop.jpg,Lymphocyte,small,irregular,unsegmented-indented,high,densely,no,frosted,blue,nil,nil,no,LY_907262_ccrop.jpg,train
LY_908757_ccrop.jpg,Lymphocyte,big,irregular,unsegmented-round,high,densely,no,frosted,purple blue,nil,nil,no,LY_908757_ccrop.jpg,train
LY_908944_ccrop.jpg,Lymphocyte,small,round,unsegmented-round,high,densely,no,frosted,blue,nil,nil,no,LY_908944_ccrop.jpg,train
LY_9109_ccrop.jpg,Lymphocyte,small,irregular,unsegmented-round,high,densely,no,frosted,purple blue,nil,nil,no,LY_9109_ccrop.jpg,train
LY_911324_ccrop.jpg,Lymphocyte,small,round,unsegmented-round,high,densely,no,frosted,blue,nil,nil,no,LY_911324_ccrop.jpg,train
LY_912598_ccrop.jpg,Lymphocyte,small,round,unsegmented-round,high,loosely,no,frosted,blue,nil,nil,no,LY_912598_ccrop.jpg,train
LY_914653_ccrop.jpg,Lymphocyte,small,round,unsegmented-round,high,densely,no,frosted,blue,nil,nil,no,LY_914653_ccrop.jpg,train
LY_915675_ccrop.jpg,Lymphocyte,small,round,unsegmented-round,high,densely,no,frosted,blue,nil,nil,no,LY_915675_ccrop.jpg,train
LY_915839_ccrop.jpg,Lymphocyte,small,irregular,unsegmented-round,high,densely,no,clear,purple blue,nil,nil,no,LY_915839_ccrop.jpg,train
LY_916903_ccrop.jpg,Lymphocyte,small,irregular,unsegmented-indented,high,densely,no,frosted,purple blue,nil,nil,no,LY_916903_ccrop.jpg,train
LY_918465_ccrop.jpg,Lymphocyte,small,round,unsegmented-round,high,densely,no,frosted,blue,nil,nil,no,LY_918465_ccrop.jpg,train
LY_918494_ccrop.jpg,Lymphocyte,small,irregular,unsegmented-indented,high,densely,no,frosted,blue,nil,nil,no,LY_918494_ccrop.jpg,train
LY_919323_ccrop.jpg,Lymphocyte,small,irregular,irregular,high,densely,no,frosted,blue,nil,nil,no,LY_919323_ccrop.jpg,train
LY_920111_ccrop.jpg,Lymphocyte,small,irregular,irregular,high,densely,no,clear,purple blue,nil,nil,no,LY_920111_ccrop.jpg,train
LY_921911_ccrop.jpg,Lymphocyte,small,round,unsegmented-round,high,densely,no,clear,blue,nil,nil,no,LY_921911_ccrop.jpg,train
LY_923038_ccrop.jpg,Lymphocyte,small,round,unsegmented-round,high,densely,no,clear,purple blue,nil,nil,no,LY_923038_ccrop.jpg,train
LY_925035_ccrop.jpg,Lymphocyte,small,round,unsegmented-indented,high,densely,no,frosted,blue,nil,nil,no,LY_925035_ccrop.jpg,train
LY_92565_ccrop.jpg,Lymphocyte,small,round,unsegmented-round,high,densely,no,clear,blue,nil,nil,no,LY_92565_ccrop.jpg,train
LY_925823_ccrop.jpg,Lymphocyte,small,irregular,unsegmented-round,high,densely,no,frosted,purple blue,nil,nil,no,LY_925823_ccrop.jpg,train
LY_926291_ccrop.jpg,Lymphocyte,small,round,unsegmented-round,high,densely,no,frosted,purple blue,nil,nil,no,LY_926291_ccrop.jpg,train
LY_927603_ccrop.jpg,Lymphocyte,small,round,unsegmented-round,high,densely,no,frosted,blue,nil,nil,no,LY_927603_ccrop.jpg,train
LY_928141_ccrop.jpg,Lymphocyte,small,round,unsegmented-round,high,densely,no,clear,blue,nil,nil,no,LY_928141_ccrop.jpg,train
LY_929835_ccrop.jpg,Lymphocyte,small,round,unsegmented-round,high,densely,no,frosted,blue,nil,nil,no,LY_929835_ccrop.jpg,train
LY_930111_ccrop.jpg,Lymphocyte,small,round,unsegmented-round,high,densely,no,clear,blue,nil,nil,no,LY_930111_ccrop.jpg,train
LY_930985_ccrop.jpg,Lymphocyte,small,round,unsegmented-round,high,densely,no,frosted,blue,nil,nil,no,LY_930985_ccrop.jpg,train
LY_933111_ccrop.jpg,Lymphocyte,small,irregular,unsegmented-round,high,densely,no,frosted,blue,nil,nil,no,LY_933111_ccrop.jpg,train
LY_933937_ccrop.jpg,Lymphocyte,small,round,unsegmented-indented,high,densely,no,clear,blue,nil,nil,no,LY_933937_ccrop.jpg,train
LY_934441_ccrop.jpg,Lymphocyte,small,round,unsegmented-round,high,densely,no,frosted,purple blue,nil,nil,no,LY_934441_ccrop.jpg,train
LY_935379_ccrop.jpg,Lymphocyte,small,round,unsegmented-round,high,densely,no,frosted,blue,nil,nil,no,LY_935379_ccrop.jpg,train
LY_936131_ccrop.jpg,Lymphocyte,small,irregular,unsegmented-round,high,densely,no,frosted,blue,nil,nil,no,LY_936131_ccrop.jpg,train
LY_937401_ccrop.jpg,Lymphocyte,small,round,unsegmented-indented,high,densely,no,frosted,blue,nil,nil,no,LY_937401_ccrop.jpg,train
LY_93903_ccrop.jpg,Lymphocyte,small,round,unsegmented-round,low,loosely,no,clear,light blue,nil,nil,no,LY_93903_ccrop.jpg,train
LY_944905_ccrop.jpg,Lymphocyte,small,round,unsegmented-round,high,densely,no,frosted,blue,nil,nil,no,LY_944905_ccrop.jpg,train
LY_945775_ccrop.jpg,Lymphocyte,small,round,unsegmented-round,high,densely,no,frosted,purple blue,nil,nil,no,LY_945775_ccrop.jpg,train
LY_947726_ccrop.jpg,Lymphocyte,small,round,unsegmented-round,high,densely,no,clear,blue,nil,nil,no,LY_947726_ccrop.jpg,train
LY_948851_ccrop.jpg,Lymphocyte,small,irregular,unsegmented-round,high,densely,no,frosted,purple blue,nil,nil,no,LY_948851_ccrop.jpg,train
LY_951374_ccrop.jpg,Lymphocyte,small,irregular,unsegmented-round,high,densely,no,frosted,blue,nil,nil,no,LY_951374_ccrop.jpg,train
LY_95212_ccrop.jpg,Lymphocyte,small,irregular,unsegmented-indented,high,densely,no,frosted,blue,nil,nil,no,LY_95212_ccrop.jpg,train
LY_952423_ccrop.jpg,Lymphocyte,small,round,unsegmented-round,high,densely,no,frosted,blue,nil,nil,no,LY_952423_ccrop.jpg,train
LY_954369_ccrop.jpg,Lymphocyte,small,round,unsegmented-round,high,densely,no,frosted,purple blue,nil,nil,no,LY_954369_ccrop.jpg,train
LY_955140_ccrop.jpg,Lymphocyte,small,round,unsegmented-round,high,densely,no,clear,blue,nil,nil,no,LY_955140_ccrop.jpg,train
LY_955445_ccrop.jpg,Lymphocyte,small,round,unsegmented-round,high,densely,no,clear,blue,nil,nil,no,LY_955445_ccrop.jpg,train
LY_95557_ccrop.jpg,Lymphocyte,small,round,unsegmented-round,high,densely,no,frosted,purple blue,nil,nil,no,LY_95557_ccrop.jpg,train
LY_956038_ccrop.jpg,Lymphocyte,small,round,unsegmented-indented,high,densely,no,frosted,blue,nil,nil,no,LY_956038_ccrop.jpg,train
LY_95668_ccrop.jpg,Lymphocyte,small,round,unsegmented-round,high,densely,no,frosted,purple blue,nil,nil,no,LY_95668_ccrop.jpg,train
LY_959755_ccrop.jpg,Lymphocyte,small,round,unsegmented-round,high,densely,no,clear,blue,nil,nil,no,LY_959755_ccrop.jpg,train
LY_961135_ccrop.jpg,Lymphocyte,small,round,unsegmented-round,high,densely,no,frosted,blue,nil,nil,no,LY_961135_ccrop.jpg,train
LY_961250_ccrop.jpg,Lymphocyte,small,round,unsegmented-round,high,densely,no,clear,blue,nil,nil,no,LY_961250_ccrop.jpg,train
LY_961642_ccrop.jpg,Lymphocyte,small,round,unsegmented-indented,high,densely,no,frosted,blue,nil,nil,no,LY_961642_ccrop.jpg,train
LY_962298_ccrop.jpg,Lymphocyte,small,irregular,irregular,high,densely,no,frosted,purple blue,nil,nil,no,LY_962298_ccrop.jpg,train
LY_962746_ccrop.jpg,Lymphocyte,small,irregular,unsegmented-round,high,densely,no,clear,blue,nil,nil,no,LY_962746_ccrop.jpg,train
LY_962901_ccrop.jpg,Lymphocyte,small,irregular,unsegmented-round,high,densely,no,clear,purple blue,nil,nil,no,LY_962901_ccrop.jpg,train
LY_965360_ccrop.jpg,Lymphocyte,small,round,unsegmented-round,high,densely,no,frosted,blue,nil,nil,no,LY_965360_ccrop.jpg,train
LY_969163_ccrop.jpg,Lymphocyte,small,irregular,unsegmented-indented,high,densely,no,frosted,blue,nil,nil,no,LY_969163_ccrop.jpg,train
LY_970253_ccrop.jpg,Lymphocyte,small,round,unsegmented-indented,high,densely,no,frosted,purple blue,nil,nil,no,LY_970253_ccrop.jpg,train
LY_971498_ccrop.jpg,Lymphocyte,small,round,unsegmented-round,high,densely,no,frosted,blue,nil,nil,no,LY_971498_ccrop.jpg,train
LY_971588_ccrop.jpg,Lymphocyte,small,round,unsegmented-round,high,densely,no,frosted,purple blue,nil,nil,no,LY_971588_ccrop.jpg,train
LY_974002_ccrop.jpg,Lymphocyte,small,round,unsegmented-round,low,densely,no,frosted,blue,nil,nil,no,LY_974002_ccrop.jpg,train
LY_974550_ccrop.jpg,Lymphocyte,small,irregular,unsegmented-round,high,densely,no,frosted,blue,nil,nil,no,LY_974550_ccrop.jpg,train
LY_978489_ccrop.jpg,Lymphocyte,small,round,unsegmented-round,high,densely,no,frosted,blue,nil,nil,no,LY_978489_ccrop.jpg,train
LY_981098_ccrop.jpg,Lymphocyte,small,round,unsegmented-round,high,densely,no,frosted,blue,nil,nil,no,LY_981098_ccrop.jpg,train
LY_98404_ccrop.jpg,Lymphocyte,small,irregular,unsegmented-round,high,loosely,no,frosted,blue,nil,nil,no,LY_98404_ccrop.jpg,train
LY_985583_ccrop.jpg,Lymphocyte,small,round,unsegmented-round,high,densely,no,frosted,blue,nil,nil,no,LY_985583_ccrop.jpg,train
LY_986779_ccrop.jpg,Lymphocyte,small,round,unsegmented-round,high,densely,no,frosted,blue,nil,nil,no,LY_986779_ccrop.jpg,train
LY_989262_ccrop.jpg,Lymphocyte,small,round,unsegmented-round,high,densely,no,frosted,blue,nil,nil,no,LY_989262_ccrop.jpg,train
LY_990177_ccrop.jpg,Lymphocyte,small,round,unsegmented-round,high,densely,no,clear,purple blue,nil,nil,no,LY_990177_ccrop.jpg,train
LY_996704_ccrop.jpg,Lymphocyte,small,round,unsegmented-round,low,densely,no,frosted,light blue,nil,nil,no,LY_996704_ccrop.jpg,train
LY_99706_ccrop.jpg,Lymphocyte,small,round,unsegmented-round,high,densely,no,frosted,blue,nil,nil,no,LY_99706_ccrop.jpg,train
LY_998918_ccrop.jpg,Lymphocyte,small,irregular,unsegmented-round,high,densely,no,clear,purple blue,nil,nil,no,LY_998918_ccrop.jpg,train
MO_100695_ccrop.jpg,Monocyte,big,irregular,irregular,low,loosely,yes,frosted,purple blue,nil,nil,no,MO_100695_ccrop.jpg,train
MO_102400_ccrop.jpg,Monocyte,big,round,unsegmented-indented,low,loosely,no,clear,light blue,nil,nil,no,MO_102400_ccrop.jpg,train
MO_103756_ccrop.jpg,Monocyte,big,irregular,irregular,low,densely,yes,frosted,purple blue,nil,nil,no,MO_103756_ccrop.jpg,train
MO_104431_ccrop.jpg,Monocyte,big,irregular,unsegmented-indented,low,loosely,yes,frosted,light blue,nil,nil,no,MO_104431_ccrop.jpg,train
MO_104441_ccrop.jpg,Monocyte,big,irregular,irregular,low,loosely,yes,clear,light blue,nil,nil,no,MO_104441_ccrop.jpg,train
MO_104451_ccrop.jpg,Monocyte,big,irregular,unsegmented-indented,low,loosely,yes,clear,light blue,nil,nil,no,MO_104451_ccrop.jpg,train
MO_104742_ccrop.jpg,Monocyte,big,irregular,unsegmented-round,low,loosely,no,frosted,blue,nil,nil,no,MO_104742_ccrop.jpg,train
MO_107333_ccrop.jpg,Monocyte,big,irregular,unsegmented-indented,low,densely,yes,clear,blue,nil,nil,no,MO_107333_ccrop.jpg,train
MO_108531_ccrop.jpg,Monocyte,big,irregular,unsegmented-indented,low,loosely,yes,clear,purple blue,nil,nil,no,MO_108531_ccrop.jpg,train
MO_111681_ccrop.jpg,Monocyte,big,irregular,segmented-bilobed,low,loosely,no,clear,light blue,nil,nil,no,MO_111681_ccrop.jpg,train
MO_111777_ccrop.jpg,Monocyte,big,round,unsegmented-indented,low,loosely,no,frosted,purple blue,nil,nil,no,MO_111777_ccrop.jpg,train
MO_111934_ccrop.jpg,Monocyte,small,round,unsegmented-indented,high,loosely,no,frosted,blue,nil,nil,no,MO_111934_ccrop.jpg,train
MO_112339_ccrop.jpg,Monocyte,small,round,unsegmented-indented,high,densely,no,frosted,blue,nil,nil,no,MO_112339_ccrop.jpg,train
MO_113269_ccrop.jpg,Monocyte,big,irregular,unsegmented-indented,low,loosely,yes,frosted,light blue,nil,nil,no,MO_113269_ccrop.jpg,train
MO_114341_ccrop.jpg,Monocyte,big,irregular,unsegmented-indented,low,loosely,yes,frosted,purple blue,nil,nil,no,MO_114341_ccrop.jpg,train
MO_115896_ccrop.jpg,Monocyte,big,irregular,irregular,low,loosely,yes,frosted,blue,nil,nil,no,MO_115896_ccrop.jpg,train
MO_116471_ccrop.jpg,Monocyte,big,round,unsegmented-indented,low,loosely,no,clear,blue,nil,nil,no,MO_116471_ccrop.jpg,train
MO_116903_ccrop.jpg,Monocyte,big,round,unsegmented-indented,low,loosely,no,frosted,blue,nil,nil,no,MO_116903_ccrop.jpg,train
MO_119086_ccrop.jpg,Monocyte,small,round,unsegmented-indented,low,densely,no,frosted,blue,nil,nil,no,MO_119086_ccrop.jpg,train
MO_119666_ccrop.jpg,Monocyte,big,irregular,irregular,low,loosely,no,clear,light blue,nil,nil,no,MO_119666_ccrop.jpg,train
MO_122086_ccrop.jpg,Monocyte,big,round,unsegmented-indented,low,loosely,no,clear,purple blue,nil,nil,no,MO_122086_ccrop.jpg,train
MO_122877_ccrop.jpg,Monocyte,big,irregular,irregular,low,loosely,yes,frosted,blue,nil,nil,no,MO_122877_ccrop.jpg,train
MO_125756_ccrop.jpg,Monocyte,big,round,unsegmented-indented,high,loosely,no,frosted,blue,nil,nil,no,MO_125756_ccrop.jpg,train
MO_125852_ccrop.jpg,Monocyte,big,irregular,unsegmented-indented,low,loosely,yes,frosted,blue,nil,nil,no,MO_125852_ccrop.jpg,train
MO_128218_ccrop.jpg,Monocyte,small,round,unsegmented-indented,low,loosely,no,frosted,blue,nil,nil,no,MO_128218_ccrop.jpg,train
MO_12960_ccrop.jpg,Monocyte,big,round,unsegmented-indented,low,loosely,no,frosted,blue,nil,nil,no,MO_12960_ccrop.jpg,train
MO_133271_ccrop.jpg,Monocyte,big,irregular,irregular,low,loosely,yes,frosted,purple blue,nil,nil,no,MO_133271_ccrop.jpg,train
MO_133444_ccrop.jpg,Monocyte,small,round,unsegmented-indented,high,densely,no,frosted,blue,nil,nil,no,MO_133444_ccrop.jpg,train
MO_134596_ccrop.jpg,Monocyte,small,round,unsegmented-indented,low,densely,no,frosted,blue,nil,nil,no,MO_134596_ccrop.jpg,train
MO_134722_ccrop.jpg,Monocyte,big,round,unsegmented-indented,low,loosely,yes,clear,blue,nil,nil,no,MO_134722_ccrop.jpg,train
MO_134963_ccrop.jpg,Monocyte,big,irregular,unsegmented-indented,low,loosely,yes,frosted,purple blue,nil,nil,no,MO_134963_ccrop.jpg,train
MO_136404_ccrop.jpg,Monocyte,big,irregular,unsegmented-indented,low,loosely,yes,frosted,purple blue,nil,nil,no,MO_136404_ccrop.jpg,train
MO_137267_ccrop.jpg,Monocyte,small,irregular,unsegmented-indented,low,loosely,no,frosted,blue,nil,nil,no,MO_137267_ccrop.jpg,train
MO_139617_ccrop.jpg,Monocyte,big,irregular,irregular,low,loosely,yes,clear,light blue,nil,nil,no,MO_139617_ccrop.jpg,train
MO_140180_ccrop.jpg,Monocyte,big,irregular,unsegmented-indented,low,loosely,yes,clear,light blue,nil,nil,no,MO_140180_ccrop.jpg,train
MO_142730_ccrop.jpg,Monocyte,big,round,unsegmented-indented,low,densely,no,frosted,purple blue,nil,nil,no,MO_142730_ccrop.jpg,train
MO_143031_ccrop.jpg,Monocyte,small,round,unsegmented-indented,low,loosely,no,frosted,purple blue,nil,nil,no,MO_143031_ccrop.jpg,train
MO_144054_ccrop.jpg,Monocyte,big,irregular,irregular,low,loosely,yes,frosted,purple blue,nil,nil,no,MO_144054_ccrop.jpg,train
MO_144468_ccrop.jpg,Monocyte,big,irregular,irregular,low,loosely,yes,frosted,light blue,nil,nil,no,MO_144468_ccrop.jpg,train
MO_145212_ccrop.jpg,Monocyte,big,irregular,unsegmented-indented,low,loosely,yes,frosted,blue,nil,nil,no,MO_145212_ccrop.jpg,train
MO_14626_ccrop.jpg,Monocyte,small,round,unsegmented-indented,high,loosely,no,frosted,blue,nil,nil,no,MO_14626_ccrop.jpg,train
MO_148236_ccrop.jpg,Monocyte,small,round,unsegmented-indented,low,densely,no,frosted,purple blue,nil,nil,no,MO_148236_ccrop.jpg,train
MO_148503_ccrop.jpg,Monocyte,big,round,unsegmented-indented,low,loosely,no,frosted,blue,nil,nil,no,MO_148503_ccrop.jpg,train
MO_148895_ccrop.jpg,Monocyte,big,round,unsegmented-indented,low,densely,no,frosted,purple blue,nil,nil,no,MO_148895_ccrop.jpg,train
MO_149116_ccrop.jpg,Monocyte,big,round,unsegmented-indented,low,loosely,no,frosted,purple blue,nil,nil,no,MO_149116_ccrop.jpg,train
MO_149181_ccrop.jpg,Monocyte,big,irregular,unsegmented-indented,low,loosely,yes,frosted,blue,nil,nil,no,MO_149181_ccrop.jpg,train
MO_149761_ccrop.jpg,Monocyte,big,irregular,unsegmented-indented,low,loosely,yes,frosted,blue,nil,nil,no,MO_149761_ccrop.jpg,train
MO_149989_ccrop.jpg,Monocyte,big,round,unsegmented-indented,low,loosely,no,clear,blue,nil,nil,no,MO_149989_ccrop.jpg,train
MO_1524_ccrop.jpg,Monocyte,small,irregular,irregular,low,densely,yes,frosted,blue,nil,nil,no,MO_1524_ccrop.jpg,train
MO_153378_ccrop.jpg,Monocyte,big,round,unsegmented-indented,low,loosely,no,frosted,purple blue,nil,nil,no,MO_153378_ccrop.jpg,train
MO_153516_ccrop.jpg,Monocyte,big,round,unsegmented-indented,low,loosely,no,frosted,blue,nil,nil,no,MO_153516_ccrop.jpg,train
MO_154383_ccrop.jpg,Monocyte,big,irregular,irregular,low,loosely,yes,frosted,purple blue,nil,nil,no,MO_154383_ccrop.jpg,train
MO_157821_ccrop.jpg,Monocyte,big,irregular,irregular,low,loosely,yes,frosted,light blue,nil,nil,no,MO_157821_ccrop.jpg,train
MO_159213_ccrop.jpg,Monocyte,big,irregular,unsegmented-indented,low,loosely,no,frosted,light blue,nil,nil,no,MO_159213_ccrop.jpg,train
MO_159321_ccrop.jpg,Monocyte,big,round,segmented-bilobed,low,loosely,no,clear,purple blue,nil,nil,no,MO_159321_ccrop.jpg,train
MO_162174_ccrop.jpg,Monocyte,big,irregular,unsegmented-indented,low,loosely,yes,frosted,blue,nil,nil,no,MO_162174_ccrop.jpg,train
MO_163591_ccrop.jpg,Monocyte,big,irregular,irregular,low,loosely,yes,clear,light blue,nil,nil,no,MO_163591_ccrop.jpg,train
MO_168211_ccrop.jpg,Monocyte,big,irregular,irregular,low,loosely,yes,frosted,light blue,nil,nil,no,MO_168211_ccrop.jpg,train
MO_168402_ccrop.jpg,Monocyte,big,irregular,unsegmented-indented,low,loosely,yes,frosted,light blue,nil,nil,no,MO_168402_ccrop.jpg,train
MO_168549_ccrop.jpg,Monocyte,big,round,unsegmented-indented,low,loosely,no,frosted,purple blue,nil,nil,no,MO_168549_ccrop.jpg,train
MO_168818_ccrop.jpg,Monocyte,big,round,unsegmented-indented,low,loosely,no,clear,blue,nil,nil,no,MO_168818_ccrop.jpg,train
MO_168917_ccrop.jpg,Monocyte,big,irregular,irregular,low,loosely,yes,frosted,blue,nil,nil,no,MO_168917_ccrop.jpg,train
MO_168925_ccrop.jpg,Monocyte,small,round,unsegmented-indented,low,loosely,no,clear,purple blue,nil,nil,no,MO_168925_ccrop.jpg,train
MO_169657_ccrop.jpg,Monocyte,big,irregular,irregular,low,loosely,yes,frosted,blue,nil,nil,no,MO_169657_ccrop.jpg,train
MO_170993_ccrop.jpg,Monocyte,big,irregular,irregular,low,loosely,yes,frosted,blue,nil,nil,no,MO_170993_ccrop.jpg,train
MO_172354_ccrop.jpg,Monocyte,big,irregular,unsegmented-indented,low,loosely,yes,frosted,purple blue,nil,nil,no,MO_172354_ccrop.jpg,train
MO_174318_ccrop.jpg,Monocyte,small,round,unsegmented-indented,high,densely,no,clear,blue,nil,nil,no,MO_174318_ccrop.jpg,train
MO_174547_ccrop.jpg,Monocyte,small,round,unsegmented-indented,low,loosely,no,frosted,blue,nil,nil,no,MO_174547_ccrop.jpg,train
MO_177234_ccrop.jpg,Monocyte,big,irregular,irregular,low,loosely,yes,frosted,purple blue,nil,nil,no,MO_177234_ccrop.jpg,train
MO_181661_ccrop.jpg,Monocyte,big,irregular,irregular,low,loosely,no,clear,light blue,nil,nil,no,MO_181661_ccrop.jpg,train
MO_181748_ccrop.jpg,Monocyte,big,round,unsegmented-indented,low,loosely,no,frosted,blue,nil,nil,no,MO_181748_ccrop.jpg,train
MO_183236_ccrop.jpg,Monocyte,big,irregular,irregular,low,loosely,yes,clear,light blue,nil,nil,no,MO_183236_ccrop.jpg,train
MO_183270_ccrop.jpg,Monocyte,big,irregular,unsegmented-indented,low,loosely,yes,frosted,purple blue,nil,nil,no,MO_183270_ccrop.jpg,train
MO_183392_ccrop.jpg,Monocyte,big,irregular,unsegmented-indented,low,loosely,yes,frosted,blue,nil,nil,no,MO_183392_ccrop.jpg,train
MO_184578_ccrop.jpg,Monocyte,big,round,unsegmented-indented,low,densely,no,frosted,purple blue,nil,nil,no,MO_184578_ccrop.jpg,train
MO_186489_ccrop.jpg,Monocyte,big,irregular,unsegmented-indented,low,loosely,no,frosted,blue,nil,nil,no,MO_186489_ccrop.jpg,train
MO_187065_ccrop.jpg,Monocyte,big,round,unsegmented-indented,low,loosely,no,clear,blue,nil,nil,no,MO_187065_ccrop.jpg,train
MO_18877_ccrop.jpg,Monocyte,small,round,unsegmented-indented,low,loosely,no,clear,light blue,nil,nil,no,MO_18877_ccrop.jpg,train
MO_189358_ccrop.jpg,Monocyte,big,irregular,irregular,low,loosely,yes,frosted,purple blue,nil,nil,no,MO_189358_ccrop.jpg,train
MO_192236_ccrop.jpg,Monocyte,small,irregular,irregular,low,loosely,no,frosted,blue,nil,nil,no,MO_192236_ccrop.jpg,train
MO_192551_ccrop.jpg,Monocyte,big,round,unsegmented-indented,low,loosely,no,frosted,purple blue,nil,nil,no,MO_192551_ccrop.jpg,train
MO_19376_ccrop.jpg,Monocyte,small,round,unsegmented-indented,low,densely,no,frosted,purple blue,nil,nil,no,MO_19376_ccrop.jpg,train
MO_194219_ccrop.jpg,Monocyte,small,round,unsegmented-indented,high,densely,no,frosted,blue,nil,nil,no,MO_194219_ccrop.jpg,train
MO_194646_ccrop.jpg,Monocyte,small,round,unsegmented-indented,low,densely,no,frosted,purple blue,nil,nil,no,MO_194646_ccrop.jpg,train
MO_196453_ccrop.jpg,Monocyte,small,round,unsegmented-round,high,loosely,no,frosted,purple blue,nil,nil,no,MO_196453_ccrop.jpg,train
MO_196497_ccrop.jpg,Monocyte,big,irregular,irregular,low,loosely,yes,clear,blue,nil,nil,no,MO_196497_ccrop.jpg,train
MO_198926_ccrop.jpg,Monocyte,small,round,unsegmented-indented,low,loosely,no,frosted,blue,nil,nil,no,MO_198926_ccrop.jpg,train
MO_200691_ccrop.jpg,Monocyte,big,round,unsegmented-round,low,loosely,no,frosted,purple blue,nil,nil,no,MO_200691_ccrop.jpg,train
MO_201026_ccrop.jpg,Monocyte,big,round,irregular,low,loosely,yes,frosted,blue,nil,nil,no,MO_201026_ccrop.jpg,train
MO_205404_ccrop.jpg,Monocyte,big,irregular,unsegmented-indented,low,loosely,yes,clear,blue,nil,nil,no,MO_205404_ccrop.jpg,train
MO_20821_ccrop.jpg,Monocyte,big,irregular,unsegmented-indented,low,loosely,yes,clear,light blue,nil,nil,no,MO_20821_ccrop.jpg,train
MO_208213_ccrop.jpg,Monocyte,big,irregular,unsegmented-round,low,loosely,no,frosted,blue,nil,nil,no,MO_208213_ccrop.jpg,train
MO_208335_ccrop.jpg,Monocyte,small,round,unsegmented-indented,low,densely,no,frosted,blue,nil,nil,no,MO_208335_ccrop.jpg,train
MO_209550_ccrop.jpg,Monocyte,big,irregular,irregular,low,loosely,yes,frosted,blue,nil,nil,no,MO_209550_ccrop.jpg,train
MO_210928_ccrop.jpg,Monocyte,big,irregular,unsegmented-indented,low,loosely,no,frosted,blue,nil,nil,no,MO_210928_ccrop.jpg,train
MO_212295_ccrop.jpg,Monocyte,big,irregular,unsegmented-indented,low,loosely,yes,frosted,purple blue,nil,nil,no,MO_212295_ccrop.jpg,train
MO_212554_ccrop.jpg,Monocyte,big,irregular,unsegmented-indented,low,loosely,yes,frosted,blue,nil,nil,no,MO_212554_ccrop.jpg,train
MO_212567_ccrop.jpg,Monocyte,big,irregular,unsegmented-indented,low,loosely,yes,clear,light blue,nil,nil,no,MO_212567_ccrop.jpg,train
MO_212604_ccrop.jpg,Monocyte,big,round,unsegmented-indented,low,loosely,no,frosted,purple blue,nil,nil,no,MO_212604_ccrop.jpg,train
MO_213319_ccrop.jpg,Monocyte,small,round,unsegmented-indented,low,densely,no,frosted,blue,nil,nil,no,MO_213319_ccrop.jpg,train
MO_214064_ccrop.jpg,Monocyte,big,irregular,irregular,low,loosely,no,clear,light blue,nil,nil,no,MO_214064_ccrop.jpg,train
MO_214087_ccrop.jpg,Monocyte,big,round,unsegmented-indented,low,loosely,yes,frosted,purple blue,nil,nil,no,MO_214087_ccrop.jpg,train
MO_215092_ccrop.jpg,Monocyte,big,irregular,unsegmented-indented,low,loosely,no,frosted,light blue,nil,nil,no,MO_215092_ccrop.jpg,train
MO_216533_ccrop.jpg,Monocyte,big,irregular,unsegmented-indented,low,loosely,yes,frosted,blue,nil,nil,no,MO_216533_ccrop.jpg,train
MO_216731_ccrop.jpg,Monocyte,small,irregular,segmented-bilobed,low,loosely,no,frosted,blue,nil,nil,no,MO_216731_ccrop.jpg,train
MO_217158_ccrop.jpg,Monocyte,big,round,unsegmented-indented,low,densely,no,frosted,purple blue,nil,nil,no,MO_217158_ccrop.jpg,train
MO_217246_ccrop.jpg,Monocyte,big,irregular,unsegmented-indented,low,loosely,no,frosted,blue,nil,nil,no,MO_217246_ccrop.jpg,train
MO_217315_ccrop.jpg,Monocyte,small,round,unsegmented-indented,high,densely,no,frosted,purple blue,nil,nil,no,MO_217315_ccrop.jpg,train
MO_21733_ccrop.jpg,Monocyte,small,round,unsegmented-indented,low,densely,no,frosted,blue,nil,nil,no,MO_21733_ccrop.jpg,train
MO_220143_ccrop.jpg,Monocyte,big,irregular,unsegmented-indented,low,loosely,no,clear,blue,nil,nil,no,MO_220143_ccrop.jpg,train
MO_2221_ccrop.jpg,Monocyte,big,irregular,unsegmented-indented,low,loosely,no,frosted,purple blue,nil,nil,no,MO_2221_ccrop.jpg,train
MO_222303_ccrop.jpg,Monocyte,big,irregular,irregular,low,loosely,yes,clear,blue,nil,nil,no,MO_222303_ccrop.jpg,train
MO_223296_ccrop.jpg,Monocyte,small,round,unsegmented-indented,high,densely,no,frosted,blue,nil,nil,no,MO_223296_ccrop.jpg,train
MO_225079_ccrop.jpg,Monocyte,big,irregular,unsegmented-indented,low,loosely,yes,frosted,purple blue,nil,nil,no,MO_225079_ccrop.jpg,train
MO_225218_ccrop.jpg,Monocyte,big,round,unsegmented-indented,low,densely,no,clear,purple blue,nil,nil,no,MO_225218_ccrop.jpg,train
MO_226318_ccrop.jpg,Monocyte,big,round,unsegmented-indented,low,loosely,no,frosted,blue,nil,nil,no,MO_226318_ccrop.jpg,train
MO_226484_ccrop.jpg,Monocyte,big,round,unsegmented-round,low,loosely,no,frosted,blue,nil,nil,no,MO_226484_ccrop.jpg,train
MO_229532_ccrop.jpg,Monocyte,small,irregular,unsegmented-indented,high,loosely,no,frosted,purple blue,nil,nil,no,MO_229532_ccrop.jpg,train
MO_230324_ccrop.jpg,Monocyte,big,irregular,unsegmented-indented,low,loosely,no,frosted,light blue,nil,nil,no,MO_230324_ccrop.jpg,train
MO_231316_ccrop.jpg,Monocyte,small,round,unsegmented-indented,low,loosely,no,frosted,blue,nil,nil,no,MO_231316_ccrop.jpg,train
MO_23282_ccrop.jpg,Monocyte,big,round,unsegmented-round,low,loosely,no,frosted,blue,nil,nil,no,MO_23282_ccrop.jpg,train
MO_234193_ccrop.jpg,Monocyte,big,round,unsegmented-indented,low,loosely,no,frosted,blue,nil,nil,no,MO_234193_ccrop.jpg,train
MO_235578_ccrop.jpg,Monocyte,small,round,unsegmented-indented,high,densely,no,frosted,purple blue,nil,nil,no,MO_235578_ccrop.jpg,train
MO_23768_ccrop.jpg,Monocyte,big,round,unsegmented-indented,low,loosely,no,frosted,purple blue,nil,nil,no,MO_23768_ccrop.jpg,train
MO_23775_ccrop.jpg,Monocyte,small,round,irregular,low,loosely,no,frosted,blue,nil,nil,no,MO_23775_ccrop.jpg,train
MO_237869_ccrop.jpg,Monocyte,big,irregular,unsegmented-indented,low,loosely,yes,frosted,purple blue,nil,nil,no,MO_237869_ccrop.jpg,train
MO_238063_ccrop.jpg,Monocyte,big,irregular,unsegmented-indented,low,loosely,yes,frosted,light blue,nil,nil,no,MO_238063_ccrop.jpg,train
MO_238900_ccrop.jpg,Monocyte,big,round,unsegmented-indented,low,loosely,yes,frosted,blue,nil,nil,no,MO_238900_ccrop.jpg,train
MO_239521_ccrop.jpg,Monocyte,big,round,unsegmented-indented,low,loosely,no,clear,purple blue,nil,nil,no,MO_239521_ccrop.jpg,train
MO_242489_ccrop.jpg,Monocyte,big,irregular,unsegmented-indented,low,loosely,yes,frosted,purple blue,nil,nil,no,MO_242489_ccrop.jpg,train
MO_246781_ccrop.jpg,Monocyte,big,round,unsegmented-indented,low,loosely,no,frosted,blue,nil,nil,no,MO_246781_ccrop.jpg,train
MO_248568_ccrop.jpg,Monocyte,big,round,unsegmented-indented,low,loosely,no,frosted,purple blue,nil,nil,no,MO_248568_ccrop.jpg,train
MO_248587_ccrop.jpg,Monocyte,big,round,unsegmented-indented,low,densely,no,frosted,purple blue,nil,nil,no,MO_248587_ccrop.jpg,train
MO_250099_ccrop.jpg,Monocyte,big,irregular,unsegmented-indented,low,loosely,yes,frosted,blue,nil,nil,no,MO_250099_ccrop.jpg,train
MO_25182_ccrop.jpg,Monocyte,small,round,unsegmented-indented,low,densely,no,frosted,purple blue,nil,nil,no,MO_25182_ccrop.jpg,train
MO_25276_ccrop.jpg,Monocyte,big,round,unsegmented-indented,low,loosely,no,frosted,purple blue,nil,nil,no,MO_25276_ccrop.jpg,train
MO_253182_ccrop.jpg,Monocyte,big,irregular,unsegmented-indented,low,loosely,no,frosted,blue,nil,nil,no,MO_253182_ccrop.jpg,train
MO_254452_ccrop.jpg,Monocyte,big,irregular,unsegmented-indented,low,loosely,yes,frosted,purple blue,nil,nil,no,MO_254452_ccrop.jpg,train
MO_255233_ccrop.jpg,Monocyte,big,irregular,unsegmented-indented,low,loosely,no,frosted,blue,nil,nil,no,MO_255233_ccrop.jpg,train
MO_255241_ccrop.jpg,Monocyte,big,irregular,unsegmented-indented,low,loosely,no,frosted,blue,nil,nil,no,MO_255241_ccrop.jpg,train
MO_255406_ccrop.jpg,Monocyte,big,round,unsegmented-indented,low,loosely,no,frosted,blue,nil,nil,no,MO_255406_ccrop.jpg,train
MO_256430_ccrop.jpg,Monocyte,big,round,unsegmented-indented,low,loosely,no,frosted,blue,nil,nil,no,MO_256430_ccrop.jpg,train
MO_257525_ccrop.jpg,Monocyte,big,irregular,unsegmented-indented,low,loosely,yes,frosted,light blue,nil,nil,no,MO_257525_ccrop.jpg,train
MO_257537_ccrop.jpg,Monocyte,small,round,unsegmented-indented,high,loosely,no,frosted,blue,nil,nil,no,MO_257537_ccrop.jpg,train
MO_257939_ccrop.jpg,Monocyte,big,irregular,unsegmented-indented,low,loosely,no,frosted,purple blue,nil,nil,no,MO_257939_ccrop.jpg,train
MO_258001_ccrop.jpg,Monocyte,big,irregular,irregular,low,loosely,yes,clear,purple blue,nil,nil,no,MO_258001_ccrop.jpg,train
MO_258162_ccrop.jpg,Monocyte,big,irregular,unsegmented-indented,low,loosely,yes,frosted,blue,nil,nil,no,MO_258162_ccrop.jpg,train
MO_258290_ccrop.jpg,Monocyte,big,round,unsegmented-indented,low,loosely,no,frosted,blue,nil,nil,no,MO_258290_ccrop.jpg,train
MO_259043_ccrop.jpg,Monocyte,big,irregular,irregular,low,loosely,yes,frosted,purple blue,nil,nil,no,MO_259043_ccrop.jpg,train
MO_261263_ccrop.jpg,Monocyte,small,irregular,unsegmented-indented,low,loosely,no,frosted,blue,nil,nil,no,MO_261263_ccrop.jpg,train
MO_261626_ccrop.jpg,Monocyte,big,round,unsegmented-indented,low,loosely,no,frosted,blue,nil,nil,no,MO_261626_ccrop.jpg,train
MO_261751_ccrop.jpg,Monocyte,big,irregular,unsegmented-indented,low,loosely,yes,frosted,blue,nil,nil,no,MO_261751_ccrop.jpg,train
MO_262081_ccrop.jpg,Monocyte,big,irregular,irregular,low,loosely,yes,frosted,purple blue,nil,nil,no,MO_262081_ccrop.jpg,train
MO_264354_ccrop.jpg,Monocyte,small,round,unsegmented-indented,low,loosely,no,frosted,purple blue,nil,nil,no,MO_264354_ccrop.jpg,train
MO_266868_ccrop.jpg,Monocyte,big,round,unsegmented-indented,low,loosely,no,frosted,purple blue,nil,nil,no,MO_266868_ccrop.jpg,train
MO_267447_ccrop.jpg,Monocyte,big,round,unsegmented-indented,low,loosely,no,frosted,purple blue,nil,nil,no,MO_267447_ccrop.jpg,train
MO_268250_ccrop.jpg,Monocyte,big,irregular,irregular,low,loosely,yes,frosted,blue,nil,nil,no,MO_268250_ccrop.jpg,train
MO_269575_ccrop.jpg,Monocyte,big,irregular,unsegmented-indented,low,loosely,yes,frosted,purple blue,nil,nil,no,MO_269575_ccrop.jpg,train
MO_269792_ccrop.jpg,Monocyte,big,round,unsegmented-indented,low,densely,no,frosted,purple blue,nil,nil,no,MO_269792_ccrop.jpg,train
MO_271165_ccrop.jpg,Monocyte,big,irregular,unsegmented-indented,low,loosely,yes,frosted,purple blue,nil,nil,no,MO_271165_ccrop.jpg,train
MO_272420_ccrop.jpg,Monocyte,big,round,unsegmented-indented,low,loosely,no,clear,blue,nil,nil,no,MO_272420_ccrop.jpg,train
MO_273522_ccrop.jpg,Monocyte,big,round,unsegmented-indented,low,loosely,no,frosted,blue,nil,nil,no,MO_273522_ccrop.jpg,train
MO_275459_ccrop.jpg,Monocyte,big,round,unsegmented-indented,low,loosely,no,frosted,purple blue,nil,nil,no,MO_275459_ccrop.jpg,train
MO_276444_ccrop.jpg,Monocyte,small,round,irregular,low,loosely,no,frosted,purple blue,nil,nil,no,MO_276444_ccrop.jpg,train
MO_277784_ccrop.jpg,Monocyte,small,round,unsegmented-indented,low,loosely,no,frosted,blue,nil,nil,no,MO_277784_ccrop.jpg,train
MO_278768_ccrop.jpg,Monocyte,big,round,unsegmented-indented,low,densely,yes,frosted,purple blue,nil,nil,no,MO_278768_ccrop.jpg,train
MO_284143_ccrop.jpg,Monocyte,small,round,unsegmented-indented,low,loosely,no,frosted,purple blue,nil,nil,no,MO_284143_ccrop.jpg,train
MO_284364_ccrop.jpg,Monocyte,big,round,unsegmented-indented,low,loosely,no,frosted,purple blue,nil,nil,no,MO_284364_ccrop.jpg,train
MO_2893_ccrop.jpg,Monocyte,big,irregular,irregular,low,loosely,yes,frosted,purple blue,nil,nil,no,MO_2893_ccrop.jpg,train
MO_293124_ccrop.jpg,Monocyte,big,irregular,irregular,low,loosely,yes,frosted,blue,nil,nil,no,MO_293124_ccrop.jpg,train
MO_293271_ccrop.jpg,Monocyte,small,round,unsegmented-round,low,densely,no,frosted,purple blue,nil,nil,no,MO_293271_ccrop.jpg,train
MO_294724_ccrop.jpg,Monocyte,big,irregular,unsegmented-indented,low,loosely,no,clear,purple blue,nil,nil,no,MO_294724_ccrop.jpg,train
MO_296772_ccrop.jpg,Monocyte,big,round,unsegmented-indented,low,loosely,no,clear,purple blue,nil,nil,no,MO_296772_ccrop.jpg,train
MO_299307_ccrop.jpg,Monocyte,small,round,unsegmented-indented,high,densely,no,frosted,blue,nil,nil,no,MO_299307_ccrop.jpg,train
MO_300733_ccrop.jpg,Monocyte,big,round,unsegmented-indented,low,loosely,no,frosted,purple blue,nil,nil,no,MO_300733_ccrop.jpg,train
MO_302771_ccrop.jpg,Monocyte,big,round,unsegmented-indented,low,loosely,yes,clear,blue,nil,nil,no,MO_302771_ccrop.jpg,train
MO_307572_ccrop.jpg,Monocyte,small,round,unsegmented-indented,low,loosely,no,frosted,blue,nil,nil,no,MO_307572_ccrop.jpg,train
MO_307859_ccrop.jpg,Monocyte,big,round,unsegmented-indented,low,loosely,no,clear,blue,nil,nil,no,MO_307859_ccrop.jpg,train
MO_308226_ccrop.jpg,Monocyte,big,irregular,irregular,low,loosely,yes,frosted,purple blue,nil,nil,no,MO_308226_ccrop.jpg,train
MO_310770_ccrop.jpg,Monocyte,big,irregular,irregular,low,loosely,no,frosted,purple blue,nil,nil,no,MO_310770_ccrop.jpg,train
MO_311339_ccrop.jpg,Monocyte,big,irregular,irregular,low,loosely,yes,frosted,blue,nil,nil,no,MO_311339_ccrop.jpg,train
MO_315300_ccrop.jpg,Monocyte,big,round,irregular,low,loosely,yes,frosted,blue,nil,nil,no,MO_315300_ccrop.jpg,train
MO_315312_ccrop.jpg,Monocyte,big,round,unsegmented-indented,low,loosely,no,frosted,blue,nil,nil,no,MO_315312_ccrop.jpg,train
MO_320396_ccrop.jpg,Monocyte,big,irregular,irregular,low,loosely,yes,frosted,purple blue,nil,nil,no,MO_320396_ccrop.jpg,train
MO_320490_ccrop.jpg,Monocyte,big,round,unsegmented-indented,low,loosely,no,clear,purple blue,nil,nil,no,MO_320490_ccrop.jpg,train
MO_321788_ccrop.jpg,Monocyte,big,round,unsegmented-indented,low,loosely,yes,frosted,purple blue,nil,nil,no,MO_321788_ccrop.jpg,train
MO_321941_ccrop.jpg,Monocyte,big,irregular,unsegmented-indented,low,loosely,no,frosted,blue,nil,nil,no,MO_321941_ccrop.jpg,train
MO_322276_ccrop.jpg,Monocyte,big,irregular,unsegmented-indented,low,loosely,no,frosted,blue,nil,nil,no,MO_322276_ccrop.jpg,train
MO_325431_ccrop.jpg,Monocyte,big,round,unsegmented-indented,low,loosely,no,clear,blue,nil,nil,no,MO_325431_ccrop.jpg,train
MO_325850_ccrop.jpg,Monocyte,big,irregular,irregular,low,loosely,yes,clear,light blue,nil,nil,no,MO_325850_ccrop.jpg,train
MO_326040_ccrop.jpg,Monocyte,small,round,unsegmented-indented,low,loosely,no,clear,purple blue,nil,nil,no,MO_326040_ccrop.jpg,train
MO_327883_ccrop.jpg,Monocyte,big,irregular,irregular,low,loosely,yes,frosted,purple blue,nil,nil,no,MO_327883_ccrop.jpg,train
MO_3281_ccrop.jpg,Monocyte,big,irregular,unsegmented-indented,low,loosely,yes,frosted,blue,nil,nil,no,MO_3281_ccrop.jpg,train
MO_328743_ccrop.jpg,Monocyte,big,irregular,unsegmented-indented,low,loosely,no,frosted,blue,nil,nil,no,MO_328743_ccrop.jpg,train
MO_330695_ccrop.jpg,Monocyte,big,irregular,unsegmented-indented,low,loosely,yes,frosted,blue,nil,nil,no,MO_330695_ccrop.jpg,train
MO_331436_ccrop.jpg,Monocyte,small,round,unsegmented-indented,high,densely,no,frosted,purple blue,nil,nil,no,MO_331436_ccrop.jpg,train
MO_332386_ccrop.jpg,Monocyte,big,irregular,irregular,low,loosely,yes,frosted,purple blue,nil,nil,no,MO_332386_ccrop.jpg,train
MO_332858_ccrop.jpg,Monocyte,big,round,unsegmented-indented,low,loosely,no,clear,blue,nil,nil,no,MO_332858_ccrop.jpg,train
MO_332923_ccrop.jpg,Monocyte,small,round,unsegmented-round,high,densely,no,frosted,blue,nil,nil,no,MO_332923_ccrop.jpg,train
MO_333557_ccrop.jpg,Monocyte,big,irregular,unsegmented-indented,low,loosely,no,clear,purple blue,nil,nil,no,MO_333557_ccrop.jpg,train
MO_338729_ccrop.jpg,Monocyte,small,round,unsegmented-indented,low,loosely,no,frosted,purple blue,nil,nil,no,MO_338729_ccrop.jpg,train
MO_342486_ccrop.jpg,Monocyte,big,round,unsegmented-indented,low,loosely,yes,frosted,purple blue,nil,nil,no,MO_342486_ccrop.jpg,train
MO_342563_ccrop.jpg,Monocyte,big,irregular,unsegmented-indented,low,loosely,no,frosted,purple blue,nil,nil,no,MO_342563_ccrop.jpg,train
MO_343906_ccrop.jpg,Monocyte,big,round,unsegmented-indented,low,loosely,no,frosted,purple blue,nil,nil,no,MO_343906_ccrop.jpg,train
MO_345398_ccrop.jpg,Monocyte,big,round,unsegmented-indented,low,loosely,no,frosted,blue,nil,nil,no,MO_345398_ccrop.jpg,train
MO_345587_ccrop.jpg,Monocyte,big,round,unsegmented-indented,low,loosely,yes,frosted,purple blue,nil,nil,no,MO_345587_ccrop.jpg,train
MO_345969_ccrop.jpg,Monocyte,big,round,unsegmented-indented,low,loosely,no,frosted,purple blue,nil,nil,no,MO_345969_ccrop.jpg,train
MO_348475_ccrop.jpg,Monocyte,small,round,unsegmented-indented,low,loosely,no,clear,blue,nil,nil,no,MO_348475_ccrop.jpg,train
MO_348749_ccrop.jpg,Monocyte,big,round,irregular,low,loosely,yes,clear,purple blue,nil,nil,no,MO_348749_ccrop.jpg,train
MO_349852_ccrop.jpg,Monocyte,big,irregular,unsegmented-indented,low,loosely,yes,frosted,purple blue,nil,nil,no,MO_349852_ccrop.jpg,train
MO_350301_ccrop.jpg,Monocyte,big,irregular,unsegmented-indented,low,loosely,yes,frosted,blue,nil,nil,no,MO_350301_ccrop.jpg,train
MO_351284_ccrop.jpg,Monocyte,big,irregular,irregular,low,densely,yes,frosted,blue,nil,nil,no,MO_351284_ccrop.jpg,train
MO_353686_ccrop.jpg,Monocyte,big,irregular,unsegmented-indented,low,loosely,yes,clear,blue,nil,nil,no,MO_353686_ccrop.jpg,train
MO_354293_ccrop.jpg,Monocyte,big,irregular,unsegmented-indented,low,loosely,yes,frosted,blue,nil,nil,no,MO_354293_ccrop.jpg,train
MO_354442_ccrop.jpg,Monocyte,big,round,unsegmented-indented,high,loosely,no,frosted,blue,nil,nil,no,MO_354442_ccrop.jpg,train
MO_355224_ccrop.jpg,Monocyte,big,irregular,irregular,low,loosely,yes,frosted,blue,nil,nil,no,MO_355224_ccrop.jpg,train
MO_357283_ccrop.jpg,Monocyte,big,irregular,irregular,low,loosely,yes,clear,blue,nil,nil,no,MO_357283_ccrop.jpg,train
MO_357657_ccrop.jpg,Monocyte,big,irregular,unsegmented-indented,low,densely,no,frosted,purple blue,nil,nil,no,MO_357657_ccrop.jpg,train
MO_358488_ccrop.jpg,Monocyte,big,irregular,unsegmented-indented,low,densely,no,frosted,blue,nil,nil,no,MO_358488_ccrop.jpg,train
MO_360218_ccrop.jpg,Monocyte,big,round,unsegmented-indented,low,loosely,no,frosted,light blue,nil,nil,no,MO_360218_ccrop.jpg,train
MO_361517_ccrop.jpg,Monocyte,big,irregular,unsegmented-round,low,densely,no,frosted,blue,nil,nil,no,MO_361517_ccrop.jpg,train
MO_362561_ccrop.jpg,Monocyte,big,irregular,irregular,low,loosely,no,frosted,blue,nil,nil,no,MO_362561_ccrop.jpg,train
MO_362651_ccrop.jpg,Monocyte,big,irregular,irregular,low,loosely,yes,frosted,blue,nil,nil,no,MO_362651_ccrop.jpg,train
MO_362980_ccrop.jpg,Monocyte,small,round,unsegmented-indented,high,densely,no,frosted,blue,nil,nil,no,MO_362980_ccrop.jpg,train
MO_363174_ccrop.jpg,Monocyte,big,irregular,irregular,low,loosely,yes,frosted,blue,nil,nil,no,MO_363174_ccrop.jpg,train
MO_363564_ccrop.jpg,Monocyte,big,irregular,irregular,low,densely,yes,frosted,blue,nil,nil,no,MO_363564_ccrop.jpg,train
MO_365265_ccrop.jpg,Monocyte,small,round,unsegmented-indented,low,loosely,no,clear,purple blue,nil,nil,no,MO_365265_ccrop.jpg,train
MO_369170_ccrop.jpg,Monocyte,small,round,unsegmented-indented,high,densely,no,frosted,blue,nil,nil,no,MO_369170_ccrop.jpg,train
MO_371068_ccrop.jpg,Monocyte,big,irregular,unsegmented-indented,low,loosely,yes,frosted,blue,nil,nil,no,MO_371068_ccrop.jpg,train
MO_371397_ccrop.jpg,Monocyte,big,irregular,irregular,low,loosely,no,frosted,purple blue,nil,nil,no,MO_371397_ccrop.jpg,train
MO_371740_ccrop.jpg,Monocyte,small,round,unsegmented-indented,low,loosely,no,frosted,blue,nil,nil,no,MO_371740_ccrop.jpg,train
MO_372163_ccrop.jpg,Monocyte,big,irregular,unsegmented-indented,low,loosely,no,frosted,blue,nil,nil,no,MO_372163_ccrop.jpg,train
MO_372197_ccrop.jpg,Monocyte,big,irregular,irregular,low,loosely,yes,frosted,blue,nil,nil,no,MO_372197_ccrop.jpg,train
MO_372328_ccrop.jpg,Monocyte,big,round,unsegmented-round,low,densely,no,frosted,blue,nil,nil,no,MO_372328_ccrop.jpg,train
MO_372496_ccrop.jpg,Monocyte,big,irregular,irregular,low,loosely,yes,frosted,purple blue,nil,nil,no,MO_372496_ccrop.jpg,train
MO_374623_ccrop.jpg,Monocyte,big,irregular,unsegmented-indented,low,loosely,yes,frosted,blue,nil,nil,no,MO_374623_ccrop.jpg,train
MO_378086_ccrop.jpg,Monocyte,big,irregular,unsegmented-indented,low,loosely,yes,clear,light blue,nil,nil,no,MO_378086_ccrop.jpg,train
MO_378770_ccrop.jpg,Monocyte,big,round,unsegmented-indented,low,densely,no,clear,purple blue,nil,nil,no,MO_378770_ccrop.jpg,train
MO_381720_ccrop.jpg,Monocyte,big,irregular,irregular,low,loosely,yes,clear,purple blue,nil,nil,no,MO_381720_ccrop.jpg,train
MO_382804_ccrop.jpg,Monocyte,big,irregular,unsegmented-indented,low,loosely,yes,frosted,blue,nil,nil,no,MO_382804_ccrop.jpg,train
MO_383141_ccrop.jpg,Monocyte,big,irregular,unsegmented-indented,low,loosely,yes,frosted,purple blue,nil,nil,no,MO_383141_ccrop.jpg,train
MO_384012_ccrop.jpg,Monocyte,small,round,unsegmented-indented,low,loosely,yes,frosted,blue,nil,nil,no,MO_384012_ccrop.jpg,train
MO_385446_ccrop.jpg,Monocyte,big,round,unsegmented-indented,low,loosely,no,frosted,blue,nil,nil,no,MO_385446_ccrop.jpg,train
MO_386754_ccrop.jpg,Monocyte,big,irregular,unsegmented-indented,low,loosely,yes,frosted,purple blue,nil,nil,no,MO_386754_ccrop.jpg,train
MO_387936_ccrop.jpg,Monocyte,big,irregular,unsegmented-indented,low,densely,no,frosted,blue,nil,nil,no,MO_387936_ccrop.jpg,train
MO_389525_ccrop.jpg,Monocyte,big,irregular,unsegmented-indented,low,densely,yes,clear,purple blue,nil,nil,no,MO_389525_ccrop.jpg,train
MO_389641_ccrop.jpg,Monocyte,big,irregular,irregular,low,loosely,yes,frosted,blue,nil,nil,no,MO_389641_ccrop.jpg,train
MO_390934_ccrop.jpg,Monocyte,big,irregular,irregular,low,densely,yes,clear,purple blue,small,pink,yes,MO_390934_ccrop.jpg,train
MO_391733_ccrop.jpg,Monocyte,small,round,unsegmented-indented,low,densely,no,frosted,blue,nil,nil,no,MO_391733_ccrop.jpg,train
MO_392030_ccrop.jpg,Monocyte,big,irregular,unsegmented-indented,low,loosely,yes,clear,light blue,nil,nil,no,MO_392030_ccrop.jpg,train
MO_392040_ccrop.jpg,Monocyte,big,round,unsegmented-indented,low,loosely,no,frosted,blue,nil,nil,no,MO_392040_ccrop.jpg,train
MO_394173_ccrop.jpg,Monocyte,big,round,unsegmented-indented,low,densely,yes,frosted,blue,nil,nil,no,MO_394173_ccrop.jpg,train
MO_394238_ccrop.jpg,Monocyte,big,irregular,unsegmented-indented,low,loosely,yes,frosted,blue,nil,nil,no,MO_394238_ccrop.jpg,train
MO_394926_ccrop.jpg,Monocyte,small,irregular,unsegmented-indented,high,loosely,no,frosted,purple blue,nil,nil,no,MO_394926_ccrop.jpg,train
MO_396043_ccrop.jpg,Monocyte,big,irregular,unsegmented-indented,low,loosely,yes,frosted,blue,nil,nil,no,MO_396043_ccrop.jpg,train
MO_397136_ccrop.jpg,Monocyte,big,irregular,unsegmented-round,low,loosely,yes,clear,blue,nil,nil,no,MO_397136_ccrop.jpg,train
MO_398318_ccrop.jpg,Monocyte,big,irregular,unsegmented-indented,low,loosely,no,clear,blue,nil,nil,no,MO_398318_ccrop.jpg,train
MO_399228_ccrop.jpg,Monocyte,big,irregular,irregular,low,loosely,yes,clear,light blue,nil,nil,no,MO_399228_ccrop.jpg,train
MO_401220_ccrop.jpg,Monocyte,small,irregular,unsegmented-indented,low,densely,no,frosted,blue,nil,nil,no,MO_401220_ccrop.jpg,train
MO_402348_ccrop.jpg,Monocyte,big,irregular,irregular,low,loosely,yes,frosted,purple blue,nil,nil,no,MO_402348_ccrop.jpg,train
MO_402875_ccrop.jpg,Monocyte,big,round,unsegmented-indented,low,loosely,no,frosted,blue,nil,nil,no,MO_402875_ccrop.jpg,train
MO_403045_ccrop.jpg,Monocyte,big,irregular,unsegmented-indented,low,loosely,no,frosted,blue,nil,nil,no,MO_403045_ccrop.jpg,train
MO_405775_ccrop.jpg,Monocyte,small,round,unsegmented-round,high,densely,no,frosted,blue,nil,nil,no,MO_405775_ccrop.jpg,train
MO_405929_ccrop.jpg,Monocyte,big,irregular,unsegmented-indented,low,loosely,yes,clear,blue,nil,nil,no,MO_405929_ccrop.jpg,train
MO_406701_ccrop.jpg,Monocyte,big,round,unsegmented-indented,low,loosely,no,frosted,purple blue,nil,nil,no,MO_406701_ccrop.jpg,train
MO_407150_ccrop.jpg,Monocyte,small,round,unsegmented-indented,low,loosely,no,frosted,blue,nil,nil,no,MO_407150_ccrop.jpg,train
MO_408033_ccrop.jpg,Monocyte,big,irregular,irregular,low,loosely,yes,clear,blue,nil,nil,no,MO_408033_ccrop.jpg,train
MO_408876_ccrop.jpg,Monocyte,big,irregular,irregular,low,loosely,no,frosted,blue,nil,nil,no,MO_408876_ccrop.jpg,train
MO_409354_ccrop.jpg,Monocyte,big,round,unsegmented-indented,low,densely,no,clear,purple blue,nil,nil,no,MO_409354_ccrop.jpg,train
MO_409991_ccrop.jpg,Monocyte,big,irregular,unsegmented-indented,low,densely,yes,frosted,light blue,nil,nil,no,MO_409991_ccrop.jpg,train
MO_412422_ccrop.jpg,Monocyte,big,irregular,unsegmented-indented,low,loosely,yes,frosted,purple blue,nil,nil,no,MO_412422_ccrop.jpg,train
MO_412460_ccrop.jpg,Monocyte,big,irregular,irregular,low,loosely,yes,frosted,blue,nil,nil,no,MO_412460_ccrop.jpg,train
MO_412978_ccrop.jpg,Monocyte,big,round,unsegmented-round,low,loosely,no,clear,blue,nil,nil,no,MO_412978_ccrop.jpg,train
MO_413052_ccrop.jpg,Monocyte,big,irregular,irregular,low,loosely,yes,frosted,blue,nil,nil,no,MO_413052_ccrop.jpg,train
MO_413572_ccrop.jpg,Monocyte,big,round,unsegmented-indented,low,densely,no,frosted,blue,nil,nil,no,MO_413572_ccrop.jpg,train
MO_415531_ccrop.jpg,Monocyte,small,round,unsegmented-indented,high,densely,no,frosted,blue,nil,nil,no,MO_415531_ccrop.jpg,train
MO_416862_ccrop.jpg,Monocyte,big,round,unsegmented-indented,low,loosely,no,frosted,blue,nil,nil,no,MO_416862_ccrop.jpg,train
MO_417142_ccrop.jpg,Monocyte,small,irregular,unsegmented-indented,high,loosely,no,frosted,blue,nil,nil,no,MO_417142_ccrop.jpg,train
MO_418203_ccrop.jpg,Monocyte,big,round,unsegmented-indented,low,loosely,no,frosted,purple blue,nil,nil,no,MO_418203_ccrop.jpg,train
MO_419144_ccrop.jpg,Monocyte,big,round,unsegmented-indented,low,loosely,no,frosted,purple blue,nil,nil,no,MO_419144_ccrop.jpg,train
MO_420300_ccrop.jpg,Monocyte,big,round,unsegmented-indented,low,densely,no,frosted,blue,nil,nil,no,MO_420300_ccrop.jpg,train
MO_420359_ccrop.jpg,Monocyte,small,irregular,unsegmented-round,low,densely,no,frosted,purple blue,nil,nil,no,MO_420359_ccrop.jpg,train
MO_421759_ccrop.jpg,Monocyte,big,irregular,irregular,low,loosely,yes,frosted,blue,nil,nil,no,MO_421759_ccrop.jpg,train
MO_422563_ccrop.jpg,Monocyte,small,round,unsegmented-indented,high,densely,no,frosted,purple blue,nil,nil,no,MO_422563_ccrop.jpg,train
MO_4232_ccrop.jpg,Monocyte,big,irregular,irregular,low,loosely,yes,frosted,blue,nil,nil,no,MO_4232_ccrop.jpg,train
MO_423877_ccrop.jpg,Monocyte,big,round,unsegmented-indented,high,densely,no,frosted,blue,nil,nil,no,MO_423877_ccrop.jpg,train
MO_424310_ccrop.jpg,Monocyte,big,irregular,irregular,low,loosely,yes,frosted,purple blue,nil,nil,no,MO_424310_ccrop.jpg,train
MO_424389_ccrop.jpg,Monocyte,big,round,unsegmented-indented,low,loosely,no,frosted,purple blue,nil,nil,no,MO_424389_ccrop.jpg,train
MO_431284_ccrop.jpg,Monocyte,big,irregular,unsegmented-indented,low,loosely,yes,frosted,purple blue,nil,nil,no,MO_431284_ccrop.jpg,train
MO_433847_ccrop.jpg,Monocyte,big,round,unsegmented-indented,low,loosely,yes,frosted,purple blue,nil,nil,no,MO_433847_ccrop.jpg,train
MO_434045_ccrop.jpg,Monocyte,big,irregular,unsegmented-round,low,densely,no,frosted,purple blue,nil,nil,no,MO_434045_ccrop.jpg,train
MO_434289_ccrop.jpg,Monocyte,big,irregular,unsegmented-indented,low,loosely,yes,clear,blue,nil,nil,no,MO_434289_ccrop.jpg,train
MO_435631_ccrop.jpg,Monocyte,big,round,unsegmented-indented,low,loosely,no,frosted,purple blue,nil,nil,no,MO_435631_ccrop.jpg,train
MO_437728_ccrop.jpg,Monocyte,big,irregular,unsegmented-indented,low,loosely,no,frosted,blue,nil,nil,no,MO_437728_ccrop.jpg,train
MO_439297_ccrop.jpg,Monocyte,small,irregular,unsegmented-indented,high,loosely,no,frosted,blue,nil,nil,no,MO_439297_ccrop.jpg,train
MO_439999_ccrop.jpg,Monocyte,big,irregular,irregular,high,loosely,yes,frosted,blue,nil,nil,no,MO_439999_ccrop.jpg,train
MO_441066_ccrop.jpg,Monocyte,big,irregular,irregular,low,loosely,yes,frosted,purple blue,nil,nil,no,MO_441066_ccrop.jpg,train
MO_444171_ccrop.jpg,Monocyte,big,irregular,irregular,low,loosely,yes,frosted,blue,nil,nil,no,MO_444171_ccrop.jpg,train
MO_447322_ccrop.jpg,Monocyte,big,irregular,unsegmented-indented,low,loosely,no,frosted,blue,nil,nil,no,MO_447322_ccrop.jpg,train
MO_448245_ccrop.jpg,Monocyte,big,irregular,unsegmented-indented,low,loosely,yes,frosted,blue,nil,nil,no,MO_448245_ccrop.jpg,train
MO_448299_ccrop.jpg,Monocyte,big,irregular,irregular,low,loosely,yes,frosted,blue,nil,nil,no,MO_448299_ccrop.jpg,train
MO_450401_ccrop.jpg,Monocyte,big,round,unsegmented-indented,low,loosely,yes,clear,purple blue,nil,nil,no,MO_450401_ccrop.jpg,train
MO_452441_ccrop.jpg,Monocyte,big,irregular,irregular,low,loosely,yes,frosted,blue,nil,nil,no,MO_452441_ccrop.jpg,train
MO_453799_ccrop.jpg,Monocyte,big,round,unsegmented-indented,low,loosely,yes,frosted,purple blue,nil,nil,no,MO_453799_ccrop.jpg,train
MO_455421_ccrop.jpg,Monocyte,big,irregular,irregular,low,densely,yes,frosted,purple blue,nil,nil,no,MO_455421_ccrop.jpg,train
MO_456994_ccrop.jpg,Monocyte,big,irregular,irregular,low,loosely,yes,frosted,purple blue,nil,nil,no,MO_456994_ccrop.jpg,train
MO_457419_ccrop.jpg,Monocyte,big,irregular,unsegmented-round,low,loosely,yes,frosted,purple blue,nil,nil,no,MO_457419_ccrop.jpg,train
MO_458178_ccrop.jpg,Monocyte,big,round,unsegmented-indented,low,loosely,no,clear,purple blue,nil,nil,no,MO_458178_ccrop.jpg,train
MO_458271_ccrop.jpg,Monocyte,big,irregular,unsegmented-round,low,loosely,yes,frosted,blue,nil,nil,no,MO_458271_ccrop.jpg,train
MO_460255_ccrop.jpg,Monocyte,big,irregular,irregular,high,densely,no,frosted,purple blue,nil,nil,no,MO_460255_ccrop.jpg,train
MO_461013_ccrop.jpg,Monocyte,big,round,unsegmented-indented,low,densely,no,frosted,blue,nil,nil,no,MO_461013_ccrop.jpg,train
MO_461501_ccrop.jpg,Monocyte,big,irregular,unsegmented-indented,low,loosely,no,frosted,blue,nil,nil,no,MO_461501_ccrop.jpg,train
MO_461638_ccrop.jpg,Monocyte,big,irregular,irregular,low,loosely,yes,frosted,light blue,nil,nil,no,MO_461638_ccrop.jpg,train
MO_462964_ccrop.jpg,Monocyte,big,irregular,unsegmented-indented,low,densely,yes,frosted,blue,nil,nil,no,MO_462964_ccrop.jpg,train
MO_465710_ccrop.jpg,Monocyte,big,round,unsegmented-indented,low,loosely,no,frosted,purple blue,nil,nil,no,MO_465710_ccrop.jpg,train
MO_466514_ccrop.jpg,Monocyte,big,round,unsegmented-indented,low,loosely,no,frosted,blue,nil,nil,no,MO_466514_ccrop.jpg,train
MO_46784_ccrop.jpg,Monocyte,big,round,unsegmented-indented,low,loosely,yes,frosted,blue,nil,nil,no,MO_46784_ccrop.jpg,train
MO_467924_ccrop.jpg,Monocyte,big,irregular,unsegmented-indented,low,loosely,yes,frosted,blue,nil,nil,no,MO_467924_ccrop.jpg,train
MO_467997_ccrop.jpg,Monocyte,big,irregular,unsegmented-indented,low,densely,no,frosted,blue,nil,nil,no,MO_467997_ccrop.jpg,train
MO_468147_ccrop.jpg,Monocyte,big,irregular,unsegmented-indented,low,loosely,yes,frosted,purple blue,nil,nil,no,MO_468147_ccrop.jpg,train
MO_468506_ccrop.jpg,Monocyte,big,round,unsegmented-indented,low,densely,no,frosted,light blue,nil,nil,no,MO_468506_ccrop.jpg,train
MO_468776_ccrop.jpg,Monocyte,big,irregular,unsegmented-indented,low,densely,yes,frosted,purple blue,nil,nil,no,MO_468776_ccrop.jpg,train
MO_469644_ccrop.jpg,Monocyte,big,irregular,irregular,high,loosely,yes,frosted,blue,nil,nil,no,MO_469644_ccrop.jpg,train
MO_470658_ccrop.jpg,Monocyte,big,irregular,irregular,low,densely,yes,frosted,purple blue,nil,nil,no,MO_470658_ccrop.jpg,train
MO_473875_ccrop.jpg,Monocyte,big,round,unsegmented-indented,low,densely,no,frosted,purple blue,nil,nil,no,MO_473875_ccrop.jpg,train
MO_474241_ccrop.jpg,Monocyte,big,round,unsegmented-indented,low,loosely,no,frosted,blue,nil,nil,no,MO_474241_ccrop.jpg,train
MO_474380_ccrop.jpg,Monocyte,big,round,unsegmented-indented,low,densely,no,frosted,purple blue,nil,nil,no,MO_474380_ccrop.jpg,train
MO_475937_ccrop.jpg,Monocyte,big,irregular,unsegmented-indented,low,loosely,no,frosted,blue,nil,nil,no,MO_475937_ccrop.jpg,train
MO_477289_ccrop.jpg,Monocyte,big,irregular,irregular,low,loosely,yes,frosted,purple blue,nil,nil,no,MO_477289_ccrop.jpg,train
MO_478654_ccrop.jpg,Monocyte,big,round,unsegmented-indented,low,densely,yes,frosted,purple blue,nil,nil,no,MO_478654_ccrop.jpg,train
MO_482763_ccrop.jpg,Monocyte,big,irregular,unsegmented-indented,low,loosely,yes,frosted,purple blue,nil,nil,no,MO_482763_ccrop.jpg,train
MO_483167_ccrop.jpg,Monocyte,big,irregular,unsegmented-indented,low,loosely,yes,frosted,purple blue,nil,nil,no,MO_483167_ccrop.jpg,train
MO_483350_ccrop.jpg,Monocyte,big,round,unsegmented-indented,low,loosely,yes,clear,light blue,nil,nil,no,MO_483350_ccrop.jpg,train
MO_485774_ccrop.jpg,Monocyte,big,irregular,unsegmented-indented,low,loosely,yes,frosted,light blue,nil,nil,no,MO_485774_ccrop.jpg,train
MO_486211_ccrop.jpg,Monocyte,small,round,unsegmented-indented,high,densely,no,frosted,purple blue,nil,nil,no,MO_486211_ccrop.jpg,train
MO_486293_ccrop.jpg,Monocyte,big,irregular,irregular,low,densely,no,frosted,blue,nil,nil,no,MO_486293_ccrop.jpg,train
MO_486311_ccrop.jpg,Monocyte,big,irregular,unsegmented-indented,low,loosely,yes,frosted,blue,nil,nil,no,MO_486311_ccrop.jpg,train
MO_48904_ccrop.jpg,Monocyte,big,irregular,irregular,low,loosely,yes,frosted,purple blue,nil,nil,no,MO_48904_ccrop.jpg,train
MO_489227_ccrop.jpg,Monocyte,big,irregular,unsegmented-indented,low,densely,no,frosted,purple blue,nil,nil,no,MO_489227_ccrop.jpg,train
MO_490016_ccrop.jpg,Monocyte,big,round,unsegmented-round,low,loosely,yes,frosted,purple blue,nil,nil,no,MO_490016_ccrop.jpg,train
MO_490187_ccrop.jpg,Monocyte,big,round,unsegmented-indented,low,densely,no,frosted,purple blue,nil,nil,no,MO_490187_ccrop.jpg,train
MO_490254_ccrop.jpg,Monocyte,small,round,unsegmented-indented,high,densely,no,frosted,blue,nil,nil,no,MO_490254_ccrop.jpg,train
MO_492669_ccrop.jpg,Monocyte,big,irregular,unsegmented-indented,low,loosely,no,frosted,blue,nil,nil,no,MO_492669_ccrop.jpg,train
MO_496437_ccrop.jpg,Monocyte,big,round,unsegmented-indented,low,loosely,yes,frosted,purple blue,nil,nil,no,MO_496437_ccrop.jpg,train
MO_497117_ccrop.jpg,Monocyte,big,irregular,irregular,low,loosely,yes,frosted,blue,nil,nil,no,MO_497117_ccrop.jpg,train
MO_497528_ccrop.jpg,Monocyte,big,round,unsegmented-indented,low,loosely,no,frosted,blue,nil,nil,no,MO_497528_ccrop.jpg,train
MO_497693_ccrop.jpg,Monocyte,big,irregular,irregular,low,loosely,yes,clear,light blue,nil,nil,no,MO_497693_ccrop.jpg,train
MO_499033_ccrop.jpg,Monocyte,big,irregular,unsegmented-indented,low,loosely,no,frosted,purple blue,nil,nil,no,MO_499033_ccrop.jpg,train
MO_499693_ccrop.jpg,Monocyte,big,irregular,unsegmented-indented,low,densely,yes,frosted,blue,nil,nil,no,MO_499693_ccrop.jpg,train
MO_499702_ccrop.jpg,Monocyte,small,round,unsegmented-indented,high,densely,no,frosted,blue,nil,nil,no,MO_499702_ccrop.jpg,train
MO_500556_ccrop.jpg,Monocyte,big,irregular,unsegmented-indented,low,densely,yes,frosted,blue,nil,nil,no,MO_500556_ccrop.jpg,train
MO_501501_ccrop.jpg,Monocyte,small,round,unsegmented-indented,high,densely,no,frosted,blue,nil,nil,no,MO_501501_ccrop.jpg,train
MO_502212_ccrop.jpg,Monocyte,big,round,unsegmented-indented,low,loosely,yes,frosted,purple blue,nil,nil,no,MO_502212_ccrop.jpg,train
MO_503134_ccrop.jpg,Monocyte,big,irregular,irregular,low,loosely,yes,frosted,purple blue,nil,nil,no,MO_503134_ccrop.jpg,train
MO_503447_ccrop.jpg,Monocyte,big,irregular,irregular,low,loosely,yes,frosted,blue,nil,nil,no,MO_503447_ccrop.jpg,train
MO_504276_ccrop.jpg,Monocyte,big,irregular,unsegmented-indented,low,loosely,yes,clear,purple blue,nil,nil,no,MO_504276_ccrop.jpg,train
MO_504669_ccrop.jpg,Monocyte,small,round,unsegmented-indented,high,densely,no,frosted,purple blue,nil,nil,no,MO_504669_ccrop.jpg,train
MO_505288_ccrop.jpg,Monocyte,big,irregular,irregular,low,loosely,yes,frosted,blue,nil,nil,no,MO_505288_ccrop.jpg,train
MO_506372_ccrop.jpg,Monocyte,big,irregular,unsegmented-indented,low,densely,yes,frosted,blue,nil,nil,no,MO_506372_ccrop.jpg,train
MO_507386_ccrop.jpg,Monocyte,big,round,unsegmented-indented,low,loosely,yes,frosted,purple blue,nil,nil,no,MO_507386_ccrop.jpg,train
MO_508461_ccrop.jpg,Monocyte,big,irregular,unsegmented-indented,low,loosely,yes,frosted,blue,nil,nil,no,MO_508461_ccrop.jpg,train
MO_509282_ccrop.jpg,Monocyte,big,irregular,unsegmented-indented,low,densely,yes,frosted,purple blue,nil,nil,no,MO_509282_ccrop.jpg,train
MO_509828_ccrop.jpg,Monocyte,big,irregular,irregular,low,loosely,no,frosted,blue,nil,nil,no,MO_509828_ccrop.jpg,train
MO_509901_ccrop.jpg,Monocyte,big,irregular,irregular,low,loosely,yes,frosted,blue,nil,nil,no,MO_509901_ccrop.jpg,train
MO_512083_ccrop.jpg,Monocyte,big,irregular,unsegmented-round,low,densely,no,frosted,purple blue,nil,nil,no,MO_512083_ccrop.jpg,train
MO_512783_ccrop.jpg,Monocyte,big,irregular,irregular,low,loosely,yes,frosted,blue,nil,nil,no,MO_512783_ccrop.jpg,train
MO_513345_ccrop.jpg,Monocyte,big,irregular,unsegmented-indented,low,loosely,yes,frosted,purple blue,nil,nil,no,MO_513345_ccrop.jpg,train
MO_516376_ccrop.jpg,Monocyte,big,irregular,unsegmented-indented,low,densely,no,frosted,blue,nil,nil,no,MO_516376_ccrop.jpg,train
MO_51728_ccrop.jpg,Monocyte,big,irregular,irregular,low,loosely,yes,frosted,purple blue,nil,nil,no,MO_51728_ccrop.jpg,train
MO_519360_ccrop.jpg,Monocyte,big,round,unsegmented-indented,low,loosely,no,clear,light blue,nil,nil,no,MO_519360_ccrop.jpg,train
MO_519764_ccrop.jpg,Monocyte,big,irregular,unsegmented-indented,low,densely,yes,clear,light blue,nil,nil,no,MO_519764_ccrop.jpg,train
MO_51985_ccrop.jpg,Monocyte,big,irregular,irregular,low,loosely,yes,frosted,blue,nil,nil,no,MO_51985_ccrop.jpg,train
MO_520421_ccrop.jpg,Monocyte,small,round,unsegmented-indented,low,loosely,no,frosted,purple blue,nil,nil,no,MO_520421_ccrop.jpg,train
MO_521046_ccrop.jpg,Monocyte,big,irregular,unsegmented-indented,low,loosely,yes,frosted,purple blue,nil,nil,no,MO_521046_ccrop.jpg,train
MO_521254_ccrop.jpg,Monocyte,big,round,unsegmented-indented,low,loosely,no,frosted,blue,nil,nil,no,MO_521254_ccrop.jpg,train
MO_52244_ccrop.jpg,Monocyte,big,irregular,irregular,low,densely,yes,frosted,blue,nil,nil,no,MO_52244_ccrop.jpg,train
MO_526325_ccrop.jpg,Monocyte,small,round,unsegmented-indented,low,densely,no,frosted,purple blue,nil,nil,no,MO_526325_ccrop.jpg,train
MO_527472_ccrop.jpg,Monocyte,big,irregular,irregular,low,densely,no,frosted,purple blue,nil,nil,no,MO_527472_ccrop.jpg,train
MO_52909_ccrop.jpg,Monocyte,big,irregular,irregular,low,loosely,yes,frosted,light blue,nil,nil,no,MO_52909_ccrop.jpg,train
MO_529368_ccrop.jpg,Monocyte,big,irregular,irregular,low,loosely,yes,frosted,light blue,nil,nil,no,MO_529368_ccrop.jpg,train
MO_53142_ccrop.jpg,Monocyte,small,round,unsegmented-indented,high,loosely,no,frosted,blue,nil,nil,no,MO_53142_ccrop.jpg,train
MO_533376_ccrop.jpg,Monocyte,big,irregular,unsegmented-round,low,loosely,no,frosted,blue,nil,nil,no,MO_533376_ccrop.jpg,train
MO_533874_ccrop.jpg,Monocyte,big,irregular,unsegmented-round,low,loosely,yes,frosted,blue,nil,nil,no,MO_533874_ccrop.jpg,train
MO_536614_ccrop.jpg,Monocyte,big,irregular,unsegmented-indented,low,loosely,yes,clear,purple blue,nil,nil,no,MO_536614_ccrop.jpg,train
MO_539418_ccrop.jpg,Monocyte,big,irregular,unsegmented-indented,low,loosely,yes,frosted,blue,nil,nil,no,MO_539418_ccrop.jpg,train
MO_541213_ccrop.jpg,Monocyte,big,round,unsegmented-indented,low,loosely,yes,frosted,purple blue,nil,nil,no,MO_541213_ccrop.jpg,train
MO_542286_ccrop.jpg,Monocyte,big,round,unsegmented-indented,low,loosely,no,frosted,purple blue,nil,nil,no,MO_542286_ccrop.jpg,train
MO_542415_ccrop.jpg,Monocyte,big,round,unsegmented-round,low,densely,no,frosted,purple blue,nil,nil,no,MO_542415_ccrop.jpg,train
MO_544030_ccrop.jpg,Monocyte,big,irregular,unsegmented-indented,low,loosely,yes,frosted,blue,nil,nil,no,MO_544030_ccrop.jpg,train
MO_54457_ccrop.jpg,Monocyte,big,round,unsegmented-indented,low,loosely,no,frosted,purple blue,nil,nil,no,MO_54457_ccrop.jpg,train
MO_545901_ccrop.jpg,Monocyte,big,irregular,unsegmented-indented,high,loosely,no,frosted,blue,nil,nil,no,MO_545901_ccrop.jpg,train
MO_546759_ccrop.jpg,Monocyte,big,round,unsegmented-indented,low,densely,yes,frosted,purple blue,nil,nil,no,MO_546759_ccrop.jpg,train
MO_547080_ccrop.jpg,Monocyte,big,irregular,unsegmented-indented,low,densely,yes,clear,light blue,nil,nil,no,MO_547080_ccrop.jpg,train
MO_547178_ccrop.jpg,Monocyte,big,irregular,irregular,low,densely,no,frosted,purple blue,nil,nil,no,MO_547178_ccrop.jpg,train
MO_547845_ccrop.jpg,Monocyte,big,irregular,irregular,low,densely,no,frosted,blue,nil,nil,no,MO_547845_ccrop.jpg,train
MO_548509_ccrop.jpg,Monocyte,big,irregular,unsegmented-indented,low,loosely,no,frosted,purple blue,nil,nil,no,MO_548509_ccrop.jpg,train
MO_551683_ccrop.jpg,Monocyte,big,round,unsegmented-indented,low,densely,no,frosted,purple blue,nil,nil,no,MO_551683_ccrop.jpg,train
MO_551759_ccrop.jpg,Monocyte,big,round,unsegmented-indented,low,densely,no,frosted,purple blue,nil,nil,no,MO_551759_ccrop.jpg,train
MO_552414_ccrop.jpg,Monocyte,big,irregular,unsegmented-indented,low,loosely,yes,frosted,blue,nil,nil,no,MO_552414_ccrop.jpg,train
MO_55283_ccrop.jpg,Monocyte,big,irregular,unsegmented-indented,low,loosely,yes,clear,light blue,nil,nil,no,MO_55283_ccrop.jpg,train
MO_55488_ccrop.jpg,Monocyte,big,irregular,irregular,high,densely,no,frosted,blue,nil,nil,no,MO_55488_ccrop.jpg,train
MO_554917_ccrop.jpg,Monocyte,big,irregular,irregular,low,loosely,yes,clear,purple blue,nil,nil,no,MO_554917_ccrop.jpg,train
MO_556585_ccrop.jpg,Monocyte,big,round,unsegmented-indented,low,loosely,no,frosted,blue,nil,nil,no,MO_556585_ccrop.jpg,train
MO_556657_ccrop.jpg,Monocyte,big,round,unsegmented-indented,low,loosely,no,frosted,blue,nil,nil,no,MO_556657_ccrop.jpg,train
MO_557875_ccrop.jpg,Monocyte,big,irregular,irregular,low,loosely,yes,frosted,purple blue,nil,nil,no,MO_557875_ccrop.jpg,train
MO_557970_ccrop.jpg,Monocyte,big,round,unsegmented-indented,low,loosely,no,frosted,blue,nil,nil,no,MO_557970_ccrop.jpg,train
MO_558349_ccrop.jpg,Monocyte,big,irregular,unsegmented-indented,low,loosely,yes,clear,purple blue,small,pink,yes,MO_558349_ccrop.jpg,train
MO_560988_ccrop.jpg,Monocyte,small,round,unsegmented-indented,low,loosely,no,frosted,blue,nil,nil,no,MO_560988_ccrop.jpg,train
MO_562773_ccrop.jpg,Monocyte,small,irregular,unsegmented-indented,high,densely,no,frosted,purple blue,nil,nil,no,MO_562773_ccrop.jpg,train
MO_563214_ccrop.jpg,Monocyte,small,round,unsegmented-indented,low,densely,no,frosted,purple blue,nil,nil,no,MO_563214_ccrop.jpg,train
MO_56427_ccrop.jpg,Monocyte,big,round,unsegmented-indented,high,loosely,no,frosted,blue,nil,nil,no,MO_56427_ccrop.jpg,train
MO_567498_ccrop.jpg,Monocyte,small,round,unsegmented-indented,low,densely,no,frosted,purple blue,nil,nil,no,MO_567498_ccrop.jpg,train
MO_571951_ccrop.jpg,Monocyte,big,irregular,unsegmented-indented,high,loosely,no,frosted,blue,nil,nil,no,MO_571951_ccrop.jpg,train
MO_573001_ccrop.jpg,Monocyte,big,irregular,irregular,low,densely,yes,frosted,purple blue,nil,nil,no,MO_573001_ccrop.jpg,train
MO_573622_ccrop.jpg,Monocyte,small,round,unsegmented-indented,high,loosely,no,frosted,blue,nil,nil,no,MO_573622_ccrop.jpg,train
MO_574035_ccrop.jpg,Monocyte,big,irregular,unsegmented-indented,low,loosely,no,frosted,blue,nil,nil,no,MO_574035_ccrop.jpg,train
MO_574980_ccrop.jpg,Monocyte,big,irregular,irregular,low,loosely,yes,frosted,blue,nil,nil,no,MO_574980_ccrop.jpg,train
MO_578103_ccrop.jpg,Monocyte,big,round,unsegmented-indented,low,loosely,no,frosted,blue,nil,nil,no,MO_578103_ccrop.jpg,train
MO_578642_ccrop.jpg,Monocyte,big,irregular,unsegmented-indented,low,densely,yes,frosted,purple blue,nil,nil,no,MO_578642_ccrop.jpg,train
MO_579851_ccrop.jpg,Monocyte,big,irregular,irregular,low,loosely,yes,clear,light blue,nil,nil,no,MO_579851_ccrop.jpg,train
MO_581079_ccrop.jpg,Monocyte,big,irregular,unsegmented-indented,low,loosely,yes,frosted,purple blue,nil,nil,no,MO_581079_ccrop.jpg,train
MO_581325_ccrop.jpg,Monocyte,big,round,unsegmented-round,high,loosely,no,frosted,blue,nil,nil,no,MO_581325_ccrop.jpg,train
MO_584194_ccrop.jpg,Monocyte,big,irregular,unsegmented-indented,low,loosely,yes,frosted,blue,nil,nil,no,MO_584194_ccrop.jpg,train
MO_586209_ccrop.jpg,Monocyte,big,irregular,unsegmented-indented,low,loosely,yes,clear,light blue,nil,nil,no,MO_586209_ccrop.jpg,train
MO_586282_ccrop.jpg,Monocyte,big,irregular,irregular,low,loosely,yes,frosted,blue,nil,nil,no,MO_586282_ccrop.jpg,train
MO_586452_ccrop.jpg,Monocyte,small,irregular,irregular,low,densely,yes,frosted,purple blue,nil,nil,no,MO_586452_ccrop.jpg,train
MO_588078_ccrop.jpg,Monocyte,small,round,unsegmented-indented,low,densely,no,frosted,purple blue,nil,nil,no,MO_588078_ccrop.jpg,train
MO_589643_ccrop.jpg,Monocyte,big,irregular,unsegmented-indented,low,loosely,yes,frosted,purple blue,nil,nil,no,MO_589643_ccrop.jpg,train
MO_590262_ccrop.jpg,Monocyte,big,round,unsegmented-indented,low,loosely,no,frosted,blue,nil,nil,no,MO_590262_ccrop.jpg,train
MO_597225_ccrop.jpg,Monocyte,big,round,unsegmented-indented,low,densely,no,frosted,purple blue,nil,nil,no,MO_597225_ccrop.jpg,train
MO_597286_ccrop.jpg,Monocyte,big,irregular,unsegmented-indented,low,loosely,yes,frosted,blue,nil,nil,no,MO_597286_ccrop.jpg,train
MO_5979_ccrop.jpg,Monocyte,big,irregular,unsegmented-indented,low,loosely,no,clear,purple blue,nil,nil,no,MO_5979_ccrop.jpg,train
MO_598200_ccrop.jpg,Monocyte,big,irregular,unsegmented-round,low,loosely,no,frosted,blue,nil,nil,no,MO_598200_ccrop.jpg,train
MO_600892_ccrop.jpg,Monocyte,big,irregular,unsegmented-indented,low,loosely,yes,frosted,light blue,nil,nil,no,MO_600892_ccrop.jpg,train
MO_601397_ccrop.jpg,Monocyte,small,round,unsegmented-indented,low,loosely,no,frosted,blue,nil,nil,no,MO_601397_ccrop.jpg,train
MO_60168_ccrop.jpg,Monocyte,big,round,unsegmented-indented,low,loosely,no,frosted,blue,nil,nil,no,MO_60168_ccrop.jpg,train
MO_603091_ccrop.jpg,Monocyte,small,irregular,unsegmented-indented,low,densely,no,frosted,blue,nil,nil,no,MO_603091_ccrop.jpg,train
MO_604786_ccrop.jpg,Monocyte,big,round,unsegmented-indented,low,loosely,no,frosted,purple blue,nil,nil,no,MO_604786_ccrop.jpg,train
MO_604912_ccrop.jpg,Monocyte,big,irregular,unsegmented-indented,low,loosely,no,frosted,purple blue,nil,nil,no,MO_604912_ccrop.jpg,train
MO_606564_ccrop.jpg,Monocyte,big,irregular,irregular,low,densely,no,frosted,purple blue,nil,nil,no,MO_606564_ccrop.jpg,train
MO_606587_ccrop.jpg,Monocyte,big,irregular,irregular,low,loosely,yes,frosted,blue,nil,nil,no,MO_606587_ccrop.jpg,train
MO_606897_ccrop.jpg,Monocyte,big,round,unsegmented-round,low,densely,yes,frosted,purple blue,nil,nil,no,MO_606897_ccrop.jpg,train
MO_607749_ccrop.jpg,Monocyte,big,irregular,unsegmented-indented,low,loosely,no,frosted,blue,nil,nil,no,MO_607749_ccrop.jpg,train
MO_608407_ccrop.jpg,Monocyte,big,round,unsegmented-round,low,densely,no,frosted,purple blue,nil,nil,no,MO_608407_ccrop.jpg,train
MO_609525_ccrop.jpg,Monocyte,big,irregular,unsegmented-indented,low,densely,yes,frosted,purple blue,nil,nil,no,MO_609525_ccrop.jpg,train
MO_609867_ccrop.jpg,Monocyte,big,round,unsegmented-indented,high,densely,no,frosted,blue,nil,nil,no,MO_609867_ccrop.jpg,train
MO_61107_ccrop.jpg,Monocyte,big,round,unsegmented-indented,low,loosely,no,frosted,blue,nil,nil,no,MO_61107_ccrop.jpg,train
MO_611239_ccrop.jpg,Monocyte,big,round,unsegmented-indented,low,densely,yes,frosted,blue,nil,nil,no,MO_611239_ccrop.jpg,train
MO_612867_ccrop.jpg,Monocyte,big,round,unsegmented-indented,low,loosely,yes,frosted,blue,nil,nil,no,MO_612867_ccrop.jpg,train
MO_613573_ccrop.jpg,Monocyte,big,irregular,unsegmented-indented,low,densely,yes,frosted,purple blue,nil,nil,no,MO_613573_ccrop.jpg,train
MO_61548_ccrop.jpg,Monocyte,big,irregular,unsegmented-indented,low,loosely,yes,frosted,light blue,nil,nil,no,MO_61548_ccrop.jpg,train
MO_61631_ccrop.jpg,Monocyte,big,round,unsegmented-indented,low,loosely,no,clear,light blue,nil,nil,no,MO_61631_ccrop.jpg,train
MO_616416_ccrop.jpg,Monocyte,big,irregular,unsegmented-indented,low,densely,no,frosted,blue,nil,nil,no,MO_616416_ccrop.jpg,train
MO_618817_ccrop.jpg,Monocyte,big,irregular,unsegmented-round,high,densely,yes,frosted,purple blue,nil,nil,no,MO_618817_ccrop.jpg,train
MO_619192_ccrop.jpg,Monocyte,big,irregular,unsegmented-round,low,densely,no,frosted,purple blue,nil,nil,no,MO_619192_ccrop.jpg,train
MO_620684_ccrop.jpg,Monocyte,big,round,unsegmented-indented,low,densely,no,frosted,blue,nil,nil,no,MO_620684_ccrop.jpg,train
MO_621225_ccrop.jpg,Monocyte,big,round,unsegmented-indented,low,loosely,no,frosted,blue,nil,nil,no,MO_621225_ccrop.jpg,train
MO_6230_ccrop.jpg,Monocyte,big,round,unsegmented-indented,low,densely,yes,frosted,purple blue,nil,nil,no,MO_6230_ccrop.jpg,train
MO_62355_ccrop.jpg,Monocyte,big,round,unsegmented-round,low,densely,yes,clear,light blue,nil,nil,no,MO_62355_ccrop.jpg,train
MO_623791_ccrop.jpg,Monocyte,big,round,unsegmented-indented,low,densely,no,frosted,blue,nil,nil,no,MO_623791_ccrop.jpg,train
MO_624758_ccrop.jpg,Monocyte,big,round,unsegmented-indented,low,loosely,yes,frosted,blue,nil,nil,no,MO_624758_ccrop.jpg,train
MO_625079_ccrop.jpg,Monocyte,big,round,unsegmented-indented,low,densely,no,frosted,blue,nil,nil,no,MO_625079_ccrop.jpg,train
MO_625714_ccrop.jpg,Monocyte,big,irregular,irregular,low,densely,yes,frosted,blue,nil,nil,no,MO_625714_ccrop.jpg,train
MO_626759_ccrop.jpg,Monocyte,big,irregular,unsegmented-indented,low,loosely,yes,frosted,light blue,nil,nil,no,MO_626759_ccrop.jpg,train
MO_627871_ccrop.jpg,Monocyte,small,round,unsegmented-round,high,densely,no,frosted,purple blue,nil,nil,no,MO_627871_ccrop.jpg,train
MO_628540_ccrop.jpg,Monocyte,big,irregular,irregular,low,loosely,yes,frosted,purple blue,nil,nil,no,MO_628540_ccrop.jpg,train
MO_628819_ccrop.jpg,Monocyte,big,irregular,irregular,low,loosely,yes,frosted,purple blue,nil,nil,no,MO_628819_ccrop.jpg,train
MO_629240_ccrop.jpg,Monocyte,big,round,unsegmented-indented,low,densely,no,frosted,purple blue,nil,nil,no,MO_629240_ccrop.jpg,train
MO_629706_ccrop.jpg,Monocyte,big,round,unsegmented-indented,low,densely,no,frosted,purple blue,nil,nil,no,MO_629706_ccrop.jpg,train
MO_633497_ccrop.jpg,Monocyte,big,round,unsegmented-indented,low,loosely,no,frosted,purple blue,nil,nil,no,MO_633497_ccrop.jpg,train
MO_633840_ccrop.jpg,Monocyte,big,irregular,unsegmented-indented,low,densely,no,frosted,purple blue,nil,nil,no,MO_633840_ccrop.jpg,train
MO_634096_ccrop.jpg,Monocyte,big,round,unsegmented-indented,low,loosely,no,frosted,purple blue,nil,nil,no,MO_634096_ccrop.jpg,train
MO_634829_ccrop.jpg,Monocyte,big,irregular,unsegmented-round,low,densely,no,frosted,purple blue,nil,nil,no,MO_634829_ccrop.jpg,train
MO_636291_ccrop.jpg,Monocyte,big,irregular,unsegmented-indented,low,loosely,yes,frosted,purple blue,nil,nil,no,MO_636291_ccrop.jpg,train
MO_637636_ccrop.jpg,Monocyte,big,irregular,unsegmented-indented,low,densely,yes,frosted,purple blue,nil,nil,no,MO_637636_ccrop.jpg,train
MO_637800_ccrop.jpg,Monocyte,big,round,unsegmented-indented,low,densely,no,frosted,purple blue,nil,nil,no,MO_637800_ccrop.jpg,train
MO_639214_ccrop.jpg,Monocyte,big,irregular,unsegmented-indented,low,densely,yes,frosted,purple blue,nil,nil,no,MO_639214_ccrop.jpg,train
MO_641324_ccrop.jpg,Monocyte,big,round,unsegmented-indented,low,densely,no,frosted,purple blue,nil,nil,no,MO_641324_ccrop.jpg,train
MO_641516_ccrop.jpg,Monocyte,big,irregular,unsegmented-indented,low,densely,yes,frosted,purple blue,nil,nil,no,MO_641516_ccrop.jpg,train
MO_642249_ccrop.jpg,Monocyte,big,irregular,unsegmented-round,low,densely,yes,clear,light blue,nil,nil,no,MO_642249_ccrop.jpg,train
MO_642375_ccrop.jpg,Monocyte,big,round,unsegmented-indented,low,densely,no,frosted,purple blue,nil,nil,no,MO_642375_ccrop.jpg,train
MO_6446_ccrop.jpg,Monocyte,small,round,unsegmented-indented,low,densely,no,frosted,blue,nil,nil,no,MO_6446_ccrop.jpg,train
MO_64499_ccrop.jpg,Monocyte,big,irregular,unsegmented-indented,low,densely,yes,frosted,purple blue,nil,nil,no,MO_64499_ccrop.jpg,train
MO_645730_ccrop.jpg,Monocyte,big,round,unsegmented-indented,low,densely,no,frosted,blue,nil,nil,no,MO_645730_ccrop.jpg,train
MO_646983_ccrop.jpg,Monocyte,big,irregular,unsegmented-indented,low,densely,yes,frosted,blue,nil,nil,no,MO_646983_ccrop.jpg,train
MO_647060_ccrop.jpg,Monocyte,big,round,unsegmented-indented,low,densely,no,frosted,purple blue,nil,nil,no,MO_647060_ccrop.jpg,train
MO_648679_ccrop.jpg,Monocyte,big,round,unsegmented-indented,low,loosely,no,frosted,purple blue,nil,nil,no,MO_648679_ccrop.jpg,train
MO_648815_ccrop.jpg,Monocyte,small,round,unsegmented-indented,low,densely,no,frosted,blue,nil,nil,no,MO_648815_ccrop.jpg,train
MO_649902_ccrop.jpg,Monocyte,big,round,unsegmented-indented,low,densely,no,frosted,purple blue,nil,nil,no,MO_649902_ccrop.jpg,train
MO_649989_ccrop.jpg,Monocyte,big,round,unsegmented-indented,low,loosely,no,frosted,purple blue,nil,nil,no,MO_649989_ccrop.jpg,train
MO_65093_ccrop.jpg,Monocyte,big,round,unsegmented-indented,low,densely,no,frosted,purple blue,nil,nil,no,MO_65093_ccrop.jpg,train
MO_652800_ccrop.jpg,Monocyte,big,irregular,unsegmented-indented,low,loosely,yes,frosted,blue,nil,nil,no,MO_652800_ccrop.jpg,train
MO_654471_ccrop.jpg,Monocyte,big,irregular,unsegmented-indented,low,loosely,no,frosted,purple blue,nil,nil,no,MO_654471_ccrop.jpg,train
MO_654512_ccrop.jpg,Monocyte,big,round,unsegmented-indented,low,densely,no,frosted,purple blue,nil,nil,no,MO_654512_ccrop.jpg,train
MO_656604_ccrop.jpg,Monocyte,big,irregular,unsegmented-indented,low,loosely,yes,frosted,purple blue,nil,nil,no,MO_656604_ccrop.jpg,train
MO_656715_ccrop.jpg,Monocyte,big,irregular,unsegmented-indented,low,loosely,yes,frosted,purple blue,nil,nil,no,MO_656715_ccrop.jpg,train
MO_657432_ccrop.jpg,Monocyte,big,irregular,unsegmented-indented,low,densely,yes,frosted,purple blue,nil,nil,no,MO_657432_ccrop.jpg,train
MO_657984_ccrop.jpg,Monocyte,big,irregular,irregular,low,densely,yes,frosted,purple blue,nil,nil,no,MO_657984_ccrop.jpg,train
MO_658414_ccrop.jpg,Monocyte,small,round,unsegmented-indented,low,densely,no,frosted,purple blue,nil,nil,no,MO_658414_ccrop.jpg,train
MO_659792_ccrop.jpg,Monocyte,big,irregular,unsegmented-indented,low,loosely,yes,frosted,blue,nil,nil,no,MO_659792_ccrop.jpg,train
MO_660670_ccrop.jpg,Monocyte,big,round,unsegmented-round,high,loosely,no,frosted,purple blue,nil,nil,no,MO_660670_ccrop.jpg,train
MO_661575_ccrop.jpg,Monocyte,small,round,unsegmented-indented,low,densely,no,frosted,blue,nil,nil,no,MO_661575_ccrop.jpg,train
MO_662852_ccrop.jpg,Monocyte,big,round,unsegmented-indented,low,loosely,no,frosted,blue,nil,nil,no,MO_662852_ccrop.jpg,train
MO_664159_ccrop.jpg,Monocyte,big,irregular,irregular,low,densely,yes,frosted,purple blue,nil,nil,no,MO_664159_ccrop.jpg,train
MO_664187_ccrop.jpg,Monocyte,big,irregular,irregular,low,loosely,yes,frosted,blue,nil,nil,no,MO_664187_ccrop.jpg,train
MO_666057_ccrop.jpg,Monocyte,big,round,unsegmented-indented,low,loosely,no,frosted,blue,nil,nil,no,MO_666057_ccrop.jpg,train
MO_667353_ccrop.jpg,Monocyte,big,irregular,irregular,low,densely,yes,frosted,purple blue,nil,nil,no,MO_667353_ccrop.jpg,train
MO_668269_ccrop.jpg,Monocyte,big,irregular,unsegmented-indented,low,loosely,no,frosted,purple blue,nil,nil,no,MO_668269_ccrop.jpg,train
MO_668574_ccrop.jpg,Monocyte,big,irregular,irregular,low,densely,yes,frosted,blue,nil,nil,no,MO_668574_ccrop.jpg,train
MO_668866_ccrop.jpg,Monocyte,small,round,unsegmented-indented,low,densely,no,frosted,blue,nil,nil,no,MO_668866_ccrop.jpg,train
MO_669132_ccrop.jpg,Monocyte,big,irregular,unsegmented-indented,low,loosely,yes,clear,purple blue,nil,nil,no,MO_669132_ccrop.jpg,train
MO_669239_ccrop.jpg,Monocyte,big,irregular,irregular,low,densely,yes,frosted,purple blue,nil,nil,no,MO_669239_ccrop.jpg,train
MO_670614_ccrop.jpg,Monocyte,big,round,unsegmented-indented,low,densely,no,frosted,blue,nil,nil,no,MO_670614_ccrop.jpg,train
MO_670990_ccrop.jpg,Monocyte,big,round,unsegmented-indented,low,densely,no,frosted,purple blue,nil,nil,no,MO_670990_ccrop.jpg,train
MO_673929_ccrop.jpg,Monocyte,big,round,unsegmented-indented,low,densely,no,frosted,purple blue,nil,nil,no,MO_673929_ccrop.jpg,train
MO_675510_ccrop.jpg,Monocyte,big,round,unsegmented-indented,low,densely,no,frosted,purple blue,nil,nil,no,MO_675510_ccrop.jpg,train
MO_676317_ccrop.jpg,Monocyte,small,round,unsegmented-indented,low,densely,no,frosted,blue,nil,nil,no,MO_676317_ccrop.jpg,train
MO_678255_ccrop.jpg,Monocyte,big,irregular,irregular,low,densely,yes,frosted,purple blue,nil,nil,no,MO_678255_ccrop.jpg,train
MO_679758_ccrop.jpg,Monocyte,big,round,unsegmented-round,low,densely,no,frosted,purple blue,nil,nil,no,MO_679758_ccrop.jpg,train
MO_679959_ccrop.jpg,Monocyte,big,irregular,unsegmented-indented,low,loosely,no,frosted,blue,nil,nil,no,MO_679959_ccrop.jpg,train
MO_683356_ccrop.jpg,Monocyte,small,round,unsegmented-indented,low,densely,no,frosted,purple blue,nil,nil,no,MO_683356_ccrop.jpg,train
MO_683443_ccrop.jpg,Monocyte,big,irregular,irregular,low,loosely,no,frosted,purple blue,nil,nil,no,MO_683443_ccrop.jpg,train
MO_684764_ccrop.jpg,Monocyte,big,irregular,unsegmented-indented,low,densely,yes,frosted,purple blue,nil,nil,no,MO_684764_ccrop.jpg,train
MO_688574_ccrop.jpg,Monocyte,big,irregular,unsegmented-indented,low,loosely,yes,frosted,blue,nil,nil,no,MO_688574_ccrop.jpg,train
MO_689165_ccrop.jpg,Monocyte,big,round,unsegmented-indented,low,densely,yes,frosted,purple blue,nil,nil,no,MO_689165_ccrop.jpg,train
MO_68925_ccrop.jpg,Monocyte,big,irregular,irregular,low,densely,yes,frosted,purple blue,nil,nil,no,MO_68925_ccrop.jpg,train
MO_689542_ccrop.jpg,Monocyte,big,irregular,unsegmented-indented,low,loosely,no,frosted,blue,nil,nil,no,MO_689542_ccrop.jpg,train
MO_691230_ccrop.jpg,Monocyte,big,round,unsegmented-indented,low,densely,no,frosted,purple blue,nil,nil,no,MO_691230_ccrop.jpg,train
MO_692079_ccrop.jpg,Monocyte,big,irregular,unsegmented-indented,low,loosely,no,frosted,purple blue,nil,nil,no,MO_692079_ccrop.jpg,train
MO_692135_ccrop.jpg,Monocyte,big,irregular,unsegmented-indented,low,loosely,yes,frosted,purple blue,nil,nil,no,MO_692135_ccrop.jpg,train
MO_693426_ccrop.jpg,Monocyte,big,irregular,unsegmented-indented,low,loosely,no,frosted,blue,nil,nil,no,MO_693426_ccrop.jpg,train
MO_693501_ccrop.jpg,Monocyte,big,round,unsegmented-indented,high,densely,no,frosted,purple blue,nil,nil,no,MO_693501_ccrop.jpg,train
MO_696431_ccrop.jpg,Monocyte,big,round,unsegmented-indented,low,densely,no,frosted,purple blue,nil,nil,no,MO_696431_ccrop.jpg,train
MO_698675_ccrop.jpg,Monocyte,big,round,unsegmented-indented,low,densely,yes,frosted,purple blue,nil,nil,no,MO_698675_ccrop.jpg,train
MO_699606_ccrop.jpg,Monocyte,big,irregular,unsegmented-indented,low,densely,yes,frosted,blue,nil,nil,no,MO_699606_ccrop.jpg,train
MO_701058_ccrop.jpg,Monocyte,small,round,unsegmented-indented,high,densely,no,frosted,blue,nil,nil,no,MO_701058_ccrop.jpg,train
MO_701141_ccrop.jpg,Monocyte,big,irregular,unsegmented-indented,low,densely,yes,frosted,blue,nil,nil,no,MO_701141_ccrop.jpg,train
MO_702105_ccrop.jpg,Monocyte,big,irregular,unsegmented-indented,low,densely,yes,frosted,purple blue,nil,nil,no,MO_702105_ccrop.jpg,train
MO_702281_ccrop.jpg,Monocyte,big,irregular,unsegmented-indented,low,loosely,yes,frosted,blue,nil,nil,no,MO_702281_ccrop.jpg,train
MO_702473_ccrop.jpg,Monocyte,big,irregular,unsegmented-indented,low,loosely,no,frosted,blue,nil,nil,no,MO_702473_ccrop.jpg,train
MO_702940_ccrop.jpg,Monocyte,big,irregular,irregular,low,loosely,yes,frosted,blue,nil,nil,no,MO_702940_ccrop.jpg,train
MO_703127_ccrop.jpg,Monocyte,big,round,unsegmented-indented,low,densely,no,clear,purple blue,nil,nil,no,MO_703127_ccrop.jpg,train
MO_704914_ccrop.jpg,Monocyte,small,round,unsegmented-indented,low,densely,no,frosted,blue,nil,nil,no,MO_704914_ccrop.jpg,train
MO_705572_ccrop.jpg,Monocyte,big,irregular,unsegmented-indented,low,loosely,yes,frosted,purple blue,nil,nil,no,MO_705572_ccrop.jpg,train
MO_705630_ccrop.jpg,Monocyte,big,irregular,unsegmented-indented,low,loosely,yes,frosted,purple blue,nil,nil,no,MO_705630_ccrop.jpg,train
MO_70630_ccrop.jpg,Monocyte,big,irregular,irregular,low,densely,yes,frosted,purple blue,nil,nil,no,MO_70630_ccrop.jpg,train
MO_707045_ccrop.jpg,Monocyte,big,irregular,unsegmented-indented,low,loosely,yes,clear,purple blue,nil,nil,no,MO_707045_ccrop.jpg,train
MO_707140_ccrop.jpg,Monocyte,big,round,unsegmented-indented,low,densely,yes,frosted,purple blue,nil,nil,no,MO_707140_ccrop.jpg,train
MO_707494_ccrop.jpg,Monocyte,big,round,unsegmented-indented,low,densely,no,frosted,purple blue,nil,nil,no,MO_707494_ccrop.jpg,train
MO_707836_ccrop.jpg,Monocyte,big,irregular,irregular,low,densely,yes,frosted,blue,nil,nil,no,MO_707836_ccrop.jpg,train
MO_70803_ccrop.jpg,Monocyte,big,round,unsegmented-indented,low,densely,no,frosted,purple blue,nil,nil,no,MO_70803_ccrop.jpg,train
MO_709754_ccrop.jpg,Monocyte,small,round,unsegmented-indented,low,densely,no,frosted,purple blue,nil,nil,no,MO_709754_ccrop.jpg,train
MO_711672_ccrop.jpg,Monocyte,big,round,unsegmented-indented,low,densely,no,frosted,blue,nil,nil,no,MO_711672_ccrop.jpg,train
MO_714146_ccrop.jpg,Monocyte,big,irregular,unsegmented-indented,low,loosely,yes,frosted,blue,nil,nil,no,MO_714146_ccrop.jpg,train
MO_716428_ccrop.jpg,Monocyte,big,round,unsegmented-indented,low,densely,no,frosted,blue,nil,nil,no,MO_716428_ccrop.jpg,train
MO_71697_ccrop.jpg,Monocyte,big,irregular,unsegmented-indented,low,loosely,yes,frosted,blue,nil,nil,no,MO_71697_ccrop.jpg,train
MO_717500_ccrop.jpg,Monocyte,big,irregular,unsegmented-indented,low,densely,yes,frosted,blue,nil,nil,no,MO_717500_ccrop.jpg,train
MO_718520_ccrop.jpg,Monocyte,big,irregular,irregular,low,densely,yes,frosted,blue,nil,nil,no,MO_718520_ccrop.jpg,train
MO_7195_ccrop.jpg,Monocyte,big,irregular,irregular,low,loosely,yes,frosted,blue,nil,nil,no,MO_7195_ccrop.jpg,train
MO_719729_ccrop.jpg,Monocyte,big,irregular,unsegmented-indented,low,densely,no,frosted,purple blue,nil,nil,no,MO_719729_ccrop.jpg,train
MO_721472_ccrop.jpg,Monocyte,big,irregular,unsegmented-indented,low,densely,no,frosted,purple blue,nil,nil,no,MO_721472_ccrop.jpg,train
MO_721856_ccrop.jpg,Monocyte,big,irregular,unsegmented-indented,low,densely,yes,clear,purple blue,nil,nil,no,MO_721856_ccrop.jpg,train
MO_722749_ccrop.jpg,Monocyte,big,round,unsegmented-indented,high,densely,no,frosted,blue,nil,nil,no,MO_722749_ccrop.jpg,train
MO_723536_ccrop.jpg,Monocyte,big,round,unsegmented-indented,low,densely,no,frosted,purple blue,nil,nil,no,MO_723536_ccrop.jpg,train
MO_723586_ccrop.jpg,Monocyte,big,irregular,irregular,low,densely,yes,frosted,purple blue,nil,nil,no,MO_723586_ccrop.jpg,train
MO_723738_ccrop.jpg,Monocyte,big,round,unsegmented-indented,low,densely,no,frosted,blue,nil,nil,no,MO_723738_ccrop.jpg,train
MO_723941_ccrop.jpg,Monocyte,big,irregular,unsegmented-indented,low,loosely,yes,frosted,blue,nil,nil,no,MO_723941_ccrop.jpg,train
MO_725703_ccrop.jpg,Monocyte,big,irregular,unsegmented-indented,low,densely,yes,clear,blue,nil,nil,no,MO_725703_ccrop.jpg,train
MO_727663_ccrop.jpg,Monocyte,big,irregular,irregular,low,densely,yes,clear,purple blue,nil,nil,no,MO_727663_ccrop.jpg,train
MO_729324_ccrop.jpg,Monocyte,big,irregular,unsegmented-indented,low,loosely,yes,frosted,blue,nil,nil,no,MO_729324_ccrop.jpg,train
MO_729326_ccrop.jpg,Monocyte,big,irregular,unsegmented-indented,low,loosely,yes,frosted,purple blue,nil,nil,no,MO_729326_ccrop.jpg,train
MO_729381_ccrop.jpg,Monocyte,big,round,unsegmented-indented,low,densely,no,frosted,purple blue,nil,nil,no,MO_729381_ccrop.jpg,train
MO_730717_ccrop.jpg,Monocyte,big,irregular,unsegmented-indented,low,densely,yes,frosted,purple blue,nil,nil,no,MO_730717_ccrop.jpg,train
MO_734732_ccrop.jpg,Monocyte,big,irregular,unsegmented-indented,low,densely,yes,frosted,blue,nil,nil,no,MO_734732_ccrop.jpg,train
MO_739043_ccrop.jpg,Monocyte,big,round,unsegmented-indented,low,densely,no,frosted,purple blue,nil,nil,no,MO_739043_ccrop.jpg,train
MO_739608_ccrop.jpg,Monocyte,big,irregular,unsegmented-indented,low,densely,no,frosted,blue,nil,nil,no,MO_739608_ccrop.jpg,train
MO_739920_ccrop.jpg,Monocyte,big,round,unsegmented-indented,high,densely,no,frosted,purple blue,nil,nil,no,MO_739920_ccrop.jpg,train
MO_740559_ccrop.jpg,Monocyte,big,irregular,unsegmented-indented,low,densely,yes,frosted,blue,nil,nil,no,MO_740559_ccrop.jpg,train
MO_741522_ccrop.jpg,Monocyte,big,irregular,unsegmented-indented,low,densely,yes,frosted,blue,nil,nil,no,MO_741522_ccrop.jpg,train
MO_741677_ccrop.jpg,Monocyte,big,irregular,irregular,low,loosely,yes,frosted,blue,nil,nil,no,MO_741677_ccrop.jpg,train
MO_742036_ccrop.jpg,Monocyte,big,round,unsegmented-indented,low,densely,yes,frosted,purple blue,nil,nil,no,MO_742036_ccrop.jpg,train
MO_744511_ccrop.jpg,Monocyte,big,round,unsegmented-indented,low,loosely,no,frosted,blue,nil,nil,no,MO_744511_ccrop.jpg,train
MO_745328_ccrop.jpg,Monocyte,big,irregular,irregular,low,loosely,yes,frosted,purple blue,nil,nil,no,MO_745328_ccrop.jpg,train
MO_745810_ccrop.jpg,Monocyte,big,round,unsegmented-indented,low,loosely,yes,frosted,purple blue,nil,nil,no,MO_745810_ccrop.jpg,train
MO_747260_ccrop.jpg,Monocyte,big,irregular,unsegmented-indented,low,loosely,no,frosted,blue,nil,nil,no,MO_747260_ccrop.jpg,train
MO_749513_ccrop.jpg,Monocyte,big,irregular,irregular,low,densely,yes,frosted,blue,nil,nil,no,MO_749513_ccrop.jpg,train
MO_751315_ccrop.jpg,Monocyte,big,irregular,unsegmented-indented,low,densely,yes,frosted,purple blue,nil,nil,no,MO_751315_ccrop.jpg,train
MO_751456_ccrop.jpg,Monocyte,big,irregular,unsegmented-indented,low,densely,yes,frosted,blue,nil,nil,no,MO_751456_ccrop.jpg,train
MO_755262_ccrop.jpg,Monocyte,big,irregular,unsegmented-indented,low,densely,yes,frosted,purple blue,nil,nil,no,MO_755262_ccrop.jpg,train
MO_756252_ccrop.jpg,Monocyte,big,irregular,irregular,low,densely,yes,frosted,blue,nil,nil,no,MO_756252_ccrop.jpg,train
MO_756261_ccrop.jpg,Monocyte,big,irregular,unsegmented-indented,low,loosely,no,frosted,purple blue,nil,nil,no,MO_756261_ccrop.jpg,train
MO_758331_ccrop.jpg,Monocyte,big,round,unsegmented-indented,low,densely,yes,frosted,blue,nil,nil,no,MO_758331_ccrop.jpg,train
MO_759392_ccrop.jpg,Monocyte,big,irregular,unsegmented-indented,low,loosely,no,frosted,blue,nil,nil,no,MO_759392_ccrop.jpg,train
MO_76055_ccrop.jpg,Monocyte,big,irregular,unsegmented-indented,low,densely,yes,frosted,purple blue,nil,nil,no,MO_76055_ccrop.jpg,train
MO_761438_ccrop.jpg,Monocyte,big,irregular,irregular,low,densely,yes,frosted,blue,nil,nil,no,MO_761438_ccrop.jpg,train
MO_761533_ccrop.jpg,Monocyte,big,irregular,unsegmented-indented,low,densely,yes,frosted,purple blue,nil,nil,no,MO_761533_ccrop.jpg,train
MO_76193_ccrop.jpg,Monocyte,small,irregular,unsegmented-round,low,densely,no,frosted,purple blue,nil,nil,no,MO_76193_ccrop.jpg,train
MO_762261_ccrop.jpg,Monocyte,big,round,unsegmented-indented,low,densely,no,frosted,purple blue,nil,nil,no,MO_762261_ccrop.jpg,train
MO_762364_ccrop.jpg,Monocyte,big,round,unsegmented-indented,low,densely,no,frosted,purple blue,nil,nil,no,MO_762364_ccrop.jpg,train
MO_762412_ccrop.jpg,Monocyte,big,round,unsegmented-indented,low,densely,no,clear,light blue,nil,nil,no,MO_762412_ccrop.jpg,train
MO_763206_ccrop.jpg,Monocyte,big,irregular,unsegmented-indented,low,loosely,yes,frosted,blue,nil,nil,no,MO_763206_ccrop.jpg,train
MO_763772_ccrop.jpg,Monocyte,big,irregular,unsegmented-indented,low,densely,yes,frosted,purple blue,nil,nil,no,MO_763772_ccrop.jpg,train
MO_763817_ccrop.jpg,Monocyte,big,irregular,unsegmented-indented,low,loosely,yes,frosted,purple blue,nil,nil,no,MO_763817_ccrop.jpg,train
MO_764487_ccrop.jpg,Monocyte,big,round,unsegmented-indented,low,densely,no,frosted,purple blue,nil,nil,no,MO_764487_ccrop.jpg,train
MO_765056_ccrop.jpg,Monocyte,big,irregular,unsegmented-indented,low,loosely,yes,frosted,purple blue,nil,nil,no,MO_765056_ccrop.jpg,train
MO_765086_ccrop.jpg,Monocyte,big,irregular,unsegmented-round,low,densely,yes,clear,blue,nil,nil,no,MO_765086_ccrop.jpg,train
MO_766373_ccrop.jpg,Monocyte,big,irregular,unsegmented-indented,low,densely,yes,frosted,blue,nil,nil,no,MO_766373_ccrop.jpg,train
MO_766420_ccrop.jpg,Monocyte,big,round,unsegmented-indented,low,loosely,no,frosted,blue,nil,nil,no,MO_766420_ccrop.jpg,train
MO_767104_ccrop.jpg,Monocyte,big,irregular,unsegmented-indented,low,densely,no,frosted,purple blue,nil,nil,no,MO_767104_ccrop.jpg,train
MO_767746_ccrop.jpg,Monocyte,big,irregular,irregular,low,densely,yes,clear,light blue,nil,nil,no,MO_767746_ccrop.jpg,train
MO_767982_ccrop.jpg,Monocyte,big,round,unsegmented-indented,low,densely,yes,frosted,purple blue,nil,nil,no,MO_767982_ccrop.jpg,train
MO_771055_ccrop.jpg,Monocyte,big,irregular,unsegmented-indented,low,densely,no,frosted,blue,nil,nil,no,MO_771055_ccrop.jpg,train
MO_771921_ccrop.jpg,Monocyte,big,round,irregular,low,loosely,yes,frosted,blue,nil,nil,no,MO_771921_ccrop.jpg,train
MO_772034_ccrop.jpg,Monocyte,small,round,unsegmented-indented,high,densely,no,frosted,blue,nil,nil,no,MO_772034_ccrop.jpg,train
MO_772460_ccrop.jpg,Monocyte,big,round,unsegmented-indented,low,densely,no,frosted,purple blue,nil,nil,no,MO_772460_ccrop.jpg,train
MO_773253_ccrop.jpg,Monocyte,big,irregular,unsegmented-indented,low,densely,yes,frosted,purple blue,nil,nil,no,MO_773253_ccrop.jpg,train
MO_775072_ccrop.jpg,Monocyte,big,irregular,unsegmented-indented,low,densely,yes,frosted,blue,nil,nil,no,MO_775072_ccrop.jpg,train
MO_77553_ccrop.jpg,Monocyte,big,irregular,unsegmented-round,low,loosely,yes,frosted,blue,nil,nil,no,MO_77553_ccrop.jpg,train
MO_775570_ccrop.jpg,Monocyte,big,irregular,unsegmented-indented,low,loosely,no,frosted,purple blue,nil,nil,no,MO_775570_ccrop.jpg,train
MO_77574_ccrop.jpg,Monocyte,big,irregular,unsegmented-indented,low,densely,no,frosted,purple blue,nil,nil,no,MO_77574_ccrop.jpg,train
MO_776848_ccrop.jpg,Monocyte,big,irregular,irregular,low,densely,yes,frosted,blue,nil,nil,no,MO_776848_ccrop.jpg,train
MO_777403_ccrop.jpg,Monocyte,big,irregular,unsegmented-indented,low,densely,yes,frosted,light blue,nil,nil,no,MO_777403_ccrop.jpg,train
MO_778332_ccrop.jpg,Monocyte,big,round,unsegmented-indented,low,densely,no,frosted,purple blue,nil,nil,no,MO_778332_ccrop.jpg,train
MO_778543_ccrop.jpg,Monocyte,big,round,unsegmented-indented,low,densely,yes,frosted,purple blue,nil,nil,no,MO_778543_ccrop.jpg,train
MO_779116_ccrop.jpg,Monocyte,big,round,unsegmented-indented,low,densely,yes,frosted,purple blue,nil,nil,no,MO_779116_ccrop.jpg,train
MO_781658_ccrop.jpg,Monocyte,big,irregular,irregular,low,densely,yes,frosted,blue,nil,nil,no,MO_781658_ccrop.jpg,train
MO_783430_ccrop.jpg,Monocyte,big,round,unsegmented-indented,high,densely,no,frosted,blue,nil,nil,no,MO_783430_ccrop.jpg,train
MO_784276_ccrop.jpg,Monocyte,big,irregular,unsegmented-indented,low,loosely,yes,frosted,blue,nil,nil,no,MO_784276_ccrop.jpg,train
MO_784579_ccrop.jpg,Monocyte,big,irregular,unsegmented-indented,low,densely,yes,clear,blue,nil,nil,no,MO_784579_ccrop.jpg,train
MO_785148_ccrop.jpg,Monocyte,big,irregular,irregular,low,loosely,yes,frosted,purple blue,nil,nil,no,MO_785148_ccrop.jpg,train
MO_785609_ccrop.jpg,Monocyte,big,irregular,unsegmented-indented,low,densely,yes,frosted,blue,nil,nil,no,MO_785609_ccrop.jpg,train
MO_788923_ccrop.jpg,Monocyte,big,irregular,irregular,low,loosely,yes,frosted,blue,nil,nil,no,MO_788923_ccrop.jpg,train
MO_790080_ccrop.jpg,Monocyte,big,irregular,irregular,low,densely,yes,frosted,purple blue,nil,nil,no,MO_790080_ccrop.jpg,train
MO_791028_ccrop.jpg,Monocyte,big,round,unsegmented-indented,low,loosely,no,frosted,blue,nil,nil,no,MO_791028_ccrop.jpg,train
MO_791974_ccrop.jpg,Monocyte,big,irregular,unsegmented-indented,low,densely,no,frosted,purple blue,nil,nil,no,MO_791974_ccrop.jpg,train
MO_794447_ccrop.jpg,Monocyte,big,irregular,unsegmented-indented,low,densely,yes,frosted,blue,nil,nil,no,MO_794447_ccrop.jpg,train
MO_795851_ccrop.jpg,Monocyte,big,irregular,unsegmented-indented,low,densely,yes,clear,light blue,nil,nil,no,MO_795851_ccrop.jpg,train
MO_797335_ccrop.jpg,Monocyte,big,irregular,unsegmented-indented,low,loosely,no,frosted,blue,nil,nil,no,MO_797335_ccrop.jpg,train
MO_797990_ccrop.jpg,Monocyte,big,round,unsegmented-indented,low,loosely,no,frosted,blue,nil,nil,no,MO_797990_ccrop.jpg,train
MO_798368_ccrop.jpg,Monocyte,big,round,unsegmented-indented,low,densely,no,frosted,purple blue,nil,nil,no,MO_798368_ccrop.jpg,train
MO_799116_ccrop.jpg,Monocyte,big,irregular,unsegmented-indented,low,loosely,no,clear,light blue,nil,nil,no,MO_799116_ccrop.jpg,train
MO_79939_ccrop.jpg,Monocyte,big,round,unsegmented-indented,low,loosely,no,frosted,purple blue,nil,nil,no,MO_79939_ccrop.jpg,train
MO_800958_ccrop.jpg,Monocyte,big,irregular,unsegmented-indented,low,loosely,yes,frosted,blue,nil,nil,no,MO_800958_ccrop.jpg,train
MO_801881_ccrop.jpg,Monocyte,big,irregular,unsegmented-round,low,densely,yes,frosted,purple blue,nil,nil,no,MO_801881_ccrop.jpg,train
MO_802547_ccrop.jpg,Monocyte,big,irregular,irregular,low,densely,no,frosted,blue,nil,nil,no,MO_802547_ccrop.jpg,train
MO_80368_ccrop.jpg,Monocyte,big,irregular,unsegmented-indented,low,densely,no,frosted,blue,nil,nil,no,MO_80368_ccrop.jpg,train
MO_80450_ccrop.jpg,Monocyte,big,round,unsegmented-indented,low,loosely,no,frosted,purple blue,nil,nil,no,MO_80450_ccrop.jpg,train
MO_804611_ccrop.jpg,Monocyte,big,irregular,unsegmented-indented,low,loosely,no,frosted,blue,nil,nil,no,MO_804611_ccrop.jpg,train
MO_805911_ccrop.jpg,Monocyte,big,irregular,unsegmented-indented,low,densely,yes,frosted,purple blue,nil,nil,no,MO_805911_ccrop.jpg,train
MO_807614_ccrop.jpg,Monocyte,big,irregular,unsegmented-indented,low,densely,yes,frosted,purple blue,nil,nil,no,MO_807614_ccrop.jpg,train
MO_809234_ccrop.jpg,Monocyte,big,round,unsegmented-indented,low,loosely,no,frosted,blue,nil,nil,no,MO_809234_ccrop.jpg,train
MO_811145_ccrop.jpg,Monocyte,big,irregular,unsegmented-indented,low,densely,yes,frosted,purple blue,nil,nil,no,MO_811145_ccrop.jpg,train
MO_812962_ccrop.jpg,Monocyte,big,irregular,unsegmented-round,low,densely,no,frosted,blue,nil,nil,no,MO_812962_ccrop.jpg,train
MO_813846_ccrop.jpg,Monocyte,big,round,unsegmented-indented,low,densely,no,frosted,blue,nil,nil,no,MO_813846_ccrop.jpg,train
MO_815513_ccrop.jpg,Monocyte,big,irregular,unsegmented-indented,low,loosely,yes,frosted,purple blue,nil,nil,no,MO_815513_ccrop.jpg,train
MO_817172_ccrop.jpg,Monocyte,big,irregular,unsegmented-indented,low,densely,yes,frosted,purple blue,nil,nil,no,MO_817172_ccrop.jpg,train
MO_817198_ccrop.jpg,Monocyte,big,round,unsegmented-indented,low,loosely,no,frosted,purple blue,nil,nil,no,MO_817198_ccrop.jpg,train
MO_818870_ccrop.jpg,Monocyte,big,irregular,irregular,low,densely,yes,frosted,purple blue,nil,nil,no,MO_818870_ccrop.jpg,train
MO_821329_ccrop.jpg,Monocyte,big,round,unsegmented-indented,low,loosely,yes,frosted,light blue,nil,nil,no,MO_821329_ccrop.jpg,train
MO_822158_ccrop.jpg,Monocyte,big,round,unsegmented-indented,low,loosely,no,frosted,blue,nil,nil,no,MO_822158_ccrop.jpg,train
MO_824377_ccrop.jpg,Monocyte,small,round,unsegmented-indented,high,loosely,no,frosted,purple blue,nil,nil,no,MO_824377_ccrop.jpg,train
MO_826166_ccrop.jpg,Monocyte,big,irregular,unsegmented-indented,low,loosely,no,frosted,purple blue,nil,nil,no,MO_826166_ccrop.jpg,train
MO_82765_ccrop.jpg,Monocyte,big,irregular,unsegmented-indented,low,densely,yes,frosted,blue,nil,nil,no,MO_82765_ccrop.jpg,train
MO_828934_ccrop.jpg,Monocyte,big,round,unsegmented-indented,low,densely,no,frosted,purple blue,nil,nil,no,MO_828934_ccrop.jpg,train
MO_829157_ccrop.jpg,Monocyte,big,irregular,irregular,low,loosely,yes,frosted,blue,nil,nil,no,MO_829157_ccrop.jpg,train
MO_829351_ccrop.jpg,Monocyte,big,irregular,unsegmented-indented,low,densely,no,frosted,blue,nil,nil,no,MO_829351_ccrop.jpg,train
MO_830074_ccrop.jpg,Monocyte,big,round,unsegmented-indented,low,densely,no,frosted,purple blue,nil,nil,no,MO_830074_ccrop.jpg,train
MO_831432_ccrop.jpg,Monocyte,big,irregular,unsegmented-indented,low,densely,yes,frosted,purple blue,nil,nil,no,MO_831432_ccrop.jpg,train
MO_832241_ccrop.jpg,Monocyte,big,irregular,unsegmented-indented,low,densely,yes,frosted,purple blue,nil,nil,no,MO_832241_ccrop.jpg,train
MO_832660_ccrop.jpg,Monocyte,small,round,unsegmented-indented,low,densely,no,frosted,purple blue,nil,nil,no,MO_832660_ccrop.jpg,train
MO_836146_ccrop.jpg,Monocyte,small,round,unsegmented-indented,low,loosely,no,frosted,purple blue,nil,nil,no,MO_836146_ccrop.jpg,train
MO_837350_ccrop.jpg,Monocyte,big,round,unsegmented-indented,low,densely,no,frosted,purple blue,nil,nil,no,MO_837350_ccrop.jpg,train
MO_838314_ccrop.jpg,Monocyte,big,round,unsegmented-round,high,densely,no,frosted,purple blue,nil,nil,no,MO_838314_ccrop.jpg,train
MO_839536_ccrop.jpg,Monocyte,big,irregular,irregular,low,densely,yes,frosted,blue,nil,nil,no,MO_839536_ccrop.jpg,train
MO_84210_ccrop.jpg,Monocyte,big,irregular,unsegmented-indented,low,densely,no,frosted,purple blue,nil,nil,no,MO_84210_ccrop.jpg,train
MO_842297_ccrop.jpg,Monocyte,big,irregular,unsegmented-indented,low,densely,yes,frosted,blue,nil,nil,no,MO_842297_ccrop.jpg,train
MO_843798_ccrop.jpg,Monocyte,big,round,unsegmented-indented,low,densely,no,frosted,purple blue,nil,nil,no,MO_843798_ccrop.jpg,train
MO_84571_ccrop.jpg,Monocyte,big,irregular,unsegmented-indented,low,loosely,no,frosted,purple blue,nil,nil,no,MO_84571_ccrop.jpg,train
MO_846205_ccrop.jpg,Monocyte,small,round,unsegmented-indented,low,densely,no,frosted,blue,nil,nil,no,MO_846205_ccrop.jpg,train
MO_84701_ccrop.jpg,Monocyte,big,round,unsegmented-indented,low,loosely,no,frosted,purple blue,nil,nil,no,MO_84701_ccrop.jpg,train
MO_848218_ccrop.jpg,Monocyte,big,irregular,irregular,low,loosely,no,frosted,purple blue,nil,nil,no,MO_848218_ccrop.jpg,train
MO_849518_ccrop.jpg,Monocyte,big,irregular,unsegmented-round,low,densely,no,frosted,blue,nil,nil,no,MO_849518_ccrop.jpg,train
MO_849561_ccrop.jpg,Monocyte,big,irregular,unsegmented-indented,low,loosely,yes,clear,light blue,nil,nil,no,MO_849561_ccrop.jpg,train
MO_851012_ccrop.jpg,Monocyte,big,irregular,irregular,low,densely,yes,frosted,blue,nil,nil,no,MO_851012_ccrop.jpg,train
MO_852132_ccrop.jpg,Monocyte,big,irregular,irregular,low,loosely,yes,frosted,blue,nil,nil,no,MO_852132_ccrop.jpg,train
MO_853016_ccrop.jpg,Monocyte,big,irregular,unsegmented-round,low,densely,yes,frosted,blue,nil,nil,no,MO_853016_ccrop.jpg,train
MO_853558_ccrop.jpg,Monocyte,big,round,unsegmented-indented,low,densely,no,frosted,purple blue,nil,nil,no,MO_853558_ccrop.jpg,train
MO_853918_ccrop.jpg,Monocyte,big,round,unsegmented-indented,low,loosely,no,frosted,purple blue,nil,nil,no,MO_853918_ccrop.jpg,train
MO_854196_ccrop.jpg,Monocyte,big,round,unsegmented-indented,low,loosely,no,frosted,blue,nil,nil,no,MO_854196_ccrop.jpg,train
MO_854393_ccrop.jpg,Monocyte,big,irregular,irregular,low,loosely,yes,frosted,blue,nil,nil,no,MO_854393_ccrop.jpg,train
MO_855807_ccrop.jpg,Monocyte,big,irregular,unsegmented-indented,low,loosely,yes,frosted,blue,nil,nil,no,MO_855807_ccrop.jpg,train
MO_85687_ccrop.jpg,Monocyte,big,irregular,irregular,low,densely,yes,frosted,light blue,nil,nil,no,MO_85687_ccrop.jpg,train
MO_85698_ccrop.jpg,Monocyte,big,irregular,unsegmented-indented,low,loosely,no,frosted,purple blue,nil,nil,no,MO_85698_ccrop.jpg,train
MO_857695_ccrop.jpg,Monocyte,big,irregular,unsegmented-indented,low,loosely,yes,frosted,blue,nil,nil,no,MO_857695_ccrop.jpg,train
MO_858170_ccrop.jpg,Monocyte,big,irregular,unsegmented-round,low,loosely,yes,frosted,purple blue,nil,nil,no,MO_858170_ccrop.jpg,train
MO_858410_ccrop.jpg,Monocyte,big,round,unsegmented-indented,low,densely,no,frosted,purple blue,nil,nil,no,MO_858410_ccrop.jpg,train
MO_860538_ccrop.jpg,Monocyte,small,round,unsegmented-indented,low,densely,no,frosted,purple blue,nil,nil,no,MO_860538_ccrop.jpg,train
MO_861099_ccrop.jpg,Monocyte,big,irregular,unsegmented-indented,low,densely,yes,frosted,purple blue,nil,nil,no,MO_861099_ccrop.jpg,train
MO_86130_ccrop.jpg,Monocyte,big,irregular,unsegmented-indented,low,loosely,no,frosted,light blue,nil,nil,no,MO_86130_ccrop.jpg,train
MO_861803_ccrop.jpg,Monocyte,big,irregular,irregular,low,loosely,yes,frosted,blue,nil,nil,no,MO_861803_ccrop.jpg,train
MO_864818_ccrop.jpg,Monocyte,big,round,unsegmented-indented,low,densely,yes,frosted,purple blue,nil,nil,no,MO_864818_ccrop.jpg,train
MO_864830_ccrop.jpg,Monocyte,big,irregular,irregular,low,densely,yes,frosted,blue,nil,nil,no,MO_864830_ccrop.jpg,train
MO_865229_ccrop.jpg,Monocyte,small,round,unsegmented-indented,low,loosely,no,frosted,blue,nil,nil,no,MO_865229_ccrop.jpg,train
MO_866348_ccrop.jpg,Monocyte,big,round,unsegmented-indented,low,densely,yes,frosted,blue,nil,nil,no,MO_866348_ccrop.jpg,train
MO_868549_ccrop.jpg,Monocyte,big,irregular,irregular,low,densely,yes,frosted,blue,nil,nil,no,MO_868549_ccrop.jpg,train
MO_869213_ccrop.jpg,Monocyte,big,round,unsegmented-indented,low,loosely,no,frosted,purple blue,nil,nil,no,MO_869213_ccrop.jpg,train
MO_870248_ccrop.jpg,Monocyte,big,round,unsegmented-indented,low,densely,no,frosted,purple blue,nil,nil,no,MO_870248_ccrop.jpg,train
MO_871027_ccrop.jpg,Monocyte,big,irregular,unsegmented-round,low,densely,yes,frosted,purple blue,nil,nil,no,MO_871027_ccrop.jpg,train
MO_871663_ccrop.jpg,Monocyte,big,irregular,unsegmented-indented,low,densely,yes,frosted,light blue,nil,nil,no,MO_871663_ccrop.jpg,train
MO_873001_ccrop.jpg,Monocyte,big,round,unsegmented-round,low,densely,no,frosted,purple blue,nil,nil,no,MO_873001_ccrop.jpg,train
MO_873022_ccrop.jpg,Monocyte,big,round,unsegmented-indented,low,densely,no,frosted,blue,nil,nil,no,MO_873022_ccrop.jpg,train
MO_873686_ccrop.jpg,Monocyte,big,irregular,unsegmented-indented,low,densely,no,frosted,purple blue,nil,nil,no,MO_873686_ccrop.jpg,train
MO_874669_ccrop.jpg,Monocyte,big,irregular,unsegmented-indented,low,densely,yes,clear,purple blue,nil,nil,no,MO_874669_ccrop.jpg,train
MO_881011_ccrop.jpg,Monocyte,small,round,unsegmented-indented,low,densely,no,frosted,purple blue,nil,nil,no,MO_881011_ccrop.jpg,train
MO_882014_ccrop.jpg,Monocyte,big,irregular,irregular,low,loosely,no,frosted,blue,nil,nil,no,MO_882014_ccrop.jpg,train
MO_88257_ccrop.jpg,Monocyte,big,irregular,unsegmented-indented,low,loosely,yes,frosted,blue,nil,nil,no,MO_88257_ccrop.jpg,train
MO_884028_ccrop.jpg,Monocyte,big,irregular,unsegmented-indented,low,densely,yes,frosted,purple blue,nil,nil,no,MO_884028_ccrop.jpg,train
MO_884136_ccrop.jpg,Monocyte,small,round,unsegmented-indented,low,densely,no,frosted,purple blue,nil,nil,no,MO_884136_ccrop.jpg,train
MO_884691_ccrop.jpg,Monocyte,big,round,unsegmented-indented,low,loosely,yes,frosted,blue,nil,nil,no,MO_884691_ccrop.jpg,train
MO_887275_ccrop.jpg,Monocyte,big,irregular,irregular,low,densely,yes,frosted,light blue,nil,nil,no,MO_887275_ccrop.jpg,train
MO_888390_ccrop.jpg,Monocyte,big,irregular,unsegmented-indented,low,densely,yes,frosted,blue,nil,nil,no,MO_888390_ccrop.jpg,train
MO_888999_ccrop.jpg,Monocyte,big,round,unsegmented-indented,low,densely,no,frosted,blue,nil,nil,no,MO_888999_ccrop.jpg,train
MO_891206_ccrop.jpg,Monocyte,big,irregular,unsegmented-indented,low,loosely,yes,frosted,purple blue,nil,nil,no,MO_891206_ccrop.jpg,train
MO_89346_ccrop.jpg,Monocyte,big,round,unsegmented-indented,low,loosely,yes,frosted,blue,nil,nil,no,MO_89346_ccrop.jpg,train
MO_894080_ccrop.jpg,Monocyte,big,irregular,unsegmented-indented,low,loosely,yes,frosted,purple blue,nil,nil,no,MO_894080_ccrop.jpg,train
MO_896401_ccrop.jpg,Monocyte,big,irregular,unsegmented-indented,low,loosely,yes,frosted,blue,nil,nil,no,MO_896401_ccrop.jpg,train
MO_896406_ccrop.jpg,Monocyte,big,irregular,unsegmented-indented,low,loosely,yes,frosted,purple blue,nil,nil,no,MO_896406_ccrop.jpg,train
MO_897458_ccrop.jpg,Monocyte,big,round,unsegmented-indented,low,densely,no,frosted,blue,nil,nil,no,MO_897458_ccrop.jpg,train
MO_898317_ccrop.jpg,Monocyte,big,round,unsegmented-indented,low,densely,no,frosted,purple blue,nil,nil,no,MO_898317_ccrop.jpg,train
MO_898744_ccrop.jpg,Monocyte,big,irregular,unsegmented-round,low,densely,yes,frosted,purple blue,nil,nil,no,MO_898744_ccrop.jpg,train
MO_898913_ccrop.jpg,Monocyte,big,round,unsegmented-indented,low,densely,no,frosted,purple blue,nil,nil,no,MO_898913_ccrop.jpg,train
MO_899539_ccrop.jpg,Monocyte,big,irregular,unsegmented-indented,low,densely,yes,frosted,purple blue,nil,nil,no,MO_899539_ccrop.jpg,train
MO_900927_ccrop.jpg,Monocyte,big,irregular,unsegmented-indented,low,densely,no,frosted,purple blue,nil,nil,no,MO_900927_ccrop.jpg,train
MO_901312_ccrop.jpg,Monocyte,big,round,unsegmented-indented,low,loosely,no,frosted,purple blue,nil,nil,no,MO_901312_ccrop.jpg,train
MO_903537_ccrop.jpg,Monocyte,big,irregular,unsegmented-indented,low,densely,no,frosted,purple blue,nil,nil,no,MO_903537_ccrop.jpg,train
MO_903914_ccrop.jpg,Monocyte,big,round,unsegmented-indented,low,densely,no,frosted,purple blue,nil,nil,no,MO_903914_ccrop.jpg,train
MO_904644_ccrop.jpg,Monocyte,big,round,unsegmented-indented,low,loosely,yes,frosted,purple blue,nil,nil,no,MO_904644_ccrop.jpg,train
MO_905340_ccrop.jpg,Monocyte,big,round,unsegmented-indented,low,loosely,no,frosted,blue,nil,nil,no,MO_905340_ccrop.jpg,train
MO_906340_ccrop.jpg,Monocyte,big,irregular,unsegmented-indented,low,densely,yes,frosted,purple blue,nil,nil,no,MO_906340_ccrop.jpg,train
MO_906623_ccrop.jpg,Monocyte,small,round,unsegmented-indented,low,densely,no,frosted,purple blue,nil,nil,no,MO_906623_ccrop.jpg,train
MO_907363_ccrop.jpg,Monocyte,big,round,unsegmented-indented,low,densely,no,frosted,blue,nil,nil,no,MO_907363_ccrop.jpg,train
MO_90755_ccrop.jpg,Monocyte,big,irregular,unsegmented-indented,low,loosely,yes,frosted,purple blue,nil,nil,no,MO_90755_ccrop.jpg,train
MO_907857_ccrop.jpg,Monocyte,big,round,unsegmented-indented,high,loosely,no,frosted,blue,nil,nil,no,MO_907857_ccrop.jpg,train
MO_908813_ccrop.jpg,Monocyte,big,irregular,unsegmented-indented,low,densely,yes,frosted,light blue,nil,nil,no,MO_908813_ccrop.jpg,train
MO_909028_ccrop.jpg,Monocyte,big,irregular,unsegmented-indented,low,loosely,yes,frosted,blue,nil,nil,no,MO_909028_ccrop.jpg,train
MO_909559_ccrop.jpg,Monocyte,big,round,unsegmented-indented,low,loosely,no,frosted,purple blue,nil,nil,no,MO_909559_ccrop.jpg,train
MO_912563_ccrop.jpg,Monocyte,big,round,unsegmented-indented,low,densely,no,frosted,purple blue,nil,nil,no,MO_912563_ccrop.jpg,train
MO_913449_ccrop.jpg,Monocyte,big,irregular,irregular,low,loosely,no,frosted,purple blue,nil,nil,no,MO_913449_ccrop.jpg,train
MO_917349_ccrop.jpg,Monocyte,big,irregular,unsegmented-indented,low,loosely,no,frosted,blue,nil,nil,no,MO_917349_ccrop.jpg,train
MO_918252_ccrop.jpg,Monocyte,big,irregular,irregular,low,densely,yes,frosted,purple blue,nil,nil,no,MO_918252_ccrop.jpg,train
MO_918998_ccrop.jpg,Monocyte,big,irregular,unsegmented-indented,low,densely,yes,frosted,purple blue,nil,nil,no,MO_918998_ccrop.jpg,train
MO_919860_ccrop.jpg,Monocyte,big,round,unsegmented-indented,low,densely,no,frosted,purple blue,nil,nil,no,MO_919860_ccrop.jpg,train
MO_920985_ccrop.jpg,Monocyte,big,irregular,unsegmented-indented,low,loosely,yes,frosted,light blue,nil,nil,no,MO_920985_ccrop.jpg,train
MO_921238_ccrop.jpg,Monocyte,big,round,unsegmented-indented,low,densely,no,frosted,purple blue,nil,nil,no,MO_921238_ccrop.jpg,train
MO_92432_ccrop.jpg,Monocyte,big,round,unsegmented-indented,low,loosely,no,clear,light blue,nil,nil,no,MO_92432_ccrop.jpg,train
MO_924343_ccrop.jpg,Monocyte,big,round,unsegmented-indented,low,densely,no,frosted,purple blue,nil,nil,no,MO_924343_ccrop.jpg,train
MO_928388_ccrop.jpg,Monocyte,big,round,unsegmented-indented,high,densely,no,frosted,blue,nil,nil,no,MO_928388_ccrop.jpg,train
MO_928617_ccrop.jpg,Monocyte,big,irregular,unsegmented-indented,low,loosely,yes,frosted,light blue,nil,nil,no,MO_928617_ccrop.jpg,train
MO_929120_ccrop.jpg,Monocyte,big,irregular,irregular,low,densely,yes,frosted,purple blue,nil,nil,no,MO_929120_ccrop.jpg,train
MO_931030_ccrop.jpg,Monocyte,big,irregular,unsegmented-indented,low,loosely,yes,frosted,blue,nil,nil,no,MO_931030_ccrop.jpg,train
MO_933392_ccrop.jpg,Monocyte,big,round,unsegmented-indented,low,densely,no,frosted,purple blue,nil,nil,no,MO_933392_ccrop.jpg,train
MO_935222_ccrop.jpg,Monocyte,big,irregular,irregular,low,loosely,yes,frosted,purple blue,nil,nil,no,MO_935222_ccrop.jpg,train
MO_93573_ccrop.jpg,Monocyte,big,irregular,irregular,low,densely,yes,frosted,blue,nil,nil,no,MO_93573_ccrop.jpg,train
MO_938708_ccrop.jpg,Monocyte,big,round,unsegmented-indented,low,densely,no,frosted,purple blue,nil,nil,no,MO_938708_ccrop.jpg,train
MO_939410_ccrop.jpg,Monocyte,small,round,unsegmented-indented,low,densely,no,frosted,blue,nil,nil,no,MO_939410_ccrop.jpg,train
MO_939522_ccrop.jpg,Monocyte,big,irregular,unsegmented-round,low,densely,no,frosted,purple blue,nil,nil,no,MO_939522_ccrop.jpg,train
MO_942934_ccrop.jpg,Monocyte,big,irregular,irregular,low,densely,yes,frosted,purple blue,nil,nil,no,MO_942934_ccrop.jpg,train
MO_943806_ccrop.jpg,Monocyte,big,irregular,unsegmented-indented,low,densely,no,frosted,blue,nil,nil,no,MO_943806_ccrop.jpg,train
MO_944566_ccrop.jpg,Monocyte,big,round,unsegmented-indented,low,densely,no,frosted,blue,nil,nil,no,MO_944566_ccrop.jpg,train
MO_945019_ccrop.jpg,Monocyte,big,irregular,irregular,low,densely,yes,frosted,blue,nil,nil,no,MO_945019_ccrop.jpg,train
MO_945498_ccrop.jpg,Monocyte,big,round,unsegmented-indented,low,densely,no,frosted,purple blue,nil,nil,no,MO_945498_ccrop.jpg,train
MO_946704_ccrop.jpg,Monocyte,big,round,unsegmented-indented,low,loosely,yes,frosted,purple blue,nil,nil,no,MO_946704_ccrop.jpg,train
MO_946848_ccrop.jpg,Monocyte,big,round,unsegmented-indented,low,densely,no,frosted,blue,nil,nil,no,MO_946848_ccrop.jpg,train
MO_94823_ccrop.jpg,Monocyte,big,round,unsegmented-indented,low,loosely,no,frosted,purple blue,nil,nil,no,MO_94823_ccrop.jpg,train
MO_948549_ccrop.jpg,Monocyte,big,round,unsegmented-indented,low,densely,no,frosted,purple blue,nil,nil,no,MO_948549_ccrop.jpg,train
MO_949892_ccrop.jpg,Monocyte,big,irregular,unsegmented-indented,low,loosely,yes,frosted,blue,nil,nil,no,MO_949892_ccrop.jpg,train
MO_952489_ccrop.jpg,Monocyte,big,round,unsegmented-indented,low,densely,no,frosted,purple blue,nil,nil,no,MO_952489_ccrop.jpg,train
MO_952579_ccrop.jpg,Monocyte,big,irregular,unsegmented-indented,low,loosely,no,frosted,purple blue,nil,nil,no,MO_952579_ccrop.jpg,train
MO_952670_ccrop.jpg,Monocyte,big,irregular,unsegmented-round,low,densely,no,frosted,blue,nil,nil,no,MO_952670_ccrop.jpg,train
MO_956778_ccrop.jpg,Monocyte,big,round,unsegmented-indented,low,densely,no,frosted,blue,nil,nil,no,MO_956778_ccrop.jpg,train
MO_95755_ccrop.jpg,Monocyte,big,irregular,unsegmented-indented,low,loosely,yes,frosted,purple blue,nil,nil,no,MO_95755_ccrop.jpg,train
MO_959392_ccrop.jpg,Monocyte,big,irregular,irregular,low,densely,yes,frosted,purple blue,nil,nil,no,MO_959392_ccrop.jpg,train
MO_960407_ccrop.jpg,Monocyte,big,round,unsegmented-indented,low,loosely,no,frosted,purple blue,nil,nil,no,MO_960407_ccrop.jpg,train
MO_960861_ccrop.jpg,Monocyte,big,irregular,irregular,low,loosely,yes,frosted,blue,nil,nil,no,MO_960861_ccrop.jpg,train
MO_962678_ccrop.jpg,Monocyte,big,round,unsegmented-indented,low,densely,no,frosted,purple blue,nil,nil,no,MO_962678_ccrop.jpg,train
MO_962907_ccrop.jpg,Monocyte,big,irregular,unsegmented-indented,low,loosely,no,frosted,purple blue,nil,nil,no,MO_962907_ccrop.jpg,train
MO_965106_ccrop.jpg,Monocyte,big,irregular,irregular,low,densely,yes,frosted,purple blue,nil,nil,no,MO_965106_ccrop.jpg,train
MO_965406_ccrop.jpg,Monocyte,big,irregular,unsegmented-indented,low,densely,yes,clear,blue,nil,nil,no,MO_965406_ccrop.jpg,train
MO_96778_ccrop.jpg,Monocyte,big,irregular,unsegmented-round,low,densely,yes,frosted,light blue,nil,nil,no,MO_96778_ccrop.jpg,train
MO_968256_ccrop.jpg,Monocyte,big,irregular,irregular,low,loosely,yes,frosted,blue,nil,nil,no,MO_968256_ccrop.jpg,train
MO_968874_ccrop.jpg,Monocyte,big,irregular,unsegmented-indented,low,loosely,yes,frosted,purple blue,nil,nil,no,MO_968874_ccrop.jpg,train
MO_971723_ccrop.jpg,Monocyte,big,round,unsegmented-indented,low,densely,yes,frosted,purple blue,nil,nil,no,MO_971723_ccrop.jpg,train
MO_972971_ccrop.jpg,Monocyte,big,irregular,unsegmented-round,low,loosely,yes,frosted,purple blue,nil,nil,no,MO_972971_ccrop.jpg,train
MO_973825_ccrop.jpg,Monocyte,small,round,unsegmented-indented,high,densely,no,frosted,blue,nil,nil,no,MO_973825_ccrop.jpg,train
MO_974342_ccrop.jpg,Monocyte,big,round,unsegmented-indented,low,loosely,no,frosted,blue,nil,nil,no,MO_974342_ccrop.jpg,train
MO_974962_ccrop.jpg,Monocyte,big,irregular,irregular,low,loosely,no,frosted,blue,nil,nil,no,MO_974962_ccrop.jpg,train
MO_975000_ccrop.jpg,Monocyte,big,irregular,unsegmented-indented,low,densely,yes,frosted,blue,nil,nil,no,MO_975000_ccrop.jpg,train
MO_982427_ccrop.jpg,Monocyte,big,round,unsegmented-indented,low,densely,no,frosted,purple blue,nil,nil,no,MO_982427_ccrop.jpg,train
MO_982885_ccrop.jpg,Monocyte,big,round,unsegmented-indented,low,densely,no,frosted,purple blue,nil,nil,no,MO_982885_ccrop.jpg,train
MO_983541_ccrop.jpg,Monocyte,big,round,unsegmented-indented,low,loosely,no,frosted,blue,nil,nil,no,MO_983541_ccrop.jpg,train
MO_985372_ccrop.jpg,Monocyte,big,irregular,irregular,low,loosely,yes,frosted,blue,nil,nil,no,MO_985372_ccrop.jpg,train
MO_988224_ccrop.jpg,Monocyte,big,irregular,unsegmented-round,low,densely,no,frosted,blue,nil,nil,no,MO_988224_ccrop.jpg,train
MO_991562_ccrop.jpg,Monocyte,big,round,unsegmented-indented,low,densely,no,frosted,blue,nil,nil,no,MO_991562_ccrop.jpg,train
MO_991797_ccrop.jpg,Monocyte,big,round,unsegmented-indented,low,loosely,no,frosted,blue,nil,nil,no,MO_991797_ccrop.jpg,train
MO_993578_ccrop.jpg,Monocyte,big,round,unsegmented-indented,high,densely,no,frosted,purple blue,nil,nil,no,MO_993578_ccrop.jpg,train
MO_994944_ccrop.jpg,Monocyte,big,round,unsegmented-indented,low,densely,no,frosted,purple blue,nil,nil,no,MO_994944_ccrop.jpg,train
MO_997225_ccrop.jpg,Monocyte,big,irregular,irregular,low,densely,yes,frosted,light blue,nil,nil,no,MO_997225_ccrop.jpg,train
MO_997596_ccrop.jpg,Monocyte,big,irregular,unsegmented-indented,high,densely,no,frosted,blue,nil,nil,no,MO_997596_ccrop.jpg,train
MO_998093_ccrop.jpg,Monocyte,big,irregular,unsegmented-round,low,loosely,yes,frosted,light blue,nil,nil,no,MO_998093_ccrop.jpg,train
MO_998133_ccrop.jpg,Monocyte,small,round,unsegmented-round,low,densely,no,frosted,blue,nil,nil,no,MO_998133_ccrop.jpg,train
MO_998144_ccrop.jpg,Monocyte,big,irregular,irregular,low,loosely,yes,frosted,purple blue,nil,nil,no,MO_998144_ccrop.jpg,train
MO_998662_ccrop.jpg,Monocyte,big,round,unsegmented-indented,low,loosely,no,frosted,purple blue,nil,nil,no,MO_998662_ccrop.jpg,train
MO_999317_ccrop.jpg,Monocyte,big,round,unsegmented-indented,low,loosely,no,frosted,purple blue,nil,nil,no,MO_999317_ccrop.jpg,train
NEUTROPHIL_108931_ccrop.jpg,Neutrophil,small,round,segmented-bilobed,low,densely,no,clear,light blue,small,pink,yes,NEUTROPHIL_108931_ccrop.jpg,train
NEUTROPHIL_150696_ccrop.jpg,Neutrophil,big,round,segmented-bilobed,low,densely,no,clear,light blue,small,pink,yes,NEUTROPHIL_150696_ccrop.jpg,train
NEUTROPHIL_158274_ccrop.jpg,Neutrophil,small,round,segmented-multilobed,low,densely,no,clear,light blue,small,pink,yes,NEUTROPHIL_158274_ccrop.jpg,train
NEUTROPHIL_205471_ccrop.jpg,Neutrophil,small,round,unsegmented-band,low,densely,no,clear,light blue,small,pink,yes,NEUTROPHIL_205471_ccrop.jpg,train
NEUTROPHIL_219512_ccrop.jpg,Neutrophil,small,round,segmented-multilobed,low,densely,no,clear,light blue,small,pink,yes,NEUTROPHIL_219512_ccrop.jpg,train
NEUTROPHIL_236240_ccrop.jpg,Neutrophil,small,round,unsegmented-band,low,densely,no,clear,light blue,small,pink,yes,NEUTROPHIL_236240_ccrop.jpg,train
NEUTROPHIL_244662_ccrop.jpg,Neutrophil,big,round,unsegmented-band,low,densely,no,clear,light blue,small,pink,yes,NEUTROPHIL_244662_ccrop.jpg,train
NEUTROPHIL_272014_ccrop.jpg,Neutrophil,small,round,segmented-multilobed,low,densely,no,clear,light blue,small,pink,yes,NEUTROPHIL_272014_ccrop.jpg,train
NEUTROPHIL_283327_ccrop.jpg,Neutrophil,big,round,segmented-multilobed,low,densely,no,clear,light blue,small,pink,yes,NEUTROPHIL_283327_ccrop.jpg,train
NEUTROPHIL_292100_ccrop.jpg,Neutrophil,big,round,segmented-bilobed,low,densely,no,clear,light blue,small,pink,yes,NEUTROPHIL_292100_ccrop.jpg,train
NEUTROPHIL_322012_ccrop.jpg,Neutrophil,big,round,segmented-multilobed,low,densely,no,clear,light blue,small,pink,yes,NEUTROPHIL_322012_ccrop.jpg,train
NEUTROPHIL_330663_ccrop.jpg,Neutrophil,big,round,segmented-multilobed,low,densely,no,clear,light blue,small,pink,yes,NEUTROPHIL_330663_ccrop.jpg,train
NEUTROPHIL_389433_ccrop.jpg,Neutrophil,small,round,segmented-multilobed,low,densely,no,clear,light blue,small,pink,yes,NEUTROPHIL_389433_ccrop.jpg,train
NEUTROPHIL_408557_ccrop.jpg,Neutrophil,big,round,segmented-bilobed,low,densely,no,clear,light blue,small,pink,yes,NEUTROPHIL_408557_ccrop.jpg,train
NEUTROPHIL_409124_ccrop.jpg,Neutrophil,small,round,unsegmented-band,low,densely,no,clear,light blue,small,pink,yes,NEUTROPHIL_409124_ccrop.jpg,train
NEUTROPHIL_427225_ccrop.jpg,Neutrophil,small,round,segmented-multilobed,low,densely,no,clear,light blue,small,pink,yes,NEUTROPHIL_427225_ccrop.jpg,train
NEUTROPHIL_435447_ccrop.jpg,Neutrophil,big,round,segmented-bilobed,low,densely,no,clear,light blue,small,pink,yes,NEUTROPHIL_435447_ccrop.jpg,train
NEUTROPHIL_438135_ccrop.jpg,Neutrophil,big,round,segmented-multilobed,low,densely,no,clear,light blue,small,pink,yes,NEUTROPHIL_438135_ccrop.jpg,train
NEUTROPHIL_471493_ccrop.jpg,Neutrophil,small,round,segmented-bilobed,low,densely,no,clear,light blue,small,pink,yes,NEUTROPHIL_471493_ccrop.jpg,train
NEUTROPHIL_501624_ccrop.jpg,Neutrophil,small,round,segmented-multilobed,low,densely,no,clear,light blue,small,pink,yes,NEUTROPHIL_501624_ccrop.jpg,train
NEUTROPHIL_507371_ccrop.jpg,Neutrophil,big,round,segmented-bilobed,low,densely,no,clear,light blue,small,pink,yes,NEUTROPHIL_507371_ccrop.jpg,train
NEUTROPHIL_540543_ccrop.jpg,Neutrophil,big,round,segmented-multilobed,low,densely,no,clear,light blue,small,pink,yes,NEUTROPHIL_540543_ccrop.jpg,train
NEUTROPHIL_590611_ccrop.jpg,Neutrophil,small,round,segmented-bilobed,low,densely,no,clear,light blue,small,pink,yes,NEUTROPHIL_590611_ccrop.jpg,train
NEUTROPHIL_632329_ccrop.jpg,Neutrophil,small,round,segmented-bilobed,low,densely,no,clear,light blue,small,pink,yes,NEUTROPHIL_632329_ccrop.jpg,train
NEUTROPHIL_664104_ccrop.jpg,Neutrophil,small,round,segmented-multilobed,low,densely,no,clear,light blue,small,pink,yes,NEUTROPHIL_664104_ccrop.jpg,train
NEUTROPHIL_674828_ccrop.jpg,Neutrophil,big,round,unsegmented-band,low,densely,no,clear,light blue,small,pink,yes,NEUTROPHIL_674828_ccrop.jpg,train
NEUTROPHIL_680394_ccrop.jpg,Neutrophil,small,round,segmented-bilobed,low,densely,no,clear,light blue,small,pink,yes,NEUTROPHIL_680394_ccrop.jpg,train
NEUTROPHIL_758129_ccrop.jpg,Neutrophil,small,round,unsegmented-band,low,densely,no,clear,light blue,small,pink,yes,NEUTROPHIL_758129_ccrop.jpg,train
NEUTROPHIL_782370_ccrop.jpg,Neutrophil,small,round,segmented-bilobed,low,densely,no,clear,light blue,small,pink,yes,NEUTROPHIL_782370_ccrop.jpg,train
NEUTROPHIL_910228_ccrop.jpg,Neutrophil,small,round,segmented-multilobed,low,densely,no,clear,light blue,small,pink,yes,NEUTROPHIL_910228_ccrop.jpg,train
NEUTROPHIL_933348_ccrop.jpg,Neutrophil,small,round,segmented-multilobed,low,densely,no,clear,light blue,small,pink,yes,NEUTROPHIL_933348_ccrop.jpg,train
NEUTROPHIL_934358_ccrop.jpg,Neutrophil,big,round,segmented-bilobed,low,densely,no,clear,light blue,small,pink,yes,NEUTROPHIL_934358_ccrop.jpg,train
NEUTROPHIL_985581_ccrop.jpg,Neutrophil,small,round,segmented-bilobed,low,densely,no,clear,light blue,small,pink,yes,NEUTROPHIL_985581_ccrop.jpg,train
SNE_101188_ccrop.jpg,Neutrophil,big,round,unsegmented-band,low,densely,no,clear,light blue,small,pink,yes,SNE_101188_ccrop.jpg,train
SNE_102049_ccrop.jpg,Neutrophil,big,round,segmented-bilobed,low,densely,no,clear,light blue,small,pink,yes,SNE_102049_ccrop.jpg,train
SNE_102699_ccrop.jpg,Neutrophil,big,round,segmented-multilobed,low,densely,no,clear,light blue,small,pink,yes,SNE_102699_ccrop.jpg,train
SNE_103795_ccrop.jpg,Neutrophil,big,irregular,segmented-multilobed,low,densely,no,clear,light blue,small,pink,yes,SNE_103795_ccrop.jpg,train
SNE_10403_ccrop.jpg,Neutrophil,big,round,unsegmented-band,low,densely,no,clear,light blue,small,pink,yes,SNE_10403_ccrop.jpg,train
SNE_10429_ccrop.jpg,Neutrophil,big,irregular,segmented-multilobed,low,densely,no,clear,light blue,small,pink,yes,SNE_10429_ccrop.jpg,train
SNE_104445_ccrop.jpg,Neutrophil,big,irregular,unsegmented-band,low,densely,no,clear,light blue,small,pink,yes,SNE_104445_ccrop.jpg,train
SNE_105096_ccrop.jpg,Neutrophil,small,round,segmented-bilobed,low,densely,no,clear,light blue,small,pink,yes,SNE_105096_ccrop.jpg,train
SNE_106989_ccrop.jpg,Neutrophil,big,irregular,segmented-multilobed,low,densely,no,clear,light blue,small,pink,yes,SNE_106989_ccrop.jpg,train
SNE_107393_ccrop.jpg,Neutrophil,big,round,unsegmented-band,low,densely,no,clear,light blue,small,pink,yes,SNE_107393_ccrop.jpg,train
SNE_108061_ccrop.jpg,Neutrophil,big,round,unsegmented-band,low,densely,no,clear,light blue,small,pink,yes,SNE_108061_ccrop.jpg,train
SNE_109436_ccrop.jpg,Neutrophil,big,irregular,segmented-bilobed,low,densely,no,clear,light blue,small,pink,yes,SNE_109436_ccrop.jpg,train
SNE_110435_ccrop.jpg,Neutrophil,big,round,segmented-multilobed,low,densely,no,clear,light blue,small,pink,yes,SNE_110435_ccrop.jpg,train
SNE_110866_ccrop.jpg,Neutrophil,big,round,segmented-bilobed,low,densely,no,clear,light blue,small,pink,yes,SNE_110866_ccrop.jpg,train
SNE_112103_ccrop.jpg,Neutrophil,big,round,segmented-bilobed,low,densely,no,clear,light blue,small,pink,yes,SNE_112103_ccrop.jpg,train
SNE_112695_ccrop.jpg,Neutrophil,big,round,unsegmented-band,low,densely,no,clear,light blue,small,pink,yes,SNE_112695_ccrop.jpg,train
SNE_112837_ccrop.jpg,Neutrophil,big,round,segmented-multilobed,low,densely,no,clear,light blue,small,pink,yes,SNE_112837_ccrop.jpg,train
SNE_113678_ccrop.jpg,Neutrophil,big,irregular,segmented-multilobed,low,densely,no,clear,light blue,small,pink,yes,SNE_113678_ccrop.jpg,train
SNE_115658_ccrop.jpg,Neutrophil,big,round,segmented-bilobed,low,densely,no,clear,light blue,small,pink,yes,SNE_115658_ccrop.jpg,train
SNE_115938_ccrop.jpg,Neutrophil,small,round,unsegmented-band,low,densely,no,clear,light blue,small,pink,yes,SNE_115938_ccrop.jpg,train
SNE_116255_ccrop.jpg,Neutrophil,small,round,segmented-bilobed,low,densely,no,clear,light blue,small,pink,yes,SNE_116255_ccrop.jpg,train
SNE_119027_ccrop.jpg,Neutrophil,big,irregular,segmented-multilobed,low,densely,no,clear,light blue,small,pink,yes,SNE_119027_ccrop.jpg,train
SNE_119358_ccrop.jpg,Neutrophil,big,round,segmented-bilobed,low,densely,no,clear,light blue,small,pink,yes,SNE_119358_ccrop.jpg,train
SNE_119598_ccrop.jpg,Neutrophil,big,round,segmented-bilobed,low,densely,no,clear,light blue,small,pink,yes,SNE_119598_ccrop.jpg,train
SNE_120143_ccrop.jpg,Neutrophil,big,round,unsegmented-band,low,densely,no,clear,light blue,small,pink,yes,SNE_120143_ccrop.jpg,train
SNE_12043_ccrop.jpg,Neutrophil,small,round,unsegmented-band,low,densely,no,clear,light blue,small,pink,yes,SNE_12043_ccrop.jpg,train
SNE_122854_ccrop.jpg,Neutrophil,big,irregular,segmented-multilobed,low,densely,no,clear,light blue,small,pink,yes,SNE_122854_ccrop.jpg,train
SNE_122993_ccrop.jpg,Neutrophil,big,irregular,segmented-bilobed,low,densely,no,clear,light blue,small,pink,yes,SNE_122993_ccrop.jpg,train
SNE_123419_ccrop.jpg,Neutrophil,big,round,segmented-bilobed,low,densely,no,clear,light blue,small,pink,yes,SNE_123419_ccrop.jpg,train
SNE_124356_ccrop.jpg,Neutrophil,big,irregular,unsegmented-band,low,densely,no,clear,light blue,small,pink,yes,SNE_124356_ccrop.jpg,train
SNE_125477_ccrop.jpg,Neutrophil,big,round,segmented-bilobed,low,densely,no,clear,light blue,small,pink,yes,SNE_125477_ccrop.jpg,train
SNE_128810_ccrop.jpg,Neutrophil,big,round,unsegmented-band,low,densely,no,clear,light blue,small,pink,yes,SNE_128810_ccrop.jpg,train
SNE_130192_ccrop.jpg,Neutrophil,big,round,unsegmented-band,low,densely,no,clear,light blue,small,pink,yes,SNE_130192_ccrop.jpg,train
SNE_130422_ccrop.jpg,Neutrophil,big,irregular,segmented-multilobed,low,densely,no,clear,light blue,small,pink,yes,SNE_130422_ccrop.jpg,train
SNE_131711_ccrop.jpg,Neutrophil,big,round,unsegmented-band,low,densely,no,clear,light blue,small,pink,yes,SNE_131711_ccrop.jpg,train
SNE_131912_ccrop.jpg,Neutrophil,small,round,unsegmented-band,low,densely,no,clear,light blue,small,pink,yes,SNE_131912_ccrop.jpg,train
SNE_133810_ccrop.jpg,Neutrophil,big,irregular,unsegmented-band,low,densely,no,clear,light blue,small,pink,yes,SNE_133810_ccrop.jpg,train
SNE_13420_ccrop.jpg,Neutrophil,small,round,unsegmented-band,low,densely,no,clear,light blue,small,pink,yes,SNE_13420_ccrop.jpg,train
SNE_137703_ccrop.jpg,Neutrophil,small,round,unsegmented-band,low,densely,no,clear,light blue,small,pink,yes,SNE_137703_ccrop.jpg,train
SNE_138139_ccrop.jpg,Neutrophil,big,irregular,unsegmented-band,low,densely,no,clear,light blue,small,pink,yes,SNE_138139_ccrop.jpg,train
SNE_13843_ccrop.jpg,Neutrophil,big,irregular,segmented-multilobed,low,densely,no,clear,light blue,small,pink,yes,SNE_13843_ccrop.jpg,train
SNE_139017_ccrop.jpg,Neutrophil,small,round,unsegmented-band,low,densely,no,clear,light blue,small,pink,yes,SNE_139017_ccrop.jpg,train
SNE_141017_ccrop.jpg,Neutrophil,big,irregular,segmented-bilobed,low,densely,no,clear,light blue,small,pink,yes,SNE_141017_ccrop.jpg,train
SNE_142496_ccrop.jpg,Neutrophil,big,round,segmented-multilobed,low,densely,no,clear,light blue,small,pink,yes,SNE_142496_ccrop.jpg,train
SNE_143493_ccrop.jpg,Neutrophil,big,irregular,segmented-multilobed,low,densely,no,clear,light blue,small,pink,yes,SNE_143493_ccrop.jpg,train
SNE_144334_ccrop.jpg,Neutrophil,big,round,segmented-bilobed,low,densely,no,clear,light blue,small,pink,yes,SNE_144334_ccrop.jpg,train
SNE_145282_ccrop.jpg,Neutrophil,small,round,unsegmented-band,low,densely,no,clear,light blue,small,pink,yes,SNE_145282_ccrop.jpg,train
SNE_146353_ccrop.jpg,Neutrophil,big,round,segmented-bilobed,low,densely,no,clear,light blue,small,pink,yes,SNE_146353_ccrop.jpg,train
SNE_147263_ccrop.jpg,Neutrophil,big,round,segmented-bilobed,low,densely,no,clear,light blue,small,pink,yes,SNE_147263_ccrop.jpg,train
SNE_14748_ccrop.jpg,Neutrophil,big,irregular,segmented-multilobed,low,densely,no,clear,light blue,small,pink,yes,SNE_14748_ccrop.jpg,train
SNE_148499_ccrop.jpg,Neutrophil,big,irregular,segmented-multilobed,low,densely,no,clear,light blue,small,pink,yes,SNE_148499_ccrop.jpg,train
SNE_148813_ccrop.jpg,Neutrophil,big,round,unsegmented-band,low,densely,no,clear,light blue,small,pink,yes,SNE_148813_ccrop.jpg,train
SNE_151739_ccrop.jpg,Neutrophil,small,round,unsegmented-band,low,densely,no,clear,light blue,small,pink,yes,SNE_151739_ccrop.jpg,train
SNE_152502_ccrop.jpg,Neutrophil,big,irregular,segmented-bilobed,low,densely,no,clear,light blue,small,pink,yes,SNE_152502_ccrop.jpg,train
SNE_153589_ccrop.jpg,Neutrophil,big,round,segmented-multilobed,low,densely,no,clear,light blue,small,pink,yes,SNE_153589_ccrop.jpg,train
SNE_155159_ccrop.jpg,Neutrophil,big,round,unsegmented-band,low,densely,no,clear,light blue,small,pink,yes,SNE_155159_ccrop.jpg,train
SNE_156474_ccrop.jpg,Neutrophil,big,round,segmented-bilobed,low,densely,no,clear,light blue,small,pink,yes,SNE_156474_ccrop.jpg,train
SNE_156637_ccrop.jpg,Neutrophil,big,round,segmented-multilobed,low,densely,no,clear,light blue,small,pink,yes,SNE_156637_ccrop.jpg,train
SNE_157268_ccrop.jpg,Neutrophil,big,round,unsegmented-band,low,densely,no,clear,light blue,small,pink,yes,SNE_157268_ccrop.jpg,train
SNE_157433_ccrop.jpg,Neutrophil,big,round,segmented-bilobed,low,densely,no,clear,light blue,small,pink,yes,SNE_157433_ccrop.jpg,train
SNE_157991_ccrop.jpg,Neutrophil,big,round,segmented-bilobed,low,densely,no,clear,light blue,small,pink,yes,SNE_157991_ccrop.jpg,train
SNE_158150_ccrop.jpg,Neutrophil,big,round,unsegmented-band,low,densely,no,clear,light blue,small,pink,yes,SNE_158150_ccrop.jpg,train
SNE_158196_ccrop.jpg,Neutrophil,big,round,unsegmented-band,low,densely,no,clear,light blue,small,pink,yes,SNE_158196_ccrop.jpg,train
SNE_158302_ccrop.jpg,Neutrophil,big,round,segmented-multilobed,low,densely,no,clear,light blue,small,pink,yes,SNE_158302_ccrop.jpg,train
SNE_158445_ccrop.jpg,Neutrophil,small,round,segmented-multilobed,low,densely,no,clear,light blue,small,pink,yes,SNE_158445_ccrop.jpg,train
SNE_159793_ccrop.jpg,Neutrophil,small,round,unsegmented-band,low,densely,no,clear,light blue,small,pink,yes,SNE_159793_ccrop.jpg,train
SNE_15997_ccrop.jpg,Neutrophil,big,round,segmented-bilobed,low,densely,no,clear,light blue,small,pink,yes,SNE_15997_ccrop.jpg,train
SNE_160181_ccrop.jpg,Neutrophil,big,round,unsegmented-band,low,densely,no,clear,light blue,small,pink,yes,SNE_160181_ccrop.jpg,train
SNE_160733_ccrop.jpg,Neutrophil,small,round,segmented-multilobed,low,densely,no,clear,light blue,small,pink,yes,SNE_160733_ccrop.jpg,train
SNE_161756_ccrop.jpg,Neutrophil,big,irregular,segmented-multilobed,low,densely,no,clear,light blue,small,pink,yes,SNE_161756_ccrop.jpg,train
SNE_161813_ccrop.jpg,Neutrophil,big,round,segmented-bilobed,low,densely,no,clear,light blue,small,pink,yes,SNE_161813_ccrop.jpg,train
SNE_162596_ccrop.jpg,Neutrophil,big,round,unsegmented-band,low,densely,no,clear,light blue,small,pink,yes,SNE_162596_ccrop.jpg,train
SNE_162958_ccrop.jpg,Neutrophil,big,irregular,segmented-bilobed,low,densely,no,clear,light blue,small,pink,yes,SNE_162958_ccrop.jpg,train
SNE_163138_ccrop.jpg,Neutrophil,big,round,segmented-bilobed,low,densely,no,clear,light blue,small,pink,yes,SNE_163138_ccrop.jpg,train
SNE_163823_ccrop.jpg,Neutrophil,big,irregular,segmented-bilobed,low,densely,no,clear,light blue,small,pink,yes,SNE_163823_ccrop.jpg,train
SNE_167929_ccrop.jpg,Neutrophil,big,round,segmented-bilobed,low,densely,no,clear,light blue,small,pink,yes,SNE_167929_ccrop.jpg,train
SNE_168952_ccrop.jpg,Neutrophil,big,round,segmented-bilobed,low,densely,no,clear,light blue,small,pink,yes,SNE_168952_ccrop.jpg,train
SNE_169776_ccrop.jpg,Neutrophil,small,round,unsegmented-band,low,densely,no,clear,light blue,small,pink,yes,SNE_169776_ccrop.jpg,train
SNE_169881_ccrop.jpg,Neutrophil,big,irregular,segmented-bilobed,low,densely,no,clear,light blue,small,pink,yes,SNE_169881_ccrop.jpg,train
SNE_170589_ccrop.jpg,Neutrophil,big,round,unsegmented-band,low,densely,no,clear,light blue,small,pink,yes,SNE_170589_ccrop.jpg,train
SNE_171033_ccrop.jpg,Neutrophil,big,irregular,segmented-bilobed,low,densely,no,clear,light blue,small,pink,yes,SNE_171033_ccrop.jpg,train
SNE_173457_ccrop.jpg,Neutrophil,big,round,segmented-bilobed,low,densely,no,clear,light blue,small,pink,yes,SNE_173457_ccrop.jpg,train
SNE_173730_ccrop.jpg,Neutrophil,big,irregular,segmented-bilobed,low,densely,no,clear,light blue,small,pink,yes,SNE_173730_ccrop.jpg,train
SNE_174973_ccrop.jpg,Neutrophil,big,round,segmented-bilobed,low,densely,no,clear,light blue,small,pink,yes,SNE_174973_ccrop.jpg,train
SNE_175767_ccrop.jpg,Neutrophil,big,round,unsegmented-band,low,densely,no,clear,light blue,small,pink,yes,SNE_175767_ccrop.jpg,train
SNE_176357_ccrop.jpg,Neutrophil,big,round,segmented-multilobed,low,densely,no,clear,light blue,small,pink,yes,SNE_176357_ccrop.jpg,train
SNE_17636_ccrop.jpg,Neutrophil,big,round,segmented-multilobed,low,densely,no,clear,light blue,small,pink,yes,SNE_17636_ccrop.jpg,train
SNE_178886_ccrop.jpg,Neutrophil,big,round,segmented-bilobed,low,densely,no,clear,light blue,small,pink,yes,SNE_178886_ccrop.jpg,train
SNE_179309_ccrop.jpg,Neutrophil,big,irregular,unsegmented-band,low,densely,no,clear,light blue,small,pink,yes,SNE_179309_ccrop.jpg,train
SNE_180966_ccrop.jpg,Neutrophil,big,round,segmented-bilobed,low,densely,no,clear,light blue,small,pink,yes,SNE_180966_ccrop.jpg,train
SNE_182040_ccrop.jpg,Neutrophil,big,round,segmented-bilobed,low,densely,no,clear,light blue,small,pink,yes,SNE_182040_ccrop.jpg,train
SNE_182145_ccrop.jpg,Neutrophil,big,round,unsegmented-band,low,densely,no,clear,light blue,small,pink,yes,SNE_182145_ccrop.jpg,train
SNE_182229_ccrop.jpg,Neutrophil,big,irregular,segmented-bilobed,low,densely,no,clear,light blue,small,pink,yes,SNE_182229_ccrop.jpg,train
SNE_183003_ccrop.jpg,Neutrophil,big,round,unsegmented-band,low,densely,no,clear,light blue,small,pink,yes,SNE_183003_ccrop.jpg,train
SNE_183125_ccrop.jpg,Neutrophil,big,round,unsegmented-band,low,densely,no,clear,light blue,small,pink,yes,SNE_183125_ccrop.jpg,train
SNE_184155_ccrop.jpg,Neutrophil,big,round,segmented-bilobed,low,densely,no,clear,light blue,small,pink,yes,SNE_184155_ccrop.jpg,train
SNE_184726_ccrop.jpg,Neutrophil,big,round,segmented-bilobed,low,densely,no,clear,light blue,small,pink,yes,SNE_184726_ccrop.jpg,train
SNE_184903_ccrop.jpg,Neutrophil,big,round,segmented-bilobed,low,densely,no,clear,light blue,small,pink,yes,SNE_184903_ccrop.jpg,train
SNE_185829_ccrop.jpg,Neutrophil,big,irregular,unsegmented-band,low,densely,no,clear,light blue,small,pink,yes,SNE_185829_ccrop.jpg,train
SNE_189373_ccrop.jpg,Neutrophil,big,round,segmented-bilobed,low,densely,no,clear,light blue,small,pink,yes,SNE_189373_ccrop.jpg,train
SNE_18961_ccrop.jpg,Neutrophil,small,round,unsegmented-band,low,densely,no,clear,light blue,small,pink,yes,SNE_18961_ccrop.jpg,train
SNE_189684_ccrop.jpg,Neutrophil,big,round,unsegmented-band,low,densely,no,clear,light blue,small,pink,yes,SNE_189684_ccrop.jpg,train
SNE_19025_ccrop.jpg,Neutrophil,big,round,segmented-multilobed,low,densely,no,clear,light blue,small,pink,yes,SNE_19025_ccrop.jpg,train
SNE_191339_ccrop.jpg,Neutrophil,big,round,segmented-bilobed,low,densely,no,clear,light blue,small,pink,yes,SNE_191339_ccrop.jpg,train
SNE_192321_ccrop.jpg,Neutrophil,big,round,segmented-bilobed,low,densely,no,clear,light blue,small,pink,yes,SNE_192321_ccrop.jpg,train
SNE_19457_ccrop.jpg,Neutrophil,small,round,unsegmented-band,low,densely,no,clear,light blue,small,pink,yes,SNE_19457_ccrop.jpg,train
SNE_194857_ccrop.jpg,Neutrophil,small,irregular,segmented-bilobed,low,densely,no,clear,light blue,small,pink,yes,SNE_194857_ccrop.jpg,train
SNE_195517_ccrop.jpg,Neutrophil,big,round,segmented-bilobed,low,densely,no,clear,light blue,small,pink,yes,SNE_195517_ccrop.jpg,train
SNE_196142_ccrop.jpg,Neutrophil,big,round,segmented-bilobed,low,densely,no,clear,light blue,small,pink,yes,SNE_196142_ccrop.jpg,train
SNE_197208_ccrop.jpg,Neutrophil,big,irregular,segmented-bilobed,low,densely,no,clear,light blue,small,pink,yes,SNE_197208_ccrop.jpg,train
SNE_19917_ccrop.jpg,Neutrophil,big,round,segmented-bilobed,low,densely,no,clear,light blue,small,pink,yes,SNE_19917_ccrop.jpg,train
SNE_199336_ccrop.jpg,Neutrophil,big,round,segmented-multilobed,low,densely,yes,clear,light blue,small,pink,yes,SNE_199336_ccrop.jpg,train
SNE_200252_ccrop.jpg,Neutrophil,big,irregular,unsegmented-band,low,densely,no,clear,light blue,small,pink,yes,SNE_200252_ccrop.jpg,train
SNE_200362_ccrop.jpg,Neutrophil,big,round,segmented-bilobed,low,densely,no,clear,light blue,small,pink,yes,SNE_200362_ccrop.jpg,train
SNE_200484_ccrop.jpg,Neutrophil,big,round,segmented-multilobed,low,densely,no,clear,light blue,small,pink,yes,SNE_200484_ccrop.jpg,train
SNE_200666_ccrop.jpg,Neutrophil,big,round,unsegmented-band,low,densely,no,clear,light blue,small,pink,yes,SNE_200666_ccrop.jpg,train
SNE_202212_ccrop.jpg,Neutrophil,big,round,unsegmented-band,low,densely,no,clear,light blue,small,pink,yes,SNE_202212_ccrop.jpg,train
SNE_202672_ccrop.jpg,Neutrophil,big,round,segmented-multilobed,low,densely,no,clear,light blue,small,pink,yes,SNE_202672_ccrop.jpg,train
SNE_202879_ccrop.jpg,Neutrophil,big,round,unsegmented-band,low,densely,no,clear,light blue,small,pink,yes,SNE_202879_ccrop.jpg,train
SNE_203120_ccrop.jpg,Neutrophil,big,irregular,segmented-bilobed,low,densely,no,clear,light blue,small,pink,yes,SNE_203120_ccrop.jpg,train
SNE_203743_ccrop.jpg,Neutrophil,small,irregular,segmented-bilobed,low,densely,no,clear,light blue,small,pink,yes,SNE_203743_ccrop.jpg,train
SNE_203878_ccrop.jpg,Neutrophil,big,irregular,segmented-multilobed,low,densely,no,clear,light blue,small,pink,yes,SNE_203878_ccrop.jpg,train
SNE_20410_ccrop.jpg,Neutrophil,big,round,unsegmented-band,low,densely,no,clear,light blue,small,pink,yes,SNE_20410_ccrop.jpg,train
SNE_204853_ccrop.jpg,Neutrophil,big,irregular,segmented-multilobed,low,densely,no,clear,light blue,small,pink,yes,SNE_204853_ccrop.jpg,train
SNE_205547_ccrop.jpg,Neutrophil,big,round,segmented-multilobed,low,densely,no,clear,light blue,small,pink,yes,SNE_205547_ccrop.jpg,train
SNE_206630_ccrop.jpg,Neutrophil,big,irregular,segmented-multilobed,low,densely,no,clear,light blue,small,pink,yes,SNE_206630_ccrop.jpg,train
SNE_208978_ccrop.jpg,Neutrophil,big,round,unsegmented-band,low,densely,no,clear,light blue,small,pink,yes,SNE_208978_ccrop.jpg,train
SNE_209080_ccrop.jpg,Neutrophil,small,round,segmented-bilobed,low,densely,no,clear,light blue,small,pink,yes,SNE_209080_ccrop.jpg,train
SNE_209710_ccrop.jpg,Neutrophil,small,round,segmented-bilobed,low,densely,no,clear,light blue,small,pink,yes,SNE_209710_ccrop.jpg,train
SNE_214459_ccrop.jpg,Neutrophil,big,round,unsegmented-band,low,densely,no,clear,light blue,small,pink,yes,SNE_214459_ccrop.jpg,train
SNE_214698_ccrop.jpg,Neutrophil,big,round,unsegmented-band,low,densely,no,clear,light blue,small,pink,yes,SNE_214698_ccrop.jpg,train
SNE_215075_ccrop.jpg,Neutrophil,big,round,unsegmented-band,low,densely,no,clear,light blue,small,pink,yes,SNE_215075_ccrop.jpg,train
SNE_215306_ccrop.jpg,Neutrophil,big,round,unsegmented-band,low,densely,no,clear,light blue,small,pink,yes,SNE_215306_ccrop.jpg,train
SNE_215853_ccrop.jpg,Neutrophil,big,round,unsegmented-band,low,densely,no,clear,light blue,small,pink,yes,SNE_215853_ccrop.jpg,train
SNE_217967_ccrop.jpg,Neutrophil,small,round,unsegmented-band,low,densely,no,clear,light blue,small,pink,yes,SNE_217967_ccrop.jpg,train
SNE_218168_ccrop.jpg,Neutrophil,small,round,unsegmented-band,low,densely,no,clear,light blue,small,pink,yes,SNE_218168_ccrop.jpg,train
SNE_219152_ccrop.jpg,Neutrophil,small,round,unsegmented-band,low,densely,no,clear,light blue,small,pink,yes,SNE_219152_ccrop.jpg,train
SNE_219641_ccrop.jpg,Neutrophil,big,irregular,segmented-bilobed,low,densely,no,clear,light blue,small,pink,yes,SNE_219641_ccrop.jpg,train
SNE_219712_ccrop.jpg,Neutrophil,big,round,unsegmented-band,low,densely,no,clear,light blue,small,pink,yes,SNE_219712_ccrop.jpg,train
SNE_221310_ccrop.jpg,Neutrophil,big,round,unsegmented-band,low,densely,no,clear,light blue,small,pink,yes,SNE_221310_ccrop.jpg,train
SNE_226032_ccrop.jpg,Neutrophil,big,round,segmented-bilobed,low,densely,no,clear,light blue,small,pink,yes,SNE_226032_ccrop.jpg,train
SNE_22661_ccrop.jpg,Neutrophil,big,round,segmented-bilobed,low,densely,no,clear,light blue,small,pink,yes,SNE_22661_ccrop.jpg,train
SNE_227710_ccrop.jpg,Neutrophil,small,round,segmented-bilobed,low,densely,no,clear,light blue,small,pink,yes,SNE_227710_ccrop.jpg,train
SNE_228880_ccrop.jpg,Neutrophil,big,round,unsegmented-band,low,densely,no,clear,light blue,small,pink,yes,SNE_228880_ccrop.jpg,train
SNE_22896_ccrop.jpg,Neutrophil,big,round,segmented-bilobed,low,densely,no,clear,light blue,small,pink,yes,SNE_22896_ccrop.jpg,train
SNE_229368_ccrop.jpg,Neutrophil,small,round,segmented-bilobed,low,densely,no,clear,light blue,small,pink,yes,SNE_229368_ccrop.jpg,train
SNE_230756_ccrop.jpg,Neutrophil,big,irregular,segmented-bilobed,low,densely,no,clear,light blue,small,pink,yes,SNE_230756_ccrop.jpg,train
SNE_230902_ccrop.jpg,Neutrophil,big,round,segmented-bilobed,low,densely,no,clear,light blue,small,pink,yes,SNE_230902_ccrop.jpg,train
SNE_230994_ccrop.jpg,Neutrophil,big,irregular,unsegmented-band,low,densely,no,clear,light blue,small,pink,yes,SNE_230994_ccrop.jpg,train
SNE_231937_ccrop.jpg,Neutrophil,big,round,unsegmented-band,low,densely,no,clear,light blue,small,pink,yes,SNE_231937_ccrop.jpg,train
SNE_235653_ccrop.jpg,Neutrophil,big,irregular,segmented-bilobed,low,densely,no,clear,light blue,small,pink,yes,SNE_235653_ccrop.jpg,train
SNE_238919_ccrop.jpg,Neutrophil,small,round,segmented-bilobed,low,densely,no,clear,light blue,small,pink,yes,SNE_238919_ccrop.jpg,train
SNE_23955_ccrop.jpg,Neutrophil,big,round,unsegmented-band,low,densely,no,clear,light blue,small,pink,yes,SNE_23955_ccrop.jpg,train
SNE_239560_ccrop.jpg,Neutrophil,big,irregular,segmented-bilobed,low,densely,no,clear,light blue,small,pink,yes,SNE_239560_ccrop.jpg,train
SNE_241361_ccrop.jpg,Neutrophil,big,irregular,unsegmented-band,low,densely,no,clear,light blue,small,pink,yes,SNE_241361_ccrop.jpg,train
SNE_241620_ccrop.jpg,Neutrophil,big,round,segmented-multilobed,low,densely,no,clear,light blue,small,pink,yes,SNE_241620_ccrop.jpg,train
SNE_242266_ccrop.jpg,Neutrophil,small,irregular,unsegmented-band,low,densely,no,clear,light blue,small,pink,yes,SNE_242266_ccrop.jpg,train
SNE_242915_ccrop.jpg,Neutrophil,big,irregular,segmented-bilobed,low,densely,no,clear,light blue,small,pink,yes,SNE_242915_ccrop.jpg,train
SNE_243399_ccrop.jpg,Neutrophil,big,irregular,unsegmented-band,low,densely,no,clear,light blue,small,pink,yes,SNE_243399_ccrop.jpg,train
SNE_244555_ccrop.jpg,Neutrophil,big,irregular,segmented-bilobed,low,densely,no,clear,light blue,small,pink,yes,SNE_244555_ccrop.jpg,train
SNE_24470_ccrop.jpg,Neutrophil,big,round,segmented-multilobed,low,densely,no,clear,light blue,small,pink,yes,SNE_24470_ccrop.jpg,train
SNE_245640_ccrop.jpg,Neutrophil,big,round,unsegmented-band,low,densely,no,clear,light blue,small,pink,yes,SNE_245640_ccrop.jpg,train
SNE_246181_ccrop.jpg,Neutrophil,big,irregular,segmented-bilobed,low,densely,no,clear,light blue,small,pink,yes,SNE_246181_ccrop.jpg,train
SNE_247632_ccrop.jpg,Neutrophil,big,round,segmented-multilobed,low,densely,no,clear,light blue,small,pink,yes,SNE_247632_ccrop.jpg,train
SNE_248746_ccrop.jpg,Neutrophil,big,irregular,segmented-bilobed,low,densely,no,clear,light blue,small,pink,yes,SNE_248746_ccrop.jpg,train
SNE_249290_ccrop.jpg,Neutrophil,big,round,unsegmented-band,low,densely,no,clear,light blue,small,pink,yes,SNE_249290_ccrop.jpg,train
SNE_250853_ccrop.jpg,Neutrophil,big,round,segmented-bilobed,low,densely,no,clear,light blue,small,pink,yes,SNE_250853_ccrop.jpg,train
SNE_250922_ccrop.jpg,Neutrophil,big,irregular,unsegmented-band,low,densely,yes,clear,light blue,small,pink,yes,SNE_250922_ccrop.jpg,train
SNE_251641_ccrop.jpg,Neutrophil,big,round,segmented-multilobed,low,densely,no,clear,light blue,small,pink,yes,SNE_251641_ccrop.jpg,train
SNE_254843_ccrop.jpg,Neutrophil,big,irregular,segmented-multilobed,low,densely,no,clear,light blue,small,pink,yes,SNE_254843_ccrop.jpg,train
SNE_255440_ccrop.jpg,Neutrophil,small,round,segmented-bilobed,low,densely,no,clear,light blue,small,pink,yes,SNE_255440_ccrop.jpg,train
SNE_255562_ccrop.jpg,Neutrophil,big,round,segmented-bilobed,low,densely,no,clear,light blue,small,pink,yes,SNE_255562_ccrop.jpg,train
SNE_257510_ccrop.jpg,Neutrophil,big,round,segmented-multilobed,low,densely,no,clear,light blue,small,pink,yes,SNE_257510_ccrop.jpg,train
SNE_25945_ccrop.jpg,Neutrophil,big,round,segmented-multilobed,low,densely,no,clear,light blue,small,pink,yes,SNE_25945_ccrop.jpg,train
SNE_260144_ccrop.jpg,Neutrophil,big,round,segmented-bilobed,low,densely,no,clear,light blue,small,pink,yes,SNE_260144_ccrop.jpg,train
SNE_261351_ccrop.jpg,Neutrophil,small,round,unsegmented-band,low,densely,no,clear,light blue,small,pink,yes,SNE_261351_ccrop.jpg,train
SNE_263690_ccrop.jpg,Neutrophil,big,irregular,unsegmented-band,low,densely,no,clear,light blue,small,pink,yes,SNE_263690_ccrop.jpg,train
SNE_265019_ccrop.jpg,Neutrophil,big,round,unsegmented-band,low,densely,no,clear,light blue,small,pink,yes,SNE_265019_ccrop.jpg,train
SNE_26512_ccrop.jpg,Neutrophil,big,irregular,unsegmented-band,low,densely,no,clear,light blue,small,pink,yes,SNE_26512_ccrop.jpg,train
SNE_265901_ccrop.jpg,Neutrophil,small,round,segmented-bilobed,low,densely,no,clear,light blue,small,pink,yes,SNE_265901_ccrop.jpg,train
SNE_269038_ccrop.jpg,Neutrophil,small,round,segmented-multilobed,low,densely,no,clear,light blue,small,pink,yes,SNE_269038_ccrop.jpg,train
SNE_269337_ccrop.jpg,Neutrophil,small,round,unsegmented-band,low,densely,no,clear,light blue,small,pink,yes,SNE_269337_ccrop.jpg,train
SNE_269886_ccrop.jpg,Neutrophil,big,irregular,segmented-multilobed,low,densely,no,clear,light blue,small,pink,yes,SNE_269886_ccrop.jpg,train
SNE_269917_ccrop.jpg,Neutrophil,big,round,segmented-multilobed,low,densely,no,clear,light blue,small,pink,yes,SNE_269917_ccrop.jpg,train
SNE_271690_ccrop.jpg,Neutrophil,big,round,segmented-multilobed,low,densely,no,clear,light blue,small,pink,yes,SNE_271690_ccrop.jpg,train
SNE_272527_ccrop.jpg,Neutrophil,big,round,segmented-bilobed,low,densely,no,clear,light blue,small,pink,yes,SNE_272527_ccrop.jpg,train
SNE_273219_ccrop.jpg,Neutrophil,big,round,segmented-multilobed,low,densely,no,clear,light blue,small,pink,yes,SNE_273219_ccrop.jpg,train
SNE_273267_ccrop.jpg,Neutrophil,big,irregular,unsegmented-band,low,densely,no,clear,light blue,small,pink,yes,SNE_273267_ccrop.jpg,train
SNE_273364_ccrop.jpg,Neutrophil,big,round,segmented-bilobed,low,densely,no,clear,light blue,small,pink,yes,SNE_273364_ccrop.jpg,train
SNE_274583_ccrop.jpg,Neutrophil,big,irregular,unsegmented-band,low,densely,no,clear,light blue,small,pink,yes,SNE_274583_ccrop.jpg,train
SNE_274866_ccrop.jpg,Neutrophil,big,irregular,unsegmented-band,low,densely,no,clear,light blue,small,pink,yes,SNE_274866_ccrop.jpg,train
SNE_277157_ccrop.jpg,Neutrophil,big,round,segmented-multilobed,low,densely,no,clear,light blue,small,pink,yes,SNE_277157_ccrop.jpg,train
SNE_280216_ccrop.jpg,Neutrophil,big,irregular,unsegmented-band,low,densely,no,clear,light blue,small,pink,yes,SNE_280216_ccrop.jpg,train
SNE_280533_ccrop.jpg,Neutrophil,big,round,segmented-multilobed,low,densely,no,clear,light blue,small,pink,yes,SNE_280533_ccrop.jpg,train
SNE_280544_ccrop.jpg,Neutrophil,big,round,segmented-bilobed,low,densely,no,clear,light blue,small,pink,yes,SNE_280544_ccrop.jpg,train
SNE_280927_ccrop.jpg,Neutrophil,big,round,unsegmented-band,low,densely,no,clear,light blue,small,pink,yes,SNE_280927_ccrop.jpg,train
SNE_281850_ccrop.jpg,Neutrophil,big,round,unsegmented-band,low,densely,no,clear,light blue,small,pink,yes,SNE_281850_ccrop.jpg,train
SNE_282692_ccrop.jpg,Neutrophil,big,round,segmented-multilobed,low,densely,no,clear,light blue,small,pink,yes,SNE_282692_ccrop.jpg,train
SNE_285336_ccrop.jpg,Neutrophil,big,round,unsegmented-band,low,densely,no,clear,light blue,small,pink,yes,SNE_285336_ccrop.jpg,train
SNE_286384_ccrop.jpg,Neutrophil,big,irregular,segmented-bilobed,low,densely,no,clear,light blue,small,pink,yes,SNE_286384_ccrop.jpg,train
SNE_287238_ccrop.jpg,Neutrophil,big,round,unsegmented-band,low,densely,no,clear,light blue,small,pink,yes,SNE_287238_ccrop.jpg,train
SNE_292321_ccrop.jpg,Neutrophil,small,round,unsegmented-band,low,densely,no,clear,light blue,small,pink,yes,SNE_292321_ccrop.jpg,train
SNE_292418_ccrop.jpg,Neutrophil,small,round,unsegmented-band,low,densely,no,clear,light blue,small,pink,yes,SNE_292418_ccrop.jpg,train
SNE_292606_ccrop.jpg,Neutrophil,big,irregular,segmented-bilobed,low,densely,no,clear,light blue,small,pink,yes,SNE_292606_ccrop.jpg,train
SNE_293050_ccrop.jpg,Neutrophil,big,irregular,unsegmented-band,low,densely,no,clear,light blue,small,purple,yes,SNE_293050_ccrop.jpg,train
SNE_29472_ccrop.jpg,Neutrophil,big,round,segmented-multilobed,low,densely,no,clear,light blue,small,pink,yes,SNE_29472_ccrop.jpg,train
SNE_295383_ccrop.jpg,Neutrophil,big,round,unsegmented-band,low,densely,no,clear,light blue,small,pink,yes,SNE_295383_ccrop.jpg,train
SNE_297795_ccrop.jpg,Neutrophil,small,round,segmented-bilobed,low,densely,no,clear,light blue,small,pink,yes,SNE_297795_ccrop.jpg,train
SNE_298760_ccrop.jpg,Neutrophil,big,irregular,segmented-bilobed,low,densely,no,clear,light blue,small,pink,yes,SNE_298760_ccrop.jpg,train
SNE_301003_ccrop.jpg,Neutrophil,big,round,segmented-bilobed,low,densely,no,clear,light blue,small,pink,yes,SNE_301003_ccrop.jpg,train
SNE_303322_ccrop.jpg,Neutrophil,big,irregular,unsegmented-band,low,densely,no,clear,light blue,small,pink,yes,SNE_303322_ccrop.jpg,train
SNE_303729_ccrop.jpg,Neutrophil,big,round,segmented-multilobed,low,densely,no,clear,light blue,small,pink,yes,SNE_303729_ccrop.jpg,train
SNE_304405_ccrop.jpg,Neutrophil,big,irregular,unsegmented-band,low,densely,no,clear,light blue,small,pink,yes,SNE_304405_ccrop.jpg,train
SNE_304432_ccrop.jpg,Neutrophil,big,round,unsegmented-band,low,densely,no,clear,light blue,small,pink,yes,SNE_304432_ccrop.jpg,train
SNE_305002_ccrop.jpg,Neutrophil,big,round,unsegmented-band,low,densely,no,clear,light blue,small,pink,yes,SNE_305002_ccrop.jpg,train
SNE_305469_ccrop.jpg,Neutrophil,big,round,segmented-bilobed,low,densely,no,clear,light blue,small,pink,yes,SNE_305469_ccrop.jpg,train
SNE_306466_ccrop.jpg,Neutrophil,big,round,unsegmented-band,low,densely,no,clear,light blue,small,pink,yes,SNE_306466_ccrop.jpg,train
SNE_308177_ccrop.jpg,Neutrophil,big,round,unsegmented-band,low,densely,no,clear,light blue,small,pink,yes,SNE_308177_ccrop.jpg,train
SNE_308219_ccrop.jpg,Neutrophil,big,irregular,unsegmented-band,low,densely,no,clear,light blue,small,pink,yes,SNE_308219_ccrop.jpg,train
SNE_308878_ccrop.jpg,Neutrophil,big,round,unsegmented-band,low,densely,no,clear,light blue,small,pink,yes,SNE_308878_ccrop.jpg,train
SNE_309954_ccrop.jpg,Neutrophil,big,irregular,unsegmented-band,low,densely,no,clear,light blue,small,pink,yes,SNE_309954_ccrop.jpg,train
SNE_310624_ccrop.jpg,Neutrophil,big,round,unsegmented-band,low,densely,no,clear,light blue,small,pink,yes,SNE_310624_ccrop.jpg,train
SNE_311422_ccrop.jpg,Neutrophil,big,round,unsegmented-band,low,densely,no,clear,light blue,small,pink,yes,SNE_311422_ccrop.jpg,train
SNE_313849_ccrop.jpg,Neutrophil,big,round,segmented-bilobed,low,densely,no,clear,light blue,small,pink,yes,SNE_313849_ccrop.jpg,train
SNE_314177_ccrop.jpg,Neutrophil,big,round,unsegmented-band,low,densely,no,clear,light blue,small,pink,yes,SNE_314177_ccrop.jpg,train
SNE_314380_ccrop.jpg,Neutrophil,big,irregular,segmented-multilobed,low,densely,no,clear,light blue,small,pink,yes,SNE_314380_ccrop.jpg,train
SNE_314661_ccrop.jpg,Neutrophil,big,irregular,unsegmented-band,low,densely,no,clear,light blue,small,pink,yes,SNE_314661_ccrop.jpg,train
SNE_315646_ccrop.jpg,Neutrophil,big,irregular,unsegmented-band,low,densely,no,clear,light blue,small,pink,yes,SNE_315646_ccrop.jpg,train
SNE_317122_ccrop.jpg,Neutrophil,small,round,unsegmented-band,low,densely,no,clear,light blue,small,pink,yes,SNE_317122_ccrop.jpg,train
SNE_319081_ccrop.jpg,Neutrophil,small,round,segmented-bilobed,low,densely,no,clear,light blue,small,pink,yes,SNE_319081_ccrop.jpg,train
SNE_320831_ccrop.jpg,Neutrophil,big,irregular,segmented-bilobed,low,densely,no,clear,light blue,small,pink,yes,SNE_320831_ccrop.jpg,train
SNE_323944_ccrop.jpg,Neutrophil,big,round,segmented-multilobed,low,densely,no,clear,light blue,small,pink,yes,SNE_323944_ccrop.jpg,train
SNE_327603_ccrop.jpg,Neutrophil,small,round,unsegmented-band,low,densely,yes,clear,light blue,small,pink,yes,SNE_327603_ccrop.jpg,train
SNE_329838_ccrop.jpg,Neutrophil,big,round,segmented-bilobed,low,densely,no,clear,light blue,small,pink,yes,SNE_329838_ccrop.jpg,train
SNE_330213_ccrop.jpg,Neutrophil,big,round,segmented-bilobed,low,densely,no,clear,light blue,small,pink,yes,SNE_330213_ccrop.jpg,train
SNE_333169_ccrop.jpg,Neutrophil,small,round,segmented-multilobed,low,densely,no,clear,light blue,small,pink,yes,SNE_333169_ccrop.jpg,train
SNE_334919_ccrop.jpg,Neutrophil,big,irregular,segmented-bilobed,low,densely,yes,clear,light blue,small,pink,yes,SNE_334919_ccrop.jpg,train
SNE_334920_ccrop.jpg,Neutrophil,big,round,irregular,low,densely,no,clear,light blue,small,pink,yes,SNE_334920_ccrop.jpg,train
SNE_337880_ccrop.jpg,Neutrophil,big,round,unsegmented-band,low,densely,no,clear,light blue,small,pink,yes,SNE_337880_ccrop.jpg,train
SNE_338117_ccrop.jpg,Neutrophil,big,round,segmented-bilobed,low,densely,no,clear,light blue,small,pink,yes,SNE_338117_ccrop.jpg,train
SNE_339035_ccrop.jpg,Neutrophil,big,irregular,segmented-bilobed,low,densely,no,clear,light blue,small,pink,yes,SNE_339035_ccrop.jpg,train
SNE_339538_ccrop.jpg,Neutrophil,big,round,segmented-bilobed,low,densely,no,clear,light blue,small,pink,yes,SNE_339538_ccrop.jpg,train
SNE_339572_ccrop.jpg,Neutrophil,big,round,segmented-bilobed,low,densely,no,clear,light blue,small,pink,yes,SNE_339572_ccrop.jpg,train
SNE_341311_ccrop.jpg,Neutrophil,small,irregular,segmented-bilobed,low,densely,no,clear,light blue,small,pink,yes,SNE_341311_ccrop.jpg,train
SNE_342586_ccrop.jpg,Neutrophil,big,irregular,segmented-bilobed,low,densely,no,clear,light blue,small,pink,yes,SNE_342586_ccrop.jpg,train
SNE_343862_ccrop.jpg,Neutrophil,big,irregular,segmented-bilobed,low,densely,no,clear,light blue,small,pink,yes,SNE_343862_ccrop.jpg,train
SNE_344636_ccrop.jpg,Neutrophil,small,round,unsegmented-band,low,densely,no,clear,light blue,small,pink,yes,SNE_344636_ccrop.jpg,train
SNE_345111_ccrop.jpg,Neutrophil,big,round,segmented-bilobed,low,densely,no,clear,light blue,small,pink,yes,SNE_345111_ccrop.jpg,train
SNE_345629_ccrop.jpg,Neutrophil,big,round,segmented-multilobed,low,densely,no,clear,light blue,small,pink,yes,SNE_345629_ccrop.jpg,train
SNE_350176_ccrop.jpg,Neutrophil,big,round,unsegmented-band,low,densely,no,clear,light blue,small,pink,yes,SNE_350176_ccrop.jpg,train
SNE_35078_ccrop.jpg,Neutrophil,big,round,unsegmented-band,low,densely,no,clear,light blue,small,pink,yes,SNE_35078_ccrop.jpg,train
SNE_350920_ccrop.jpg,Neutrophil,small,round,segmented-multilobed,low,densely,no,clear,light blue,small,pink,yes,SNE_350920_ccrop.jpg,train
SNE_351797_ccrop.jpg,Neutrophil,big,irregular,segmented-multilobed,low,densely,no,clear,light blue,small,pink,yes,SNE_351797_ccrop.jpg,train
SNE_352977_ccrop.jpg,Neutrophil,big,irregular,unsegmented-band,low,densely,no,clear,light blue,small,pink,yes,SNE_352977_ccrop.jpg,train
SNE_355910_ccrop.jpg,Neutrophil,big,round,unsegmented-band,low,densely,no,clear,light blue,small,pink,yes,SNE_355910_ccrop.jpg,train
SNE_357478_ccrop.jpg,Neutrophil,small,round,unsegmented-band,low,densely,no,clear,light blue,small,pink,yes,SNE_357478_ccrop.jpg,train
SNE_357649_ccrop.jpg,Neutrophil,big,round,unsegmented-band,low,densely,no,clear,light blue,small,pink,yes,SNE_357649_ccrop.jpg,train
SNE_358113_ccrop.jpg,Neutrophil,big,round,unsegmented-band,low,densely,no,clear,light blue,small,pink,yes,SNE_358113_ccrop.jpg,train
SNE_358136_ccrop.jpg,Neutrophil,big,round,unsegmented-band,low,densely,no,clear,light blue,small,pink,yes,SNE_358136_ccrop.jpg,train
SNE_358592_ccrop.jpg,Neutrophil,big,round,unsegmented-band,low,densely,yes,clear,light blue,small,pink,yes,SNE_358592_ccrop.jpg,train
SNE_359147_ccrop.jpg,Neutrophil,big,round,segmented-multilobed,low,densely,no,clear,light blue,small,pink,yes,SNE_359147_ccrop.jpg,train
SNE_360421_ccrop.jpg,Neutrophil,small,round,segmented-multilobed,low,densely,no,clear,light blue,small,pink,yes,SNE_360421_ccrop.jpg,train
SNE_36219_ccrop.jpg,Neutrophil,big,round,unsegmented-band,low,densely,no,clear,light blue,small,pink,yes,SNE_36219_ccrop.jpg,train
SNE_362408_ccrop.jpg,Neutrophil,big,round,unsegmented-band,low,densely,no,clear,light blue,small,pink,yes,SNE_362408_ccrop.jpg,train
SNE_362409_ccrop.jpg,Neutrophil,big,round,unsegmented-band,low,densely,no,clear,light blue,small,pink,yes,SNE_362409_ccrop.jpg,train
SNE_363370_ccrop.jpg,Neutrophil,big,round,unsegmented-band,low,densely,no,clear,light blue,small,pink,yes,SNE_363370_ccrop.jpg,train
SNE_363446_ccrop.jpg,Neutrophil,big,round,segmented-multilobed,low,densely,no,clear,light blue,small,pink,yes,SNE_363446_ccrop.jpg,train
SNE_364066_ccrop.jpg,Neutrophil,big,round,segmented-bilobed,low,densely,no,clear,light blue,small,pink,yes,SNE_364066_ccrop.jpg,train
SNE_364300_ccrop.jpg,Neutrophil,big,round,unsegmented-band,low,densely,no,clear,light blue,small,pink,yes,SNE_364300_ccrop.jpg,train
SNE_364743_ccrop.jpg,Neutrophil,big,round,segmented-bilobed,low,densely,no,clear,light blue,small,pink,yes,SNE_364743_ccrop.jpg,train
SNE_36496_ccrop.jpg,Neutrophil,big,round,unsegmented-band,low,densely,no,clear,light blue,small,pink,yes,SNE_36496_ccrop.jpg,train
SNE_365900_ccrop.jpg,Neutrophil,big,round,segmented-bilobed,low,densely,no,clear,light blue,small,pink,yes,SNE_365900_ccrop.jpg,train
SNE_367710_ccrop.jpg,Neutrophil,small,irregular,unsegmented-band,low,densely,no,clear,light blue,small,pink,yes,SNE_367710_ccrop.jpg,train
SNE_37089_ccrop.jpg,Neutrophil,big,round,unsegmented-band,low,densely,no,clear,light blue,small,pink,yes,SNE_37089_ccrop.jpg,train
SNE_373271_ccrop.jpg,Neutrophil,big,irregular,segmented-multilobed,low,densely,no,clear,light blue,small,pink,yes,SNE_373271_ccrop.jpg,train
SNE_373512_ccrop.jpg,Neutrophil,big,round,unsegmented-band,low,densely,no,clear,light blue,small,pink,yes,SNE_373512_ccrop.jpg,train
SNE_374597_ccrop.jpg,Neutrophil,big,round,unsegmented-band,low,densely,yes,clear,light blue,small,pink,yes,SNE_374597_ccrop.jpg,train
SNE_374959_ccrop.jpg,Neutrophil,big,irregular,segmented-bilobed,low,densely,no,clear,light blue,small,pink,yes,SNE_374959_ccrop.jpg,train
SNE_375215_ccrop.jpg,Neutrophil,big,irregular,segmented-bilobed,low,densely,no,clear,light blue,small,pink,yes,SNE_375215_ccrop.jpg,train
SNE_375258_ccrop.jpg,Neutrophil,big,round,unsegmented-band,low,densely,no,clear,light blue,small,pink,yes,SNE_375258_ccrop.jpg,train
SNE_375296_ccrop.jpg,Neutrophil,big,irregular,segmented-multilobed,low,densely,no,clear,light blue,small,pink,yes,SNE_375296_ccrop.jpg,train
SNE_375821_ccrop.jpg,Neutrophil,big,round,unsegmented-band,low,densely,no,clear,light blue,small,pink,yes,SNE_375821_ccrop.jpg,train
SNE_376752_ccrop.jpg,Neutrophil,small,round,segmented-multilobed,low,densely,no,clear,light blue,small,pink,yes,SNE_376752_ccrop.jpg,train
SNE_376973_ccrop.jpg,Neutrophil,big,irregular,segmented-multilobed,low,densely,no,clear,light blue,small,pink,yes,SNE_376973_ccrop.jpg,train
SNE_378472_ccrop.jpg,Neutrophil,big,round,unsegmented-band,low,densely,no,clear,light blue,small,pink,yes,SNE_378472_ccrop.jpg,train
SNE_380575_ccrop.jpg,Neutrophil,big,round,segmented-multilobed,low,densely,no,clear,light blue,small,pink,yes,SNE_380575_ccrop.jpg,train
SNE_380978_ccrop.jpg,Neutrophil,big,round,segmented-multilobed,low,densely,no,clear,light blue,small,pink,yes,SNE_380978_ccrop.jpg,train
SNE_381415_ccrop.jpg,Neutrophil,big,round,unsegmented-band,low,densely,no,clear,light blue,small,pink,yes,SNE_381415_ccrop.jpg,train
SNE_381430_ccrop.jpg,Neutrophil,big,round,unsegmented-band,low,densely,no,clear,light blue,small,pink,yes,SNE_381430_ccrop.jpg,train
SNE_382444_ccrop.jpg,Neutrophil,big,irregular,unsegmented-band,low,densely,no,clear,light blue,small,pink,yes,SNE_382444_ccrop.jpg,train
SNE_382898_ccrop.jpg,Neutrophil,big,round,segmented-bilobed,low,densely,no,clear,light blue,small,pink,yes,SNE_382898_ccrop.jpg,train
SNE_383256_ccrop.jpg,Neutrophil,big,irregular,unsegmented-band,low,densely,no,clear,light blue,small,pink,yes,SNE_383256_ccrop.jpg,train
SNE_383651_ccrop.jpg,Neutrophil,big,irregular,unsegmented-band,low,densely,no,clear,light blue,small,pink,yes,SNE_383651_ccrop.jpg,train
SNE_383824_ccrop.jpg,Neutrophil,big,round,segmented-bilobed,low,densely,no,clear,light blue,small,pink,yes,SNE_383824_ccrop.jpg,train
SNE_385589_ccrop.jpg,Neutrophil,big,irregular,unsegmented-band,low,densely,no,clear,light blue,small,pink,yes,SNE_385589_ccrop.jpg,train
SNE_385652_ccrop.jpg,Neutrophil,big,irregular,segmented-multilobed,low,densely,no,clear,light blue,small,pink,yes,SNE_385652_ccrop.jpg,train
SNE_386155_ccrop.jpg,Neutrophil,big,irregular,segmented-multilobed,low,densely,no,clear,light blue,small,pink,yes,SNE_386155_ccrop.jpg,train
SNE_386488_ccrop.jpg,Neutrophil,big,round,unsegmented-band,low,densely,no,clear,light blue,small,pink,yes,SNE_386488_ccrop.jpg,train
SNE_386870_ccrop.jpg,Neutrophil,small,round,unsegmented-band,low,densely,no,clear,light blue,small,pink,yes,SNE_386870_ccrop.jpg,train
SNE_386954_ccrop.jpg,Neutrophil,big,round,unsegmented-band,low,densely,no,clear,light blue,small,pink,yes,SNE_386954_ccrop.jpg,train
SNE_388709_ccrop.jpg,Neutrophil,big,round,segmented-bilobed,low,densely,no,clear,light blue,small,pink,yes,SNE_388709_ccrop.jpg,train
SNE_388881_ccrop.jpg,Neutrophil,small,round,unsegmented-band,low,densely,no,clear,light blue,small,pink,yes,SNE_388881_ccrop.jpg,train
SNE_389572_ccrop.jpg,Neutrophil,big,irregular,segmented-multilobed,low,densely,no,clear,light blue,small,pink,yes,SNE_389572_ccrop.jpg,train
SNE_390822_ccrop.jpg,Neutrophil,big,irregular,segmented-multilobed,low,densely,no,clear,light blue,small,pink,yes,SNE_390822_ccrop.jpg,train
SNE_390997_ccrop.jpg,Neutrophil,big,round,segmented-bilobed,low,densely,no,clear,light blue,small,pink,yes,SNE_390997_ccrop.jpg,train
SNE_392001_ccrop.jpg,Neutrophil,big,round,segmented-bilobed,low,densely,no,clear,light blue,small,pink,yes,SNE_392001_ccrop.jpg,train
SNE_392106_ccrop.jpg,Neutrophil,big,round,unsegmented-band,low,densely,no,clear,light blue,small,pink,yes,SNE_392106_ccrop.jpg,train
SNE_392617_ccrop.jpg,Neutrophil,big,irregular,unsegmented-band,low,densely,no,clear,light blue,small,pink,yes,SNE_392617_ccrop.jpg,train
SNE_393713_ccrop.jpg,Neutrophil,big,irregular,segmented-multilobed,low,densely,no,clear,light blue,small,pink,yes,SNE_393713_ccrop.jpg,train
SNE_394048_ccrop.jpg,Neutrophil,small,round,segmented-multilobed,low,densely,no,clear,light blue,small,pink,yes,SNE_394048_ccrop.jpg,train
SNE_394861_ccrop.jpg,Neutrophil,big,round,segmented-multilobed,low,densely,no,clear,light blue,small,pink,yes,SNE_394861_ccrop.jpg,train
SNE_395253_ccrop.jpg,Neutrophil,big,irregular,segmented-multilobed,low,densely,no,clear,light blue,small,pink,yes,SNE_395253_ccrop.jpg,train
SNE_397471_ccrop.jpg,Neutrophil,big,round,unsegmented-band,low,densely,no,clear,light blue,small,pink,yes,SNE_397471_ccrop.jpg,train
SNE_399998_ccrop.jpg,Neutrophil,big,round,segmented-bilobed,low,densely,yes,clear,light blue,small,pink,yes,SNE_399998_ccrop.jpg,train
SNE_400193_ccrop.jpg,Neutrophil,big,irregular,segmented-bilobed,low,densely,no,clear,light blue,small,pink,yes,SNE_400193_ccrop.jpg,train
SNE_401003_ccrop.jpg,Neutrophil,big,round,unsegmented-band,low,densely,no,clear,light blue,small,pink,yes,SNE_401003_ccrop.jpg,train
SNE_401430_ccrop.jpg,Neutrophil,big,round,unsegmented-band,low,densely,no,clear,light blue,small,pink,yes,SNE_401430_ccrop.jpg,train
SNE_402177_ccrop.jpg,Neutrophil,big,irregular,segmented-bilobed,low,densely,no,clear,light blue,small,pink,yes,SNE_402177_ccrop.jpg,train
SNE_402317_ccrop.jpg,Neutrophil,big,round,segmented-bilobed,low,densely,no,clear,light blue,small,pink,yes,SNE_402317_ccrop.jpg,train
SNE_40278_ccrop.jpg,Neutrophil,small,round,unsegmented-band,low,densely,no,clear,light blue,small,pink,yes,SNE_40278_ccrop.jpg,train
SNE_402972_ccrop.jpg,Neutrophil,big,round,segmented-bilobed,low,densely,no,clear,light blue,small,pink,yes,SNE_402972_ccrop.jpg,train
SNE_40306_ccrop.jpg,Neutrophil,big,round,unsegmented-band,low,densely,no,clear,light blue,small,pink,yes,SNE_40306_ccrop.jpg,train
SNE_403956_ccrop.jpg,Neutrophil,big,round,unsegmented-band,low,densely,no,clear,light blue,small,pink,yes,SNE_403956_ccrop.jpg,train
SNE_404231_ccrop.jpg,Neutrophil,big,round,segmented-bilobed,low,densely,no,clear,light blue,small,pink,yes,SNE_404231_ccrop.jpg,train
SNE_404595_ccrop.jpg,Neutrophil,big,round,segmented-multilobed,low,densely,no,clear,light blue,small,pink,yes,SNE_404595_ccrop.jpg,train
SNE_405383_ccrop.jpg,Neutrophil,big,round,unsegmented-band,low,densely,no,clear,light blue,small,pink,yes,SNE_405383_ccrop.jpg,train
SNE_406667_ccrop.jpg,Neutrophil,big,round,unsegmented-band,low,densely,no,clear,light blue,small,pink,yes,SNE_406667_ccrop.jpg,train
SNE_407809_ccrop.jpg,Neutrophil,small,round,segmented-bilobed,low,densely,no,clear,light blue,small,pink,yes,SNE_407809_ccrop.jpg,train
SNE_409624_ccrop.jpg,Neutrophil,big,irregular,segmented-bilobed,low,densely,yes,clear,light blue,small,purple,yes,SNE_409624_ccrop.jpg,train
SNE_411334_ccrop.jpg,Neutrophil,big,irregular,segmented-bilobed,low,densely,no,clear,light blue,small,pink,yes,SNE_411334_ccrop.jpg,train
SNE_413625_ccrop.jpg,Neutrophil,big,round,segmented-bilobed,low,densely,no,clear,light blue,small,pink,yes,SNE_413625_ccrop.jpg,train
SNE_414238_ccrop.jpg,Neutrophil,big,irregular,unsegmented-band,low,densely,no,clear,light blue,small,pink,yes,SNE_414238_ccrop.jpg,train
SNE_414851_ccrop.jpg,Neutrophil,big,irregular,unsegmented-band,low,densely,no,clear,light blue,small,pink,yes,SNE_414851_ccrop.jpg,train
SNE_416285_ccrop.jpg,Neutrophil,big,irregular,segmented-multilobed,low,densely,no,clear,light blue,small,pink,yes,SNE_416285_ccrop.jpg,train
SNE_417051_ccrop.jpg,Neutrophil,big,round,segmented-multilobed,low,densely,no,clear,light blue,small,pink,yes,SNE_417051_ccrop.jpg,train
SNE_419085_ccrop.jpg,Neutrophil,big,round,segmented-multilobed,low,densely,no,clear,light blue,small,pink,yes,SNE_419085_ccrop.jpg,train
SNE_419179_ccrop.jpg,Neutrophil,small,round,segmented-bilobed,low,densely,no,clear,light blue,small,pink,yes,SNE_419179_ccrop.jpg,train
SNE_420372_ccrop.jpg,Neutrophil,big,round,segmented-multilobed,low,densely,no,clear,light blue,small,pink,yes,SNE_420372_ccrop.jpg,train
SNE_420784_ccrop.jpg,Neutrophil,big,round,segmented-multilobed,low,densely,no,clear,light blue,small,pink,yes,SNE_420784_ccrop.jpg,train
SNE_421318_ccrop.jpg,Neutrophil,big,round,unsegmented-band,low,densely,no,clear,light blue,small,pink,yes,SNE_421318_ccrop.jpg,train
SNE_421651_ccrop.jpg,Neutrophil,big,irregular,unsegmented-band,low,densely,no,clear,light blue,small,pink,yes,SNE_421651_ccrop.jpg,train
SNE_422578_ccrop.jpg,Neutrophil,big,round,unsegmented-band,low,densely,no,clear,light blue,small,pink,yes,SNE_422578_ccrop.jpg,train
SNE_423252_ccrop.jpg,Neutrophil,big,irregular,unsegmented-band,low,densely,no,clear,light blue,small,pink,yes,SNE_423252_ccrop.jpg,train
SNE_424615_ccrop.jpg,Neutrophil,big,round,segmented-bilobed,low,densely,no,clear,light blue,small,pink,yes,SNE_424615_ccrop.jpg,train
SNE_425270_ccrop.jpg,Neutrophil,small,irregular,segmented-bilobed,low,densely,no,clear,light blue,small,pink,yes,SNE_425270_ccrop.jpg,train
SNE_425988_ccrop.jpg,Neutrophil,big,irregular,unsegmented-band,low,densely,no,clear,light blue,small,pink,yes,SNE_425988_ccrop.jpg,train
SNE_426049_ccrop.jpg,Neutrophil,big,irregular,unsegmented-band,low,densely,no,clear,light blue,small,pink,yes,SNE_426049_ccrop.jpg,train
SNE_426212_ccrop.jpg,Neutrophil,small,round,unsegmented-band,low,densely,no,clear,light blue,small,pink,yes,SNE_426212_ccrop.jpg,train
SNE_426389_ccrop.jpg,Neutrophil,big,round,unsegmented-band,low,densely,no,clear,light blue,small,pink,yes,SNE_426389_ccrop.jpg,train
SNE_426696_ccrop.jpg,Neutrophil,big,round,segmented-bilobed,low,densely,no,clear,light blue,small,pink,yes,SNE_426696_ccrop.jpg,train
SNE_429672_ccrop.jpg,Neutrophil,big,round,segmented-multilobed,low,densely,no,clear,light blue,small,pink,yes,SNE_429672_ccrop.jpg,train
SNE_429986_ccrop.jpg,Neutrophil,small,round,unsegmented-band,low,densely,no,clear,light blue,small,pink,yes,SNE_429986_ccrop.jpg,train
SNE_432053_ccrop.jpg,Neutrophil,big,irregular,segmented-multilobed,low,densely,no,clear,light blue,small,pink,yes,SNE_432053_ccrop.jpg,train
SNE_432940_ccrop.jpg,Neutrophil,small,round,segmented-multilobed,low,densely,no,clear,light blue,small,pink,yes,SNE_432940_ccrop.jpg,train
SNE_433684_ccrop.jpg,Neutrophil,big,irregular,segmented-bilobed,low,densely,no,clear,light blue,small,pink,yes,SNE_433684_ccrop.jpg,train
SNE_433963_ccrop.jpg,Neutrophil,big,irregular,unsegmented-band,low,densely,no,clear,light blue,small,pink,yes,SNE_433963_ccrop.jpg,train
SNE_434790_ccrop.jpg,Neutrophil,big,irregular,segmented-bilobed,low,densely,no,clear,light blue,small,pink,yes,SNE_434790_ccrop.jpg,train
SNE_435561_ccrop.jpg,Neutrophil,big,round,segmented-multilobed,low,densely,no,clear,light blue,small,pink,yes,SNE_435561_ccrop.jpg,train
SNE_438105_ccrop.jpg,Neutrophil,big,irregular,segmented-bilobed,low,densely,no,clear,light blue,small,pink,yes,SNE_438105_ccrop.jpg,train
SNE_439672_ccrop.jpg,Neutrophil,big,round,unsegmented-band,low,densely,no,clear,light blue,small,pink,yes,SNE_439672_ccrop.jpg,train
SNE_440123_ccrop.jpg,Neutrophil,small,round,unsegmented-band,low,densely,no,clear,light blue,small,pink,yes,SNE_440123_ccrop.jpg,train
SNE_440901_ccrop.jpg,Neutrophil,big,round,segmented-multilobed,low,densely,no,clear,light blue,small,pink,yes,SNE_440901_ccrop.jpg,train
SNE_441224_ccrop.jpg,Neutrophil,big,round,segmented-bilobed,low,densely,no,clear,light blue,small,pink,yes,SNE_441224_ccrop.jpg,train
SNE_442669_ccrop.jpg,Neutrophil,big,round,unsegmented-band,low,densely,no,clear,light blue,small,pink,yes,SNE_442669_ccrop.jpg,train
SNE_443512_ccrop.jpg,Neutrophil,big,round,unsegmented-band,low,densely,no,clear,light blue,small,pink,yes,SNE_443512_ccrop.jpg,train
SNE_443532_ccrop.jpg,Neutrophil,big,irregular,segmented-bilobed,low,densely,yes,clear,light blue,small,pink,yes,SNE_443532_ccrop.jpg,train
SNE_444125_ccrop.jpg,Neutrophil,big,round,unsegmented-band,low,densely,no,clear,light blue,small,pink,yes,SNE_444125_ccrop.jpg,train
SNE_444255_ccrop.jpg,Neutrophil,big,round,segmented-multilobed,low,densely,no,clear,light blue,small,pink,yes,SNE_444255_ccrop.jpg,train
SNE_445540_ccrop.jpg,Neutrophil,small,round,unsegmented-band,low,densely,yes,clear,light blue,small,pink,yes,SNE_445540_ccrop.jpg,train
SNE_447846_ccrop.jpg,Neutrophil,big,round,segmented-multilobed,low,densely,no,clear,light blue,small,pink,yes,SNE_447846_ccrop.jpg,train
SNE_448410_ccrop.jpg,Neutrophil,big,round,unsegmented-band,low,densely,no,clear,light blue,small,pink,yes,SNE_448410_ccrop.jpg,train
SNE_449792_ccrop.jpg,Neutrophil,big,round,segmented-multilobed,low,densely,no,clear,light blue,small,pink,yes,SNE_449792_ccrop.jpg,train
SNE_452254_ccrop.jpg,Neutrophil,small,round,segmented-multilobed,low,densely,no,clear,light blue,small,pink,yes,SNE_452254_ccrop.jpg,train
SNE_453662_ccrop.jpg,Neutrophil,big,irregular,segmented-bilobed,low,densely,no,clear,light blue,small,pink,yes,SNE_453662_ccrop.jpg,train
SNE_455449_ccrop.jpg,Neutrophil,big,irregular,unsegmented-band,low,densely,no,clear,light blue,small,pink,yes,SNE_455449_ccrop.jpg,train
SNE_4557_ccrop.jpg,Neutrophil,big,round,unsegmented-band,low,densely,no,clear,light blue,small,pink,yes,SNE_4557_ccrop.jpg,train
SNE_455746_ccrop.jpg,Neutrophil,small,round,unsegmented-band,low,densely,no,clear,light blue,small,pink,yes,SNE_455746_ccrop.jpg,train
SNE_45775_ccrop.jpg,Neutrophil,big,irregular,segmented-multilobed,low,densely,no,clear,light blue,small,pink,yes,SNE_45775_ccrop.jpg,train
SNE_460683_ccrop.jpg,Neutrophil,big,round,unsegmented-band,low,densely,no,clear,light blue,small,pink,yes,SNE_460683_ccrop.jpg,train
SNE_460824_ccrop.jpg,Neutrophil,small,irregular,segmented-bilobed,low,densely,yes,clear,light blue,small,pink,yes,SNE_460824_ccrop.jpg,train
SNE_461742_ccrop.jpg,Neutrophil,big,irregular,segmented-bilobed,low,densely,no,clear,light blue,small,pink,yes,SNE_461742_ccrop.jpg,train
SNE_462407_ccrop.jpg,Neutrophil,small,round,unsegmented-band,low,densely,no,clear,light blue,small,pink,yes,SNE_462407_ccrop.jpg,train
SNE_462447_ccrop.jpg,Neutrophil,big,round,segmented-bilobed,low,densely,no,clear,light blue,small,pink,yes,SNE_462447_ccrop.jpg,train
SNE_463342_ccrop.jpg,Neutrophil,big,round,segmented-bilobed,low,densely,no,clear,light blue,small,pink,yes,SNE_463342_ccrop.jpg,train
SNE_464918_ccrop.jpg,Neutrophil,big,irregular,unsegmented-band,low,densely,no,clear,light blue,small,pink,yes,SNE_464918_ccrop.jpg,train
SNE_465548_ccrop.jpg,Neutrophil,big,round,unsegmented-band,low,densely,no,clear,light blue,small,pink,yes,SNE_465548_ccrop.jpg,train
SNE_467255_ccrop.jpg,Neutrophil,big,round,segmented-bilobed,low,densely,no,clear,light blue,small,pink,yes,SNE_467255_ccrop.jpg,train
SNE_468966_ccrop.jpg,Neutrophil,big,round,segmented-multilobed,low,densely,no,clear,light blue,small,pink,yes,SNE_468966_ccrop.jpg,train
SNE_469228_ccrop.jpg,Neutrophil,big,round,unsegmented-band,low,densely,no,clear,light blue,small,pink,yes,SNE_469228_ccrop.jpg,train
SNE_469555_ccrop.jpg,Neutrophil,big,round,segmented-multilobed,low,densely,no,clear,light blue,small,pink,yes,SNE_469555_ccrop.jpg,train
SNE_469792_ccrop.jpg,Neutrophil,big,round,segmented-multilobed,low,densely,no,clear,light blue,small,pink,yes,SNE_469792_ccrop.jpg,train
SNE_472376_ccrop.jpg,Neutrophil,big,irregular,segmented-multilobed,low,densely,yes,clear,light blue,small,pink,yes,SNE_472376_ccrop.jpg,train
SNE_472584_ccrop.jpg,Neutrophil,small,round,segmented-multilobed,low,densely,no,clear,light blue,small,pink,yes,SNE_472584_ccrop.jpg,train
SNE_472654_ccrop.jpg,Neutrophil,big,round,segmented-multilobed,low,densely,no,clear,light blue,small,pink,yes,SNE_472654_ccrop.jpg,train
SNE_472777_ccrop.jpg,Neutrophil,big,irregular,segmented-multilobed,low,densely,no,clear,light blue,small,pink,yes,SNE_472777_ccrop.jpg,train
SNE_474337_ccrop.jpg,Neutrophil,big,round,segmented-bilobed,low,densely,no,clear,light blue,small,pink,yes,SNE_474337_ccrop.jpg,train
SNE_474619_ccrop.jpg,Neutrophil,big,round,segmented-bilobed,low,densely,no,clear,light blue,small,pink,yes,SNE_474619_ccrop.jpg,train
SNE_475803_ccrop.jpg,Neutrophil,small,round,unsegmented-band,low,densely,no,clear,light blue,small,pink,yes,SNE_475803_ccrop.jpg,train
SNE_476160_ccrop.jpg,Neutrophil,big,irregular,unsegmented-band,low,densely,no,clear,light blue,small,pink,yes,SNE_476160_ccrop.jpg,train
SNE_477184_ccrop.jpg,Neutrophil,small,round,unsegmented-band,low,densely,no,clear,light blue,small,pink,yes,SNE_477184_ccrop.jpg,train
SNE_477469_ccrop.jpg,Neutrophil,big,round,unsegmented-band,low,densely,no,clear,light blue,small,pink,yes,SNE_477469_ccrop.jpg,train
SNE_478479_ccrop.jpg,Neutrophil,big,irregular,unsegmented-band,low,densely,no,clear,light blue,small,pink,yes,SNE_478479_ccrop.jpg,train
SNE_481329_ccrop.jpg,Neutrophil,big,irregular,unsegmented-band,low,densely,no,clear,light blue,small,pink,yes,SNE_481329_ccrop.jpg,train
SNE_481750_ccrop.jpg,Neutrophil,big,round,segmented-bilobed,low,densely,no,clear,light blue,small,pink,yes,SNE_481750_ccrop.jpg,train
SNE_483027_ccrop.jpg,Neutrophil,big,round,unsegmented-band,low,densely,no,clear,light blue,small,pink,yes,SNE_483027_ccrop.jpg,train
SNE_483806_ccrop.jpg,Neutrophil,small,round,unsegmented-band,low,densely,no,clear,light blue,small,pink,yes,SNE_483806_ccrop.jpg,train
SNE_483814_ccrop.jpg,Neutrophil,big,irregular,segmented-bilobed,low,densely,yes,clear,light blue,small,pink,yes,SNE_483814_ccrop.jpg,train
SNE_483940_ccrop.jpg,Neutrophil,big,irregular,unsegmented-band,low,densely,no,clear,light blue,small,pink,yes,SNE_483940_ccrop.jpg,train
SNE_4845_ccrop.jpg,Neutrophil,big,round,segmented-bilobed,low,densely,no,clear,light blue,small,pink,yes,SNE_4845_ccrop.jpg,train
SNE_484817_ccrop.jpg,Neutrophil,small,round,unsegmented-band,low,densely,no,clear,light blue,small,pink,yes,SNE_484817_ccrop.jpg,train
SNE_485719_ccrop.jpg,Neutrophil,big,irregular,segmented-multilobed,low,densely,no,clear,light blue,small,pink,yes,SNE_485719_ccrop.jpg,train
SNE_485828_ccrop.jpg,Neutrophil,big,irregular,segmented-bilobed,low,densely,no,clear,light blue,small,pink,yes,SNE_485828_ccrop.jpg,train
SNE_485945_ccrop.jpg,Neutrophil,big,round,segmented-multilobed,low,densely,no,clear,light blue,small,pink,yes,SNE_485945_ccrop.jpg,train
SNE_488757_ccrop.jpg,Neutrophil,big,irregular,segmented-bilobed,low,densely,no,clear,light blue,small,pink,yes,SNE_488757_ccrop.jpg,train
SNE_489607_ccrop.jpg,Neutrophil,big,round,unsegmented-band,low,densely,no,clear,light blue,small,pink,yes,SNE_489607_ccrop.jpg,train
SNE_490067_ccrop.jpg,Neutrophil,small,round,segmented-multilobed,low,densely,yes,clear,light blue,small,pink,yes,SNE_490067_ccrop.jpg,train
SNE_490662_ccrop.jpg,Neutrophil,big,round,unsegmented-band,low,densely,no,clear,light blue,small,pink,yes,SNE_490662_ccrop.jpg,train
SNE_492233_ccrop.jpg,Neutrophil,big,irregular,segmented-multilobed,low,densely,no,clear,light blue,small,pink,yes,SNE_492233_ccrop.jpg,train
SNE_493415_ccrop.jpg,Neutrophil,big,irregular,segmented-multilobed,low,densely,no,clear,light blue,small,pink,yes,SNE_493415_ccrop.jpg,train
SNE_493458_ccrop.jpg,Neutrophil,small,round,segmented-bilobed,low,densely,no,clear,light blue,small,pink,yes,SNE_493458_ccrop.jpg,train
SNE_493463_ccrop.jpg,Neutrophil,big,irregular,segmented-bilobed,low,densely,no,clear,light blue,small,pink,yes,SNE_493463_ccrop.jpg,train
SNE_494764_ccrop.jpg,Neutrophil,big,round,unsegmented-band,low,densely,no,clear,light blue,small,pink,yes,SNE_494764_ccrop.jpg,train
SNE_495787_ccrop.jpg,Neutrophil,small,round,segmented-bilobed,low,densely,no,clear,light blue,small,pink,yes,SNE_495787_ccrop.jpg,train
SNE_495849_ccrop.jpg,Neutrophil,big,round,segmented-bilobed,low,densely,no,clear,light blue,small,pink,yes,SNE_495849_ccrop.jpg,train
SNE_49598_ccrop.jpg,Neutrophil,big,irregular,unsegmented-band,low,densely,no,clear,light blue,small,pink,yes,SNE_49598_ccrop.jpg,train
SNE_497060_ccrop.jpg,Neutrophil,big,round,unsegmented-band,low,densely,no,clear,light blue,small,pink,yes,SNE_497060_ccrop.jpg,train
SNE_497237_ccrop.jpg,Neutrophil,big,round,segmented-bilobed,low,densely,no,clear,light blue,small,pink,yes,SNE_497237_ccrop.jpg,train
SNE_49767_ccrop.jpg,Neutrophil,big,irregular,segmented-bilobed,low,densely,no,clear,light blue,small,pink,yes,SNE_49767_ccrop.jpg,train
SNE_499346_ccrop.jpg,Neutrophil,big,irregular,unsegmented-band,low,densely,no,clear,light blue,small,pink,yes,SNE_499346_ccrop.jpg,train
SNE_499727_ccrop.jpg,Neutrophil,big,irregular,segmented-bilobed,low,densely,no,clear,light blue,small,pink,yes,SNE_499727_ccrop.jpg,train
SNE_499841_ccrop.jpg,Neutrophil,big,irregular,segmented-bilobed,low,densely,no,clear,light blue,small,pink,yes,SNE_499841_ccrop.jpg,train
SNE_500563_ccrop.jpg,Neutrophil,big,round,segmented-bilobed,low,densely,no,clear,light blue,small,pink,yes,SNE_500563_ccrop.jpg,train
SNE_501206_ccrop.jpg,Neutrophil,big,irregular,unsegmented-band,low,densely,no,clear,light blue,small,pink,yes,SNE_501206_ccrop.jpg,train
SNE_501381_ccrop.jpg,Neutrophil,big,irregular,unsegmented-band,low,densely,no,clear,light blue,small,pink,yes,SNE_501381_ccrop.jpg,train
SNE_50201_ccrop.jpg,Neutrophil,big,round,segmented-bilobed,low,densely,no,clear,light blue,small,pink,yes,SNE_50201_ccrop.jpg,train
SNE_503929_ccrop.jpg,Neutrophil,big,irregular,segmented-multilobed,low,densely,no,clear,light blue,small,pink,yes,SNE_503929_ccrop.jpg,train
SNE_504343_ccrop.jpg,Neutrophil,big,irregular,segmented-bilobed,low,densely,no,clear,light blue,small,pink,yes,SNE_504343_ccrop.jpg,train
SNE_504413_ccrop.jpg,Neutrophil,big,irregular,segmented-multilobed,low,densely,no,clear,light blue,small,pink,yes,SNE_504413_ccrop.jpg,train
SNE_505047_ccrop.jpg,Neutrophil,big,irregular,segmented-bilobed,low,densely,no,clear,light blue,small,pink,yes,SNE_505047_ccrop.jpg,train
SNE_505705_ccrop.jpg,Neutrophil,small,round,unsegmented-band,low,densely,no,clear,light blue,small,pink,yes,SNE_505705_ccrop.jpg,train
SNE_506990_ccrop.jpg,Neutrophil,small,round,unsegmented-band,low,densely,no,clear,light blue,small,pink,yes,SNE_506990_ccrop.jpg,train
SNE_507816_ccrop.jpg,Neutrophil,big,round,unsegmented-band,low,densely,yes,clear,light blue,small,pink,yes,SNE_507816_ccrop.jpg,train
SNE_508294_ccrop.jpg,Neutrophil,big,round,segmented-bilobed,low,densely,no,clear,light blue,small,pink,yes,SNE_508294_ccrop.jpg,train
SNE_508392_ccrop.jpg,Neutrophil,big,round,unsegmented-band,low,densely,no,clear,light blue,small,pink,yes,SNE_508392_ccrop.jpg,train
SNE_508478_ccrop.jpg,Neutrophil,big,irregular,segmented-bilobed,low,densely,yes,clear,light blue,small,pink,yes,SNE_508478_ccrop.jpg,train
SNE_508710_ccrop.jpg,Neutrophil,big,round,segmented-multilobed,low,densely,no,clear,light blue,small,pink,yes,SNE_508710_ccrop.jpg,train
SNE_509393_ccrop.jpg,Neutrophil,big,round,segmented-bilobed,low,densely,no,clear,light blue,small,pink,yes,SNE_509393_ccrop.jpg,train
SNE_509890_ccrop.jpg,Neutrophil,small,round,unsegmented-band,low,densely,no,clear,light blue,small,pink,yes,SNE_509890_ccrop.jpg,train
SNE_511583_ccrop.jpg,Neutrophil,small,round,unsegmented-band,low,densely,no,clear,light blue,small,pink,yes,SNE_511583_ccrop.jpg,train
SNE_512050_ccrop.jpg,Neutrophil,big,irregular,unsegmented-band,low,densely,no,clear,light blue,small,pink,yes,SNE_512050_ccrop.jpg,train
SNE_512541_ccrop.jpg,Neutrophil,big,irregular,unsegmented-band,low,densely,no,clear,light blue,small,pink,yes,SNE_512541_ccrop.jpg,train
SNE_516734_ccrop.jpg,Neutrophil,big,irregular,segmented-bilobed,low,densely,no,clear,light blue,small,pink,yes,SNE_516734_ccrop.jpg,train
SNE_519778_ccrop.jpg,Neutrophil,big,irregular,segmented-bilobed,low,densely,no,clear,light blue,small,pink,yes,SNE_519778_ccrop.jpg,train
SNE_52015_ccrop.jpg,Neutrophil,big,irregular,segmented-bilobed,low,densely,yes,clear,light blue,small,pink,yes,SNE_52015_ccrop.jpg,train
SNE_522147_ccrop.jpg,Neutrophil,small,round,unsegmented-band,low,densely,no,clear,light blue,small,pink,yes,SNE_522147_ccrop.jpg,train
SNE_522713_ccrop.jpg,Neutrophil,small,round,segmented-multilobed,low,densely,no,clear,light blue,small,pink,yes,SNE_522713_ccrop.jpg,train
SNE_523523_ccrop.jpg,Neutrophil,small,round,unsegmented-band,low,densely,no,clear,light blue,small,pink,yes,SNE_523523_ccrop.jpg,train
SNE_525189_ccrop.jpg,Neutrophil,big,irregular,segmented-multilobed,low,densely,no,clear,light blue,small,pink,yes,SNE_525189_ccrop.jpg,train
SNE_525482_ccrop.jpg,Neutrophil,big,round,unsegmented-band,low,densely,no,clear,light blue,small,pink,yes,SNE_525482_ccrop.jpg,train
SNE_526818_ccrop.jpg,Neutrophil,big,round,segmented-multilobed,low,densely,no,clear,light blue,small,pink,yes,SNE_526818_ccrop.jpg,train
SNE_526872_ccrop.jpg,Neutrophil,big,round,segmented-bilobed,low,densely,no,clear,light blue,small,pink,yes,SNE_526872_ccrop.jpg,train
SNE_528864_ccrop.jpg,Neutrophil,big,irregular,segmented-bilobed,low,densely,no,clear,light blue,small,pink,yes,SNE_528864_ccrop.jpg,train
SNE_528907_ccrop.jpg,Neutrophil,small,round,segmented-bilobed,low,densely,no,clear,light blue,small,pink,yes,SNE_528907_ccrop.jpg,train
SNE_529503_ccrop.jpg,Neutrophil,big,round,segmented-multilobed,low,densely,no,clear,light blue,small,pink,yes,SNE_529503_ccrop.jpg,train
SNE_530476_ccrop.jpg,Neutrophil,small,round,segmented-bilobed,low,densely,no,clear,light blue,small,pink,yes,SNE_530476_ccrop.jpg,train
SNE_530862_ccrop.jpg,Neutrophil,small,irregular,segmented-bilobed,low,densely,no,clear,light blue,small,pink,yes,SNE_530862_ccrop.jpg,train
SNE_531347_ccrop.jpg,Neutrophil,big,irregular,segmented-multilobed,low,densely,no,clear,light blue,small,pink,yes,SNE_531347_ccrop.jpg,train
SNE_5329_ccrop.jpg,Neutrophil,big,irregular,unsegmented-band,low,densely,no,clear,light blue,small,pink,yes,SNE_5329_ccrop.jpg,train
SNE_533630_ccrop.jpg,Neutrophil,small,round,segmented-bilobed,low,densely,no,clear,light blue,small,pink,yes,SNE_533630_ccrop.jpg,train
SNE_534184_ccrop.jpg,Neutrophil,big,round,segmented-bilobed,low,densely,no,clear,light blue,small,pink,yes,SNE_534184_ccrop.jpg,train
SNE_536692_ccrop.jpg,Neutrophil,big,round,unsegmented-band,low,densely,no,clear,light blue,small,pink,yes,SNE_536692_ccrop.jpg,train
SNE_538680_ccrop.jpg,Neutrophil,big,round,segmented-bilobed,low,densely,no,clear,light blue,small,pink,yes,SNE_538680_ccrop.jpg,train
SNE_54137_ccrop.jpg,Neutrophil,big,round,segmented-bilobed,low,densely,no,clear,light blue,small,pink,yes,SNE_54137_ccrop.jpg,train
SNE_543818_ccrop.jpg,Neutrophil,big,round,segmented-bilobed,low,densely,no,clear,light blue,small,pink,yes,SNE_543818_ccrop.jpg,train
SNE_54408_ccrop.jpg,Neutrophil,big,round,segmented-bilobed,low,densely,no,clear,light blue,small,pink,yes,SNE_54408_ccrop.jpg,train
SNE_545033_ccrop.jpg,Neutrophil,big,round,unsegmented-band,low,densely,no,clear,light blue,small,pink,yes,SNE_545033_ccrop.jpg,train
SNE_548602_ccrop.jpg,Neutrophil,big,irregular,segmented-multilobed,low,densely,no,clear,light blue,small,pink,yes,SNE_548602_ccrop.jpg,train
SNE_550919_ccrop.jpg,Neutrophil,big,irregular,segmented-bilobed,low,densely,no,clear,light blue,small,pink,yes,SNE_550919_ccrop.jpg,train
SNE_551569_ccrop.jpg,Neutrophil,big,irregular,segmented-multilobed,low,densely,no,clear,light blue,small,pink,yes,SNE_551569_ccrop.jpg,train
SNE_553078_ccrop.jpg,Neutrophil,big,round,segmented-bilobed,low,densely,no,clear,light blue,small,pink,yes,SNE_553078_ccrop.jpg,train
SNE_554543_ccrop.jpg,Neutrophil,small,round,segmented-bilobed,low,densely,no,clear,light blue,small,pink,yes,SNE_554543_ccrop.jpg,train
SNE_555512_ccrop.jpg,Neutrophil,small,round,segmented-multilobed,low,densely,no,clear,light blue,small,pink,yes,SNE_555512_ccrop.jpg,train
SNE_556621_ccrop.jpg,Neutrophil,small,round,segmented-multilobed,low,densely,no,clear,light blue,small,pink,yes,SNE_556621_ccrop.jpg,train
SNE_556796_ccrop.jpg,Neutrophil,big,round,unsegmented-band,low,densely,no,clear,light blue,small,pink,yes,SNE_556796_ccrop.jpg,train
SNE_556912_ccrop.jpg,Neutrophil,big,irregular,unsegmented-band,low,densely,no,clear,light blue,small,pink,yes,SNE_556912_ccrop.jpg,train
SNE_560191_ccrop.jpg,Neutrophil,big,round,unsegmented-band,low,densely,no,clear,light blue,small,pink,yes,SNE_560191_ccrop.jpg,train
SNE_560864_ccrop.jpg,Neutrophil,big,irregular,segmented-bilobed,low,densely,no,clear,light blue,small,pink,yes,SNE_560864_ccrop.jpg,train
SNE_561932_ccrop.jpg,Neutrophil,big,irregular,segmented-bilobed,low,densely,no,clear,light blue,small,pink,yes,SNE_561932_ccrop.jpg,train
SNE_564272_ccrop.jpg,Neutrophil,big,round,unsegmented-band,low,densely,no,clear,light blue,small,pink,yes,SNE_564272_ccrop.jpg,train
SNE_565578_ccrop.jpg,Neutrophil,big,round,unsegmented-band,low,densely,no,clear,light blue,small,pink,yes,SNE_565578_ccrop.jpg,train
SNE_565875_ccrop.jpg,Neutrophil,big,round,segmented-bilobed,low,densely,no,clear,light blue,small,pink,yes,SNE_565875_ccrop.jpg,train
SNE_569771_ccrop.jpg,Neutrophil,big,irregular,unsegmented-band,low,densely,no,clear,light blue,small,pink,yes,SNE_569771_ccrop.jpg,train
SNE_570447_ccrop.jpg,Neutrophil,big,round,segmented-multilobed,low,densely,no,clear,light blue,small,pink,yes,SNE_570447_ccrop.jpg,train
SNE_571162_ccrop.jpg,Neutrophil,big,round,unsegmented-band,low,densely,no,clear,light blue,small,pink,yes,SNE_571162_ccrop.jpg,train
SNE_571542_ccrop.jpg,Neutrophil,big,irregular,segmented-multilobed,low,densely,no,clear,light blue,small,pink,yes,SNE_571542_ccrop.jpg,train
SNE_571552_ccrop.jpg,Neutrophil,big,round,segmented-multilobed,low,densely,no,clear,light blue,small,pink,yes,SNE_571552_ccrop.jpg,train
SNE_572651_ccrop.jpg,Neutrophil,small,round,unsegmented-band,low,densely,no,clear,light blue,small,pink,yes,SNE_572651_ccrop.jpg,train
SNE_574534_ccrop.jpg,Neutrophil,big,irregular,unsegmented-band,low,densely,no,clear,light blue,small,pink,yes,SNE_574534_ccrop.jpg,train
SNE_574609_ccrop.jpg,Neutrophil,small,irregular,segmented-multilobed,low,densely,no,clear,light blue,small,pink,yes,SNE_574609_ccrop.jpg,train
SNE_574922_ccrop.jpg,Neutrophil,small,round,segmented-bilobed,low,densely,no,clear,light blue,small,pink,yes,SNE_574922_ccrop.jpg,train
SNE_576734_ccrop.jpg,Neutrophil,small,round,unsegmented-round,low,densely,no,clear,light blue,small,pink,yes,SNE_576734_ccrop.jpg,train
SNE_576843_ccrop.jpg,Neutrophil,big,irregular,segmented-bilobed,low,densely,no,clear,light blue,small,pink,yes,SNE_576843_ccrop.jpg,train
SNE_576927_ccrop.jpg,Neutrophil,small,round,unsegmented-band,low,densely,no,clear,light blue,small,pink,yes,SNE_576927_ccrop.jpg,train
SNE_583310_ccrop.jpg,Neutrophil,big,round,unsegmented-band,low,densely,no,clear,light blue,small,pink,yes,SNE_583310_ccrop.jpg,train
SNE_584111_ccrop.jpg,Neutrophil,small,round,segmented-bilobed,low,densely,no,clear,light blue,small,pink,yes,SNE_584111_ccrop.jpg,train
SNE_584775_ccrop.jpg,Neutrophil,small,irregular,unsegmented-band,low,densely,no,clear,light blue,small,pink,yes,SNE_584775_ccrop.jpg,train
SNE_585435_ccrop.jpg,Neutrophil,small,irregular,segmented-bilobed,low,densely,no,clear,light blue,small,pink,yes,SNE_585435_ccrop.jpg,train
SNE_586161_ccrop.jpg,Neutrophil,small,round,segmented-multilobed,low,densely,no,clear,light blue,small,pink,yes,SNE_586161_ccrop.jpg,train
SNE_586498_ccrop.jpg,Neutrophil,small,round,segmented-bilobed,low,densely,no,clear,light blue,small,pink,yes,SNE_586498_ccrop.jpg,train
SNE_586616_ccrop.jpg,Neutrophil,small,round,segmented-multilobed,low,densely,no,clear,light blue,small,pink,yes,SNE_586616_ccrop.jpg,train
SNE_587128_ccrop.jpg,Neutrophil,big,irregular,unsegmented-band,low,densely,no,clear,light blue,small,pink,yes,SNE_587128_ccrop.jpg,train
SNE_58748_ccrop.jpg,Neutrophil,small,round,segmented-multilobed,low,densely,no,clear,light blue,small,pink,yes,SNE_58748_ccrop.jpg,train
SNE_587568_ccrop.jpg,Neutrophil,big,irregular,segmented-multilobed,low,densely,no,clear,light blue,small,pink,yes,SNE_587568_ccrop.jpg,train
SNE_588705_ccrop.jpg,Neutrophil,small,round,segmented-multilobed,low,densely,no,clear,light blue,small,pink,yes,SNE_588705_ccrop.jpg,train
SNE_589271_ccrop.jpg,Neutrophil,big,irregular,segmented-bilobed,low,densely,no,clear,light blue,small,pink,yes,SNE_589271_ccrop.jpg,train
SNE_591522_ccrop.jpg,Neutrophil,small,irregular,unsegmented-band,low,densely,no,clear,light blue,small,pink,yes,SNE_591522_ccrop.jpg,train
SNE_592732_ccrop.jpg,Neutrophil,small,round,segmented-bilobed,low,densely,no,clear,light blue,small,pink,yes,SNE_592732_ccrop.jpg,train
SNE_593008_ccrop.jpg,Neutrophil,small,round,segmented-bilobed,low,densely,no,clear,light blue,small,pink,yes,SNE_593008_ccrop.jpg,train
SNE_593655_ccrop.jpg,Neutrophil,small,round,segmented-bilobed,low,densely,no,clear,light blue,small,pink,yes,SNE_593655_ccrop.jpg,train
SNE_596188_ccrop.jpg,Neutrophil,big,irregular,unsegmented-band,low,densely,no,clear,light blue,small,pink,yes,SNE_596188_ccrop.jpg,train
SNE_59745_ccrop.jpg,Neutrophil,small,irregular,segmented-multilobed,low,densely,no,clear,light blue,small,pink,yes,SNE_59745_ccrop.jpg,train
SNE_597890_ccrop.jpg,Neutrophil,small,round,unsegmented-band,low,densely,no,clear,light blue,small,pink,yes,SNE_597890_ccrop.jpg,train
SNE_598181_ccrop.jpg,Neutrophil,big,irregular,unsegmented-band,low,densely,no,clear,light blue,small,pink,yes,SNE_598181_ccrop.jpg,train
SNE_599382_ccrop.jpg,Neutrophil,small,round,segmented-multilobed,low,densely,no,clear,light blue,small,pink,yes,SNE_599382_ccrop.jpg,train
SNE_599514_ccrop.jpg,Neutrophil,small,irregular,segmented-bilobed,low,densely,no,clear,light blue,small,pink,yes,SNE_599514_ccrop.jpg,train
SNE_599555_ccrop.jpg,Neutrophil,small,irregular,segmented-multilobed,low,densely,no,clear,light blue,small,pink,yes,SNE_599555_ccrop.jpg,train
SNE_599793_ccrop.jpg,Neutrophil,small,irregular,unsegmented-band,low,densely,no,clear,light blue,small,pink,yes,SNE_599793_ccrop.jpg,train
SNE_599996_ccrop.jpg,Neutrophil,small,irregular,segmented-bilobed,low,densely,no,clear,light blue,small,pink,yes,SNE_599996_ccrop.jpg,train
SNE_601004_ccrop.jpg,Neutrophil,small,irregular,segmented-bilobed,low,densely,no,clear,light blue,small,pink,yes,SNE_601004_ccrop.jpg,train
SNE_60147_ccrop.jpg,Neutrophil,small,round,unsegmented-band,low,densely,no,clear,light blue,small,pink,yes,SNE_60147_ccrop.jpg,train
SNE_601504_ccrop.jpg,Neutrophil,small,irregular,segmented-multilobed,low,densely,no,clear,light blue,small,pink,yes,SNE_601504_ccrop.jpg,train
SNE_606289_ccrop.jpg,Neutrophil,small,irregular,segmented-bilobed,low,densely,yes,clear,light blue,small,pink,yes,SNE_606289_ccrop.jpg,train
SNE_607695_ccrop.jpg,Neutrophil,small,irregular,segmented-multilobed,low,densely,no,clear,light blue,small,pink,yes,SNE_607695_ccrop.jpg,train
SNE_608210_ccrop.jpg,Neutrophil,big,irregular,unsegmented-band,low,densely,no,clear,light blue,small,pink,yes,SNE_608210_ccrop.jpg,train
SNE_609105_ccrop.jpg,Neutrophil,big,irregular,segmented-multilobed,low,densely,no,clear,light blue,small,pink,yes,SNE_609105_ccrop.jpg,train
SNE_609714_ccrop.jpg,Neutrophil,small,round,segmented-multilobed,low,densely,no,clear,light blue,small,pink,yes,SNE_609714_ccrop.jpg,train
SNE_609892_ccrop.jpg,Neutrophil,small,round,segmented-multilobed,low,densely,no,clear,light blue,small,pink,yes,SNE_609892_ccrop.jpg,train
SNE_610750_ccrop.jpg,Neutrophil,small,round,segmented-bilobed,low,densely,no,clear,light blue,small,pink,yes,SNE_610750_ccrop.jpg,train
SNE_611822_ccrop.jpg,Neutrophil,small,irregular,unsegmented-band,low,densely,no,clear,light blue,small,pink,yes,SNE_611822_ccrop.jpg,train
SNE_612365_ccrop.jpg,Neutrophil,small,round,unsegmented-band,low,densely,no,clear,light blue,small,pink,yes,SNE_612365_ccrop.jpg,train
SNE_612880_ccrop.jpg,Neutrophil,small,round,unsegmented-band,low,densely,no,clear,light blue,small,pink,yes,SNE_612880_ccrop.jpg,train
SNE_613420_ccrop.jpg,Neutrophil,small,irregular,segmented-multilobed,low,densely,no,clear,light blue,small,pink,yes,SNE_613420_ccrop.jpg,train
SNE_613918_ccrop.jpg,Neutrophil,small,irregular,segmented-bilobed,low,densely,no,clear,light blue,small,pink,yes,SNE_613918_ccrop.jpg,train
SNE_616649_ccrop.jpg,Neutrophil,small,irregular,segmented-bilobed,low,densely,no,clear,light blue,small,pink,yes,SNE_616649_ccrop.jpg,train
SNE_618287_ccrop.jpg,Neutrophil,small,round,segmented-multilobed,low,densely,no,clear,light blue,small,pink,yes,SNE_618287_ccrop.jpg,train
SNE_618495_ccrop.jpg,Neutrophil,small,irregular,segmented-bilobed,low,densely,no,clear,light blue,small,pink,yes,SNE_618495_ccrop.jpg,train
SNE_619218_ccrop.jpg,Neutrophil,small,irregular,unsegmented-band,low,densely,no,clear,light blue,small,pink,yes,SNE_619218_ccrop.jpg,train
SNE_620042_ccrop.jpg,Neutrophil,big,irregular,unsegmented-band,low,densely,no,clear,light blue,small,pink,yes,SNE_620042_ccrop.jpg,train
SNE_620737_ccrop.jpg,Neutrophil,small,irregular,segmented-multilobed,low,densely,no,clear,light blue,small,pink,yes,SNE_620737_ccrop.jpg,train
SNE_62215_ccrop.jpg,Neutrophil,small,irregular,unsegmented-band,low,densely,no,clear,light blue,small,pink,yes,SNE_62215_ccrop.jpg,train
SNE_623351_ccrop.jpg,Neutrophil,small,irregular,segmented-bilobed,low,densely,no,clear,light blue,small,pink,yes,SNE_623351_ccrop.jpg,train
SNE_624758_ccrop.jpg,Neutrophil,small,round,segmented-multilobed,low,densely,no,clear,light blue,small,pink,yes,SNE_624758_ccrop.jpg,train
SNE_625662_ccrop.jpg,Neutrophil,big,round,segmented-multilobed,low,densely,no,clear,light blue,small,pink,yes,SNE_625662_ccrop.jpg,train
SNE_626183_ccrop.jpg,Neutrophil,big,round,segmented-multilobed,low,densely,no,clear,light blue,small,pink,yes,SNE_626183_ccrop.jpg,train
SNE_62802_ccrop.jpg,Neutrophil,small,round,segmented-bilobed,low,densely,no,clear,light blue,small,pink,yes,SNE_62802_ccrop.jpg,train
SNE_628603_ccrop.jpg,Neutrophil,small,round,unsegmented-band,low,densely,no,clear,light blue,small,pink,yes,SNE_628603_ccrop.jpg,train
SNE_628909_ccrop.jpg,Neutrophil,big,irregular,segmented-bilobed,low,densely,yes,clear,light blue,small,pink,yes,SNE_628909_ccrop.jpg,train
SNE_630287_ccrop.jpg,Neutrophil,small,round,segmented-multilobed,low,densely,no,clear,light blue,small,pink,yes,SNE_630287_ccrop.jpg,train
SNE_630846_ccrop.jpg,Neutrophil,small,round,unsegmented-band,low,densely,no,clear,light blue,small,pink,yes,SNE_630846_ccrop.jpg,train
SNE_632644_ccrop.jpg,Neutrophil,small,irregular,unsegmented-band,low,densely,no,clear,light blue,small,pink,yes,SNE_632644_ccrop.jpg,train
SNE_632812_ccrop.jpg,Neutrophil,big,irregular,unsegmented-band,low,densely,no,clear,light blue,small,pink,yes,SNE_632812_ccrop.jpg,train
SNE_633168_ccrop.jpg,Neutrophil,big,round,unsegmented-band,low,densely,no,clear,light blue,small,pink,yes,SNE_633168_ccrop.jpg,train
SNE_633532_ccrop.jpg,Neutrophil,big,irregular,unsegmented-band,low,densely,no,clear,light blue,small,pink,yes,SNE_633532_ccrop.jpg,train
SNE_634148_ccrop.jpg,Neutrophil,small,round,unsegmented-band,low,densely,no,clear,light blue,small,pink,yes,SNE_634148_ccrop.jpg,train
SNE_634877_ccrop.jpg,Neutrophil,small,round,segmented-bilobed,low,densely,no,clear,light blue,small,pink,yes,SNE_634877_ccrop.jpg,train
SNE_635288_ccrop.jpg,Neutrophil,big,round,segmented-bilobed,low,densely,no,clear,light blue,small,pink,yes,SNE_635288_ccrop.jpg,train
SNE_635595_ccrop.jpg,Neutrophil,big,round,unsegmented-band,low,densely,no,clear,light blue,small,pink,yes,SNE_635595_ccrop.jpg,train
SNE_637018_ccrop.jpg,Neutrophil,big,round,segmented-multilobed,low,densely,no,clear,light blue,small,pink,yes,SNE_637018_ccrop.jpg,train
SNE_640102_ccrop.jpg,Neutrophil,big,round,segmented-bilobed,low,densely,no,clear,light blue,small,pink,yes,SNE_640102_ccrop.jpg,train
SNE_643406_ccrop.jpg,Neutrophil,small,round,segmented-bilobed,low,densely,no,clear,light blue,small,pink,yes,SNE_643406_ccrop.jpg,train
SNE_646674_ccrop.jpg,Neutrophil,big,round,segmented-multilobed,low,densely,no,clear,light blue,small,pink,yes,SNE_646674_ccrop.jpg,train
SNE_64736_ccrop.jpg,Neutrophil,small,round,segmented-multilobed,low,densely,no,clear,light blue,small,pink,yes,SNE_64736_ccrop.jpg,train
SNE_648057_ccrop.jpg,Neutrophil,small,round,unsegmented-band,low,densely,no,clear,light blue,small,pink,yes,SNE_648057_ccrop.jpg,train
SNE_64808_ccrop.jpg,Neutrophil,big,irregular,segmented-bilobed,low,densely,no,clear,light blue,small,pink,yes,SNE_64808_ccrop.jpg,train
SNE_648704_ccrop.jpg,Neutrophil,small,round,unsegmented-band,low,densely,no,clear,light blue,small,pink,yes,SNE_648704_ccrop.jpg,train
SNE_649885_ccrop.jpg,Neutrophil,big,irregular,segmented-multilobed,low,densely,no,clear,light blue,small,pink,yes,SNE_649885_ccrop.jpg,train
SNE_650007_ccrop.jpg,Neutrophil,big,round,unsegmented-band,low,densely,no,clear,light blue,small,pink,yes,SNE_650007_ccrop.jpg,train
SNE_650409_ccrop.jpg,Neutrophil,small,round,unsegmented-band,low,densely,no,clear,light blue,small,pink,yes,SNE_650409_ccrop.jpg,train
SNE_650531_ccrop.jpg,Neutrophil,small,round,segmented-multilobed,low,densely,no,clear,light blue,small,pink,yes,SNE_650531_ccrop.jpg,train
SNE_650929_ccrop.jpg,Neutrophil,big,irregular,segmented-bilobed,low,densely,no,clear,light blue,small,pink,yes,SNE_650929_ccrop.jpg,train
SNE_651628_ccrop.jpg,Neutrophil,big,round,segmented-multilobed,low,densely,no,clear,light blue,small,pink,yes,SNE_651628_ccrop.jpg,train
SNE_65413_ccrop.jpg,Neutrophil,big,irregular,segmented-multilobed,low,densely,no,clear,light blue,small,pink,yes,SNE_65413_ccrop.jpg,train
SNE_656073_ccrop.jpg,Neutrophil,big,irregular,unsegmented-band,low,densely,no,clear,light blue,small,pink,yes,SNE_656073_ccrop.jpg,train
SNE_65616_ccrop.jpg,Neutrophil,big,round,segmented-bilobed,low,densely,no,clear,light blue,small,pink,yes,SNE_65616_ccrop.jpg,train
SNE_656237_ccrop.jpg,Neutrophil,big,round,unsegmented-band,low,densely,no,clear,light blue,small,pink,yes,SNE_656237_ccrop.jpg,train
SNE_657218_ccrop.jpg,Neutrophil,big,round,segmented-multilobed,low,densely,no,clear,light blue,small,pink,yes,SNE_657218_ccrop.jpg,train
SNE_661509_ccrop.jpg,Neutrophil,big,round,segmented-multilobed,low,densely,no,clear,light blue,small,pink,yes,SNE_661509_ccrop.jpg,train
SNE_662400_ccrop.jpg,Neutrophil,small,round,unsegmented-band,low,densely,no,clear,light blue,small,pink,yes,SNE_662400_ccrop.jpg,train
SNE_663700_ccrop.jpg,Neutrophil,big,irregular,unsegmented-band,low,densely,no,clear,light blue,small,pink,yes,SNE_663700_ccrop.jpg,train
SNE_664415_ccrop.jpg,Neutrophil,small,round,unsegmented-band,low,densely,no,clear,light blue,small,pink,yes,SNE_664415_ccrop.jpg,train
SNE_664499_ccrop.jpg,Neutrophil,small,round,segmented-bilobed,low,densely,no,clear,light blue,small,pink,yes,SNE_664499_ccrop.jpg,train
SNE_664507_ccrop.jpg,Neutrophil,big,round,segmented-bilobed,low,densely,no,clear,light blue,small,pink,yes,SNE_664507_ccrop.jpg,train
SNE_667023_ccrop.jpg,Neutrophil,big,round,segmented-multilobed,low,densely,no,clear,light blue,small,pink,yes,SNE_667023_ccrop.jpg,train
SNE_670300_ccrop.jpg,Neutrophil,big,round,unsegmented-band,low,densely,no,clear,light blue,small,pink,yes,SNE_670300_ccrop.jpg,train
SNE_671189_ccrop.jpg,Neutrophil,small,round,segmented-bilobed,low,densely,no,clear,light blue,small,pink,yes,SNE_671189_ccrop.jpg,train
SNE_671899_ccrop.jpg,Neutrophil,big,irregular,unsegmented-band,low,densely,no,clear,light blue,small,pink,yes,SNE_671899_ccrop.jpg,train
SNE_672550_ccrop.jpg,Neutrophil,big,round,unsegmented-band,low,densely,no,clear,light blue,small,pink,yes,SNE_672550_ccrop.jpg,train
SNE_674280_ccrop.jpg,Neutrophil,small,round,segmented-bilobed,low,densely,no,clear,light blue,small,pink,yes,SNE_674280_ccrop.jpg,train
SNE_675028_ccrop.jpg,Neutrophil,big,irregular,segmented-bilobed,low,densely,no,clear,light blue,small,pink,yes,SNE_675028_ccrop.jpg,train
SNE_676449_ccrop.jpg,Neutrophil,big,irregular,segmented-multilobed,low,densely,no,clear,light blue,small,pink,yes,SNE_676449_ccrop.jpg,train
SNE_67724_ccrop.jpg,Neutrophil,big,round,segmented-bilobed,low,densely,no,clear,light blue,small,pink,yes,SNE_67724_ccrop.jpg,train
SNE_677361_ccrop.jpg,Neutrophil,big,irregular,segmented-bilobed,low,densely,no,clear,light blue,small,pink,yes,SNE_677361_ccrop.jpg,train
SNE_67811_ccrop.jpg,Neutrophil,big,round,segmented-bilobed,low,densely,no,clear,light blue,small,pink,yes,SNE_67811_ccrop.jpg,train
SNE_679559_ccrop.jpg,Neutrophil,big,round,segmented-bilobed,low,densely,no,clear,light blue,small,pink,yes,SNE_679559_ccrop.jpg,train
SNE_684234_ccrop.jpg,Neutrophil,big,round,segmented-multilobed,low,densely,no,clear,light blue,small,pink,yes,SNE_684234_ccrop.jpg,train
SNE_68465_ccrop.jpg,Neutrophil,big,irregular,unsegmented-band,low,densely,no,clear,light blue,small,pink,yes,SNE_68465_ccrop.jpg,train
SNE_686557_ccrop.jpg,Neutrophil,big,irregular,segmented-bilobed,low,densely,no,clear,light blue,small,pink,yes,SNE_686557_ccrop.jpg,train
SNE_688417_ccrop.jpg,Neutrophil,big,round,segmented-bilobed,low,densely,no,clear,light blue,small,pink,yes,SNE_688417_ccrop.jpg,train
SNE_688575_ccrop.jpg,Neutrophil,big,round,segmented-bilobed,low,densely,no,clear,light blue,small,pink,yes,SNE_688575_ccrop.jpg,train
SNE_688633_ccrop.jpg,Neutrophil,big,round,segmented-bilobed,low,densely,no,clear,light blue,small,pink,yes,SNE_688633_ccrop.jpg,train
SNE_691541_ccrop.jpg,Neutrophil,small,round,segmented-bilobed,low,densely,no,clear,light blue,small,pink,yes,SNE_691541_ccrop.jpg,train
SNE_69166_ccrop.jpg,Neutrophil,big,irregular,segmented-multilobed,low,densely,no,clear,light blue,small,pink,yes,SNE_69166_ccrop.jpg,train
SNE_691743_ccrop.jpg,Neutrophil,big,irregular,segmented-bilobed,low,densely,no,clear,light blue,small,pink,yes,SNE_691743_ccrop.jpg,train
SNE_692996_ccrop.jpg,Neutrophil,big,round,unsegmented-band,low,densely,no,clear,light blue,small,pink,yes,SNE_692996_ccrop.jpg,train
SNE_694056_ccrop.jpg,Neutrophil,big,round,unsegmented-band,low,densely,no,clear,light blue,small,pink,yes,SNE_694056_ccrop.jpg,train
SNE_697186_ccrop.jpg,Neutrophil,small,round,unsegmented-band,low,densely,no,clear,light blue,small,pink,yes,SNE_697186_ccrop.jpg,train
SNE_698912_ccrop.jpg,Neutrophil,big,irregular,segmented-multilobed,low,densely,no,clear,light blue,small,pink,yes,SNE_698912_ccrop.jpg,train
SNE_699042_ccrop.jpg,Neutrophil,big,round,unsegmented-band,low,densely,no,clear,light blue,small,pink,yes,SNE_699042_ccrop.jpg,train
SNE_699129_ccrop.jpg,Neutrophil,big,round,unsegmented-band,low,densely,no,clear,light blue,small,pink,yes,SNE_699129_ccrop.jpg,train
SNE_699973_ccrop.jpg,Neutrophil,big,irregular,segmented-bilobed,low,densely,no,clear,light blue,small,pink,yes,SNE_699973_ccrop.jpg,train
SNE_700097_ccrop.jpg,Neutrophil,big,round,segmented-bilobed,low,densely,no,clear,light blue,small,pink,yes,SNE_700097_ccrop.jpg,train
SNE_700357_ccrop.jpg,Neutrophil,big,irregular,segmented-bilobed,low,densely,no,clear,light blue,small,pink,yes,SNE_700357_ccrop.jpg,train
SNE_702329_ccrop.jpg,Neutrophil,big,irregular,segmented-multilobed,low,densely,no,clear,light blue,small,pink,yes,SNE_702329_ccrop.jpg,train
SNE_702411_ccrop.jpg,Neutrophil,big,irregular,unsegmented-band,low,densely,no,clear,light blue,small,pink,yes,SNE_702411_ccrop.jpg,train
SNE_703464_ccrop.jpg,Neutrophil,small,round,segmented-multilobed,low,densely,no,clear,light blue,small,pink,yes,SNE_703464_ccrop.jpg,train
SNE_703601_ccrop.jpg,Neutrophil,small,round,segmented-multilobed,low,densely,no,clear,light blue,small,pink,yes,SNE_703601_ccrop.jpg,train
SNE_703793_ccrop.jpg,Neutrophil,big,round,segmented-multilobed,low,densely,no,clear,light blue,small,pink,yes,SNE_703793_ccrop.jpg,train
SNE_704080_ccrop.jpg,Neutrophil,big,irregular,segmented-multilobed,low,densely,no,clear,light blue,small,pink,yes,SNE_704080_ccrop.jpg,train
SNE_704920_ccrop.jpg,Neutrophil,big,round,segmented-bilobed,low,densely,no,clear,light blue,small,pink,yes,SNE_704920_ccrop.jpg,train
SNE_707015_ccrop.jpg,Neutrophil,big,round,segmented-bilobed,low,densely,no,clear,light blue,small,pink,yes,SNE_707015_ccrop.jpg,train
SNE_70711_ccrop.jpg,Neutrophil,big,irregular,segmented-multilobed,low,densely,no,clear,light blue,small,pink,yes,SNE_70711_ccrop.jpg,train
SNE_70867_ccrop.jpg,Neutrophil,big,irregular,segmented-multilobed,low,densely,no,clear,light blue,small,pink,yes,SNE_70867_ccrop.jpg,train
SNE_71114_ccrop.jpg,Neutrophil,big,round,unsegmented-band,low,densely,no,clear,light blue,small,pink,yes,SNE_71114_ccrop.jpg,train
SNE_71295_ccrop.jpg,Neutrophil,big,round,segmented-bilobed,low,densely,no,clear,light blue,small,pink,yes,SNE_71295_ccrop.jpg,train
SNE_712988_ccrop.jpg,Neutrophil,big,round,unsegmented-band,low,densely,no,clear,light blue,small,pink,yes,SNE_712988_ccrop.jpg,train
SNE_714010_ccrop.jpg,Neutrophil,small,round,segmented-bilobed,low,densely,no,clear,light blue,small,pink,yes,SNE_714010_ccrop.jpg,train
SNE_714788_ccrop.jpg,Neutrophil,big,round,unsegmented-band,low,densely,no,clear,light blue,small,pink,yes,SNE_714788_ccrop.jpg,train
SNE_714876_ccrop.jpg,Neutrophil,small,round,unsegmented-band,low,densely,no,clear,light blue,small,pink,yes,SNE_714876_ccrop.jpg,train
SNE_716633_ccrop.jpg,Neutrophil,big,round,unsegmented-band,low,densely,no,clear,light blue,small,pink,yes,SNE_716633_ccrop.jpg,train
SNE_718731_ccrop.jpg,Neutrophil,big,round,unsegmented-band,low,densely,no,clear,light blue,small,pink,yes,SNE_718731_ccrop.jpg,train
SNE_721798_ccrop.jpg,Neutrophil,big,round,unsegmented-band,low,densely,no,clear,light blue,small,pink,yes,SNE_721798_ccrop.jpg,train
SNE_721866_ccrop.jpg,Neutrophil,big,irregular,unsegmented-band,low,densely,no,clear,light blue,small,pink,yes,SNE_721866_ccrop.jpg,train
SNE_723100_ccrop.jpg,Neutrophil,big,round,segmented-bilobed,low,densely,no,clear,light blue,small,pink,yes,SNE_723100_ccrop.jpg,train
SNE_725873_ccrop.jpg,Neutrophil,big,round,unsegmented-band,low,densely,no,clear,light blue,small,pink,yes,SNE_725873_ccrop.jpg,train
SNE_726181_ccrop.jpg,Neutrophil,big,round,unsegmented-band,low,densely,no,clear,light blue,small,pink,yes,SNE_726181_ccrop.jpg,train
SNE_726828_ccrop.jpg,Neutrophil,big,round,segmented-multilobed,low,densely,no,clear,light blue,small,pink,yes,SNE_726828_ccrop.jpg,train
SNE_727213_ccrop.jpg,Neutrophil,big,round,segmented-bilobed,low,densely,no,clear,light blue,small,pink,yes,SNE_727213_ccrop.jpg,train
SNE_727461_ccrop.jpg,Neutrophil,big,round,unsegmented-band,low,densely,no,clear,light blue,small,pink,yes,SNE_727461_ccrop.jpg,train
SNE_731589_ccrop.jpg,Neutrophil,big,round,unsegmented-band,low,densely,no,clear,light blue,small,pink,yes,SNE_731589_ccrop.jpg,train
SNE_732862_ccrop.jpg,Neutrophil,big,round,unsegmented-band,low,densely,no,clear,light blue,small,pink,yes,SNE_732862_ccrop.jpg,train
SNE_734146_ccrop.jpg,Neutrophil,big,round,unsegmented-band,low,densely,no,clear,light blue,small,pink,yes,SNE_734146_ccrop.jpg,train
SNE_734292_ccrop.jpg,Neutrophil,big,round,unsegmented-band,low,densely,no,clear,light blue,small,pink,yes,SNE_734292_ccrop.jpg,train
SNE_735522_ccrop.jpg,Neutrophil,big,round,unsegmented-band,low,densely,no,clear,light blue,small,pink,yes,SNE_735522_ccrop.jpg,train
SNE_736225_ccrop.jpg,Neutrophil,big,irregular,segmented-multilobed,low,densely,no,clear,light blue,small,pink,yes,SNE_736225_ccrop.jpg,train
SNE_736883_ccrop.jpg,Neutrophil,big,round,unsegmented-band,low,densely,no,clear,light blue,small,pink,yes,SNE_736883_ccrop.jpg,train
SNE_7372_ccrop.jpg,Neutrophil,big,round,segmented-bilobed,low,densely,no,clear,light blue,small,pink,yes,SNE_7372_ccrop.jpg,train
SNE_737275_ccrop.jpg,Neutrophil,big,round,segmented-multilobed,low,densely,no,clear,light blue,small,pink,yes,SNE_737275_ccrop.jpg,train
SNE_739636_ccrop.jpg,Neutrophil,small,round,unsegmented-band,low,densely,no,clear,light blue,small,pink,yes,SNE_739636_ccrop.jpg,train
SNE_741_ccrop.jpg,Neutrophil,small,round,segmented-multilobed,low,densely,no,clear,light blue,small,pink,yes,SNE_741_ccrop.jpg,train
SNE_742043_ccrop.jpg,Neutrophil,big,round,segmented-bilobed,low,densely,no,clear,light blue,small,pink,yes,SNE_742043_ccrop.jpg,train
SNE_742877_ccrop.jpg,Neutrophil,big,irregular,unsegmented-band,low,densely,no,clear,light blue,small,pink,yes,SNE_742877_ccrop.jpg,train
SNE_746001_ccrop.jpg,Neutrophil,big,round,segmented-multilobed,low,densely,no,clear,light blue,small,pink,yes,SNE_746001_ccrop.jpg,train
SNE_746083_ccrop.jpg,Neutrophil,small,round,segmented-bilobed,low,densely,no,clear,light blue,small,pink,yes,SNE_746083_ccrop.jpg,train
SNE_7466_ccrop.jpg,Neutrophil,big,irregular,segmented-bilobed,low,densely,no,clear,light blue,small,pink,yes,SNE_7466_ccrop.jpg,train
SNE_747458_ccrop.jpg,Neutrophil,big,round,unsegmented-band,low,densely,no,clear,light blue,small,pink,yes,SNE_747458_ccrop.jpg,train
SNE_749061_ccrop.jpg,Neutrophil,big,irregular,segmented-bilobed,low,densely,no,clear,light blue,small,pink,yes,SNE_749061_ccrop.jpg,train
SNE_74926_ccrop.jpg,Neutrophil,big,round,segmented-bilobed,low,densely,no,clear,light blue,small,pink,yes,SNE_74926_ccrop.jpg,train
SNE_750494_ccrop.jpg,Neutrophil,big,round,segmented-bilobed,low,densely,no,clear,light blue,small,pink,yes,SNE_750494_ccrop.jpg,train
SNE_750907_ccrop.jpg,Neutrophil,big,round,unsegmented-band,low,densely,no,clear,light blue,small,pink,yes,SNE_750907_ccrop.jpg,train
SNE_751245_ccrop.jpg,Neutrophil,big,round,segmented-bilobed,low,densely,no,clear,light blue,small,pink,yes,SNE_751245_ccrop.jpg,train
SNE_751957_ccrop.jpg,Neutrophil,big,round,unsegmented-band,low,densely,no,clear,light blue,small,pink,yes,SNE_751957_ccrop.jpg,train
SNE_752290_ccrop.jpg,Neutrophil,small,round,unsegmented-band,low,densely,no,clear,light blue,small,pink,yes,SNE_752290_ccrop.jpg,train
SNE_753880_ccrop.jpg,Neutrophil,small,round,unsegmented-band,low,densely,no,clear,light blue,small,pink,yes,SNE_753880_ccrop.jpg,train
SNE_756026_ccrop.jpg,Neutrophil,big,irregular,unsegmented-band,low,densely,no,clear,light blue,small,pink,yes,SNE_756026_ccrop.jpg,train
SNE_756098_ccrop.jpg,Neutrophil,small,round,unsegmented-band,low,densely,no,clear,light blue,small,pink,yes,SNE_756098_ccrop.jpg,train
SNE_756261_ccrop.jpg,Neutrophil,big,round,segmented-bilobed,low,densely,no,clear,light blue,small,pink,yes,SNE_756261_ccrop.jpg,train
SNE_757030_ccrop.jpg,Neutrophil,big,round,unsegmented-band,low,densely,no,clear,light blue,small,pink,yes,SNE_757030_ccrop.jpg,train
SNE_758017_ccrop.jpg,Neutrophil,small,round,unsegmented-band,low,densely,no,clear,light blue,small,pink,yes,SNE_758017_ccrop.jpg,train
SNE_759474_ccrop.jpg,Neutrophil,big,round,segmented-bilobed,low,densely,no,clear,light blue,small,pink,yes,SNE_759474_ccrop.jpg,train
SNE_761180_ccrop.jpg,Neutrophil,small,round,segmented-multilobed,low,densely,no,clear,light blue,small,pink,yes,SNE_761180_ccrop.jpg,train
SNE_762327_ccrop.jpg,Neutrophil,big,irregular,segmented-multilobed,low,densely,no,clear,light blue,small,pink,yes,SNE_762327_ccrop.jpg,train
SNE_762474_ccrop.jpg,Neutrophil,big,round,segmented-multilobed,low,densely,no,clear,light blue,small,pink,yes,SNE_762474_ccrop.jpg,train
SNE_763893_ccrop.jpg,Neutrophil,big,irregular,unsegmented-band,low,densely,no,clear,light blue,small,pink,yes,SNE_763893_ccrop.jpg,train
SNE_764185_ccrop.jpg,Neutrophil,big,irregular,segmented-bilobed,low,densely,no,clear,light blue,small,pink,yes,SNE_764185_ccrop.jpg,train
SNE_764517_ccrop.jpg,Neutrophil,big,round,segmented-multilobed,low,densely,no,clear,light blue,small,pink,yes,SNE_764517_ccrop.jpg,train
SNE_764821_ccrop.jpg,Neutrophil,big,round,unsegmented-band,low,densely,no,clear,light blue,small,pink,yes,SNE_764821_ccrop.jpg,train
SNE_767595_ccrop.jpg,Neutrophil,big,round,segmented-bilobed,low,densely,no,clear,light blue,small,pink,yes,SNE_767595_ccrop.jpg,train
SNE_768088_ccrop.jpg,Neutrophil,big,round,segmented-bilobed,low,densely,no,clear,light blue,small,pink,yes,SNE_768088_ccrop.jpg,train
SNE_7683_ccrop.jpg,Neutrophil,big,round,segmented-bilobed,low,densely,no,clear,light blue,small,pink,yes,SNE_7683_ccrop.jpg,train
SNE_769583_ccrop.jpg,Neutrophil,big,irregular,unsegmented-band,low,densely,no,clear,light blue,small,pink,yes,SNE_769583_ccrop.jpg,train
SNE_770745_ccrop.jpg,Neutrophil,small,round,segmented-bilobed,low,densely,no,clear,light blue,small,pink,yes,SNE_770745_ccrop.jpg,train
SNE_7740_ccrop.jpg,Neutrophil,big,round,segmented-bilobed,low,densely,no,clear,light blue,small,pink,yes,SNE_7740_ccrop.jpg,train
SNE_77438_ccrop.jpg,Neutrophil,big,round,segmented-bilobed,low,densely,no,clear,light blue,small,pink,yes,SNE_77438_ccrop.jpg,train
SNE_774800_ccrop.jpg,Neutrophil,small,round,segmented-bilobed,low,densely,no,clear,light blue,small,pink,yes,SNE_774800_ccrop.jpg,train
SNE_775468_ccrop.jpg,Neutrophil,big,irregular,segmented-bilobed,low,densely,yes,clear,light blue,small,pink,yes,SNE_775468_ccrop.jpg,train
SNE_776076_ccrop.jpg,Neutrophil,big,round,segmented-multilobed,low,densely,no,clear,light blue,small,pink,yes,SNE_776076_ccrop.jpg,train
SNE_779794_ccrop.jpg,Neutrophil,big,round,segmented-bilobed,low,densely,no,clear,light blue,small,pink,yes,SNE_779794_ccrop.jpg,train
SNE_781224_ccrop.jpg,Neutrophil,small,round,segmented-multilobed,low,densely,no,clear,light blue,small,pink,yes,SNE_781224_ccrop.jpg,train
SNE_781514_ccrop.jpg,Neutrophil,small,round,segmented-bilobed,low,densely,no,clear,light blue,small,pink,yes,SNE_781514_ccrop.jpg,train
SNE_783159_ccrop.jpg,Neutrophil,big,round,unsegmented-band,low,densely,no,clear,light blue,small,pink,yes,SNE_783159_ccrop.jpg,train
SNE_783589_ccrop.jpg,Neutrophil,big,round,segmented-bilobed,low,densely,no,clear,light blue,small,pink,yes,SNE_783589_ccrop.jpg,train
SNE_784426_ccrop.jpg,Neutrophil,big,round,unsegmented-band,low,densely,no,clear,light blue,small,pink,yes,SNE_784426_ccrop.jpg,train
SNE_784846_ccrop.jpg,Neutrophil,big,round,unsegmented-band,low,densely,no,clear,light blue,small,pink,yes,SNE_784846_ccrop.jpg,train
SNE_785064_ccrop.jpg,Neutrophil,big,round,segmented-multilobed,low,densely,no,clear,light blue,small,pink,yes,SNE_785064_ccrop.jpg,train
SNE_785424_ccrop.jpg,Neutrophil,big,round,unsegmented-band,low,densely,no,clear,light blue,small,pink,yes,SNE_785424_ccrop.jpg,train
SNE_786541_ccrop.jpg,Neutrophil,big,round,unsegmented-band,low,densely,no,clear,light blue,small,pink,yes,SNE_786541_ccrop.jpg,train
SNE_788496_ccrop.jpg,Neutrophil,big,round,segmented-bilobed,low,densely,no,clear,light blue,small,pink,yes,SNE_788496_ccrop.jpg,train
SNE_788666_ccrop.jpg,Neutrophil,big,round,unsegmented-band,low,densely,no,clear,light blue,small,pink,yes,SNE_788666_ccrop.jpg,train
SNE_788902_ccrop.jpg,Neutrophil,big,round,segmented-multilobed,low,densely,no,clear,light blue,small,pink,yes,SNE_788902_ccrop.jpg,train
SNE_790082_ccrop.jpg,Neutrophil,big,round,segmented-bilobed,low,densely,no,clear,light blue,small,pink,yes,SNE_790082_ccrop.jpg,train
SNE_790301_ccrop.jpg,Neutrophil,small,round,segmented-bilobed,low,densely,no,clear,light blue,small,pink,yes,SNE_790301_ccrop.jpg,train
SNE_790562_ccrop.jpg,Neutrophil,big,irregular,unsegmented-band,low,densely,no,clear,light blue,small,pink,yes,SNE_790562_ccrop.jpg,train
SNE_790833_ccrop.jpg,Neutrophil,big,irregular,segmented-bilobed,low,densely,no,clear,light blue,small,pink,yes,SNE_790833_ccrop.jpg,train
SNE_791644_ccrop.jpg,Neutrophil,big,irregular,segmented-bilobed,low,densely,no,clear,light blue,small,pink,yes,SNE_791644_ccrop.jpg,train
SNE_791810_ccrop.jpg,Neutrophil,small,round,segmented-bilobed,low,densely,no,clear,light blue,small,pink,yes,SNE_791810_ccrop.jpg,train
SNE_792024_ccrop.jpg,Neutrophil,small,round,segmented-multilobed,low,densely,no,clear,light blue,small,pink,yes,SNE_792024_ccrop.jpg,train
SNE_793789_ccrop.jpg,Neutrophil,big,irregular,segmented-multilobed,low,densely,no,clear,light blue,small,pink,yes,SNE_793789_ccrop.jpg,train
SNE_794163_ccrop.jpg,Neutrophil,small,round,unsegmented-band,low,densely,no,clear,light blue,small,pink,yes,SNE_794163_ccrop.jpg,train
SNE_795630_ccrop.jpg,Neutrophil,big,irregular,segmented-bilobed,low,densely,no,clear,light blue,small,pink,yes,SNE_795630_ccrop.jpg,train
SNE_796734_ccrop.jpg,Neutrophil,big,round,unsegmented-band,low,densely,no,clear,light blue,small,pink,yes,SNE_796734_ccrop.jpg,train
SNE_798289_ccrop.jpg,Neutrophil,big,round,segmented-multilobed,low,densely,no,clear,light blue,small,pink,yes,SNE_798289_ccrop.jpg,train
SNE_798449_ccrop.jpg,Neutrophil,big,irregular,unsegmented-band,low,densely,no,clear,light blue,small,pink,yes,SNE_798449_ccrop.jpg,train
SNE_798913_ccrop.jpg,Neutrophil,big,irregular,segmented-bilobed,low,densely,no,clear,light blue,small,pink,yes,SNE_798913_ccrop.jpg,train
SNE_799524_ccrop.jpg,Neutrophil,big,irregular,segmented-bilobed,low,densely,no,clear,light blue,small,pink,yes,SNE_799524_ccrop.jpg,train
SNE_80196_ccrop.jpg,Neutrophil,big,round,unsegmented-band,low,densely,no,clear,light blue,small,pink,yes,SNE_80196_ccrop.jpg,train
SNE_802950_ccrop.jpg,Neutrophil,small,irregular,unsegmented-band,low,densely,no,clear,light blue,small,pink,yes,SNE_802950_ccrop.jpg,train
SNE_803522_ccrop.jpg,Neutrophil,big,irregular,segmented-bilobed,low,densely,no,clear,light blue,small,pink,yes,SNE_803522_ccrop.jpg,train
SNE_805400_ccrop.jpg,Neutrophil,big,irregular,segmented-multilobed,low,densely,no,clear,light blue,small,pink,yes,SNE_805400_ccrop.jpg,train
SNE_807733_ccrop.jpg,Neutrophil,big,irregular,segmented-bilobed,low,densely,no,clear,light blue,small,pink,yes,SNE_807733_ccrop.jpg,train
SNE_807915_ccrop.jpg,Neutrophil,big,irregular,unsegmented-band,low,densely,no,clear,light blue,small,pink,yes,SNE_807915_ccrop.jpg,train
SNE_808697_ccrop.jpg,Neutrophil,big,irregular,segmented-multilobed,low,densely,no,clear,light blue,small,pink,yes,SNE_808697_ccrop.jpg,train
SNE_810133_ccrop.jpg,Neutrophil,big,round,segmented-bilobed,low,densely,no,clear,light blue,small,pink,yes,SNE_810133_ccrop.jpg,train
SNE_810419_ccrop.jpg,Neutrophil,big,round,segmented-bilobed,low,densely,no,clear,light blue,small,pink,yes,SNE_810419_ccrop.jpg,train
SNE_81065_ccrop.jpg,Neutrophil,small,round,segmented-bilobed,low,densely,no,clear,light blue,small,pink,yes,SNE_81065_ccrop.jpg,train
SNE_810665_ccrop.jpg,Neutrophil,big,round,segmented-multilobed,low,densely,no,clear,light blue,small,pink,yes,SNE_810665_ccrop.jpg,train
SNE_811554_ccrop.jpg,Neutrophil,big,round,segmented-multilobed,low,densely,no,clear,light blue,small,pink,yes,SNE_811554_ccrop.jpg,train
SNE_81248_ccrop.jpg,Neutrophil,big,round,segmented-bilobed,low,densely,no,clear,light blue,small,pink,yes,SNE_81248_ccrop.jpg,train
SNE_813844_ccrop.jpg,Neutrophil,big,round,segmented-bilobed,low,densely,no,clear,light blue,small,pink,yes,SNE_813844_ccrop.jpg,train
SNE_814256_ccrop.jpg,Neutrophil,big,round,unsegmented-band,low,densely,no,clear,light blue,small,pink,yes,SNE_814256_ccrop.jpg,train
SNE_814713_ccrop.jpg,Neutrophil,small,irregular,segmented-bilobed,low,densely,no,clear,light blue,small,pink,yes,SNE_814713_ccrop.jpg,train
SNE_8150_ccrop.jpg,Neutrophil,big,round,unsegmented-band,low,densely,no,clear,light blue,small,pink,yes,SNE_8150_ccrop.jpg,train
SNE_815209_ccrop.jpg,Neutrophil,big,round,segmented-multilobed,low,densely,no,clear,light blue,small,pink,yes,SNE_815209_ccrop.jpg,train
SNE_815833_ccrop.jpg,Neutrophil,big,round,segmented-bilobed,low,densely,no,clear,light blue,small,pink,yes,SNE_815833_ccrop.jpg,train
SNE_815898_ccrop.jpg,Neutrophil,big,round,segmented-bilobed,low,densely,no,clear,light blue,small,pink,yes,SNE_815898_ccrop.jpg,train
SNE_816195_ccrop.jpg,Neutrophil,big,round,segmented-bilobed,low,densely,no,clear,light blue,small,pink,yes,SNE_816195_ccrop.jpg,train
SNE_816733_ccrop.jpg,Neutrophil,big,irregular,segmented-bilobed,low,densely,no,clear,light blue,small,pink,yes,SNE_816733_ccrop.jpg,train
SNE_817325_ccrop.jpg,Neutrophil,small,round,unsegmented-band,low,densely,no,clear,light blue,small,pink,yes,SNE_817325_ccrop.jpg,train
SNE_817717_ccrop.jpg,Neutrophil,big,round,segmented-bilobed,low,densely,no,clear,light blue,small,pink,yes,SNE_817717_ccrop.jpg,train
SNE_818014_ccrop.jpg,Neutrophil,big,round,segmented-bilobed,low,densely,no,clear,light blue,small,pink,yes,SNE_818014_ccrop.jpg,train
SNE_818365_ccrop.jpg,Neutrophil,big,round,segmented-bilobed,low,densely,no,clear,light blue,small,pink,yes,SNE_818365_ccrop.jpg,train
SNE_818470_ccrop.jpg,Neutrophil,big,round,segmented-multilobed,low,densely,no,clear,light blue,small,pink,yes,SNE_818470_ccrop.jpg,train
SNE_818497_ccrop.jpg,Neutrophil,big,round,segmented-multilobed,low,densely,no,clear,light blue,small,pink,yes,SNE_818497_ccrop.jpg,train
SNE_820099_ccrop.jpg,Neutrophil,small,round,segmented-bilobed,low,densely,no,clear,light blue,small,pink,yes,SNE_820099_ccrop.jpg,train
SNE_821321_ccrop.jpg,Neutrophil,small,round,segmented-bilobed,low,densely,no,clear,light blue,small,pink,yes,SNE_821321_ccrop.jpg,train
SNE_821341_ccrop.jpg,Neutrophil,big,round,unsegmented-band,low,densely,no,clear,light blue,small,pink,yes,SNE_821341_ccrop.jpg,train
SNE_821872_ccrop.jpg,Neutrophil,big,round,segmented-bilobed,low,densely,no,clear,light blue,small,pink,yes,SNE_821872_ccrop.jpg,train
SNE_823772_ccrop.jpg,Neutrophil,big,round,unsegmented-band,low,densely,no,clear,light blue,small,pink,yes,SNE_823772_ccrop.jpg,train
SNE_824036_ccrop.jpg,Neutrophil,big,irregular,segmented-bilobed,low,densely,no,clear,light blue,small,pink,yes,SNE_824036_ccrop.jpg,train
SNE_824117_ccrop.jpg,Neutrophil,big,irregular,segmented-multilobed,low,densely,no,clear,light blue,small,pink,yes,SNE_824117_ccrop.jpg,train
SNE_825561_ccrop.jpg,Neutrophil,big,irregular,segmented-multilobed,low,densely,no,clear,light blue,small,pink,yes,SNE_825561_ccrop.jpg,train
SNE_828065_ccrop.jpg,Neutrophil,big,irregular,segmented-multilobed,low,densely,no,clear,light blue,small,pink,yes,SNE_828065_ccrop.jpg,train
SNE_830922_ccrop.jpg,Neutrophil,small,round,segmented-bilobed,low,densely,no,clear,light blue,small,pink,yes,SNE_830922_ccrop.jpg,train
SNE_831020_ccrop.jpg,Neutrophil,big,round,segmented-bilobed,low,densely,no,clear,light blue,small,pink,yes,SNE_831020_ccrop.jpg,train
SNE_83109_ccrop.jpg,Neutrophil,big,irregular,segmented-multilobed,low,densely,no,clear,light blue,small,pink,yes,SNE_83109_ccrop.jpg,train
SNE_831814_ccrop.jpg,Neutrophil,big,round,segmented-bilobed,low,densely,no,clear,light blue,small,pink,yes,SNE_831814_ccrop.jpg,train
SNE_832031_ccrop.jpg,Neutrophil,big,round,segmented-bilobed,low,densely,no,clear,light blue,small,pink,yes,SNE_832031_ccrop.jpg,train
SNE_83301_ccrop.jpg,Neutrophil,big,round,unsegmented-band,low,densely,no,clear,light blue,small,pink,yes,SNE_83301_ccrop.jpg,train
SNE_833326_ccrop.jpg,Neutrophil,big,round,unsegmented-band,low,densely,no,clear,light blue,small,pink,yes,SNE_833326_ccrop.jpg,train
SNE_836615_ccrop.jpg,Neutrophil,big,round,segmented-multilobed,low,densely,no,clear,light blue,small,pink,yes,SNE_836615_ccrop.jpg,train
SNE_838616_ccrop.jpg,Neutrophil,big,round,segmented-bilobed,low,densely,no,clear,light blue,small,pink,yes,SNE_838616_ccrop.jpg,train
SNE_839816_ccrop.jpg,Neutrophil,big,irregular,unsegmented-band,low,densely,no,clear,light blue,small,pink,yes,SNE_839816_ccrop.jpg,train
SNE_840511_ccrop.jpg,Neutrophil,big,irregular,unsegmented-band,low,densely,no,clear,light blue,small,pink,yes,SNE_840511_ccrop.jpg,train
SNE_840546_ccrop.jpg,Neutrophil,big,round,segmented-multilobed,low,densely,no,clear,light blue,small,pink,yes,SNE_840546_ccrop.jpg,train
SNE_841534_ccrop.jpg,Neutrophil,big,round,segmented-bilobed,low,densely,yes,clear,light blue,small,pink,yes,SNE_841534_ccrop.jpg,train
SNE_842479_ccrop.jpg,Neutrophil,small,round,segmented-bilobed,low,densely,no,clear,light blue,small,pink,yes,SNE_842479_ccrop.jpg,train
SNE_842735_ccrop.jpg,Neutrophil,big,round,unsegmented-band,low,densely,no,clear,light blue,small,pink,yes,SNE_842735_ccrop.jpg,train
SNE_843012_ccrop.jpg,Neutrophil,big,irregular,unsegmented-band,low,densely,no,clear,light blue,small,pink,yes,SNE_843012_ccrop.jpg,train
SNE_844505_ccrop.jpg,Neutrophil,big,round,segmented-multilobed,low,densely,no,clear,light blue,small,pink,yes,SNE_844505_ccrop.jpg,train
SNE_845380_ccrop.jpg,Neutrophil,big,round,segmented-multilobed,low,densely,no,clear,light blue,small,pink,yes,SNE_845380_ccrop.jpg,train
SNE_845581_ccrop.jpg,Neutrophil,big,round,segmented-multilobed,low,densely,no,clear,light blue,small,pink,yes,SNE_845581_ccrop.jpg,train
SNE_846771_ccrop.jpg,Neutrophil,big,round,segmented-bilobed,low,densely,no,clear,light blue,small,pink,yes,SNE_846771_ccrop.jpg,train
SNE_849046_ccrop.jpg,Neutrophil,big,round,segmented-multilobed,low,densely,no,clear,light blue,small,pink,yes,SNE_849046_ccrop.jpg,train
SNE_851268_ccrop.jpg,Neutrophil,big,round,unsegmented-band,low,densely,no,clear,light blue,small,pink,yes,SNE_851268_ccrop.jpg,train
SNE_851309_ccrop.jpg,Neutrophil,big,irregular,segmented-multilobed,low,densely,no,clear,light blue,small,pink,yes,SNE_851309_ccrop.jpg,train
SNE_851924_ccrop.jpg,Neutrophil,small,round,unsegmented-band,low,densely,no,clear,light blue,small,pink,yes,SNE_851924_ccrop.jpg,train
SNE_853397_ccrop.jpg,Neutrophil,big,round,unsegmented-band,low,densely,no,clear,light blue,small,pink,yes,SNE_853397_ccrop.jpg,train
SNE_853631_ccrop.jpg,Neutrophil,big,round,segmented-multilobed,low,densely,no,clear,light blue,small,pink,yes,SNE_853631_ccrop.jpg,train
SNE_856627_ccrop.jpg,Neutrophil,big,irregular,unsegmented-band,low,densely,no,clear,light blue,small,pink,yes,SNE_856627_ccrop.jpg,train
SNE_856667_ccrop.jpg,Neutrophil,small,round,segmented-multilobed,low,densely,no,clear,light blue,small,pink,yes,SNE_856667_ccrop.jpg,train
SNE_85668_ccrop.jpg,Neutrophil,big,round,segmented-bilobed,low,densely,no,clear,light blue,small,pink,yes,SNE_85668_ccrop.jpg,train
SNE_857210_ccrop.jpg,Neutrophil,big,round,segmented-bilobed,low,densely,no,clear,light blue,small,pink,yes,SNE_857210_ccrop.jpg,train
SNE_858353_ccrop.jpg,Neutrophil,big,round,unsegmented-band,low,densely,no,clear,light blue,small,pink,yes,SNE_858353_ccrop.jpg,train
SNE_859381_ccrop.jpg,Neutrophil,big,irregular,segmented-bilobed,low,densely,no,clear,light blue,small,pink,yes,SNE_859381_ccrop.jpg,train
SNE_859389_ccrop.jpg,Neutrophil,big,round,segmented-bilobed,low,densely,no,clear,light blue,small,pink,yes,SNE_859389_ccrop.jpg,train
SNE_859885_ccrop.jpg,Neutrophil,big,round,unsegmented-band,low,densely,no,clear,light blue,small,pink,yes,SNE_859885_ccrop.jpg,train
SNE_862018_ccrop.jpg,Neutrophil,big,round,segmented-bilobed,low,densely,no,clear,light blue,small,pink,yes,SNE_862018_ccrop.jpg,train
SNE_86341_ccrop.jpg,Neutrophil,big,round,unsegmented-band,low,densely,no,clear,light blue,small,pink,yes,SNE_86341_ccrop.jpg,train
SNE_864081_ccrop.jpg,Neutrophil,big,round,unsegmented-band,low,densely,no,clear,light blue,small,pink,yes,SNE_864081_ccrop.jpg,train
SNE_865211_ccrop.jpg,Neutrophil,big,round,segmented-bilobed,low,densely,no,clear,light blue,small,pink,yes,SNE_865211_ccrop.jpg,train
SNE_866404_ccrop.jpg,Neutrophil,small,round,segmented-multilobed,low,densely,no,clear,light blue,small,pink,yes,SNE_866404_ccrop.jpg,train
SNE_866490_ccrop.jpg,Neutrophil,big,irregular,segmented-multilobed,low,densely,no,clear,light blue,small,pink,yes,SNE_866490_ccrop.jpg,train
SNE_866978_ccrop.jpg,Neutrophil,small,irregular,unsegmented-band,low,densely,no,clear,light blue,small,pink,yes,SNE_866978_ccrop.jpg,train
SNE_867024_ccrop.jpg,Neutrophil,big,irregular,segmented-multilobed,low,densely,no,clear,light blue,small,pink,yes,SNE_867024_ccrop.jpg,train
SNE_867897_ccrop.jpg,Neutrophil,big,round,segmented-multilobed,low,densely,no,clear,light blue,small,pink,yes,SNE_867897_ccrop.jpg,train
SNE_871021_ccrop.jpg,Neutrophil,big,round,segmented-multilobed,low,densely,no,clear,light blue,small,pink,yes,SNE_871021_ccrop.jpg,train
SNE_871314_ccrop.jpg,Neutrophil,big,round,segmented-multilobed,low,densely,no,clear,light blue,small,pink,yes,SNE_871314_ccrop.jpg,train
SNE_871478_ccrop.jpg,Neutrophil,big,irregular,segmented-bilobed,low,densely,yes,clear,light blue,small,pink,yes,SNE_871478_ccrop.jpg,train
SNE_87507_ccrop.jpg,Neutrophil,big,round,unsegmented-band,low,densely,no,clear,light blue,small,pink,yes,SNE_87507_ccrop.jpg,train
SNE_876453_ccrop.jpg,Neutrophil,big,round,segmented-multilobed,low,densely,no,clear,light blue,small,pink,yes,SNE_876453_ccrop.jpg,train
SNE_876751_ccrop.jpg,Neutrophil,small,round,segmented-bilobed,low,densely,no,clear,light blue,small,pink,yes,SNE_876751_ccrop.jpg,train
SNE_877567_ccrop.jpg,Neutrophil,big,round,unsegmented-band,low,densely,no,clear,light blue,small,pink,yes,SNE_877567_ccrop.jpg,train
SNE_877869_ccrop.jpg,Neutrophil,big,round,unsegmented-band,low,densely,no,clear,light blue,small,pink,yes,SNE_877869_ccrop.jpg,train
SNE_878359_ccrop.jpg,Neutrophil,big,round,segmented-bilobed,low,densely,no,clear,light blue,small,pink,yes,SNE_878359_ccrop.jpg,train
SNE_880415_ccrop.jpg,Neutrophil,big,irregular,unsegmented-band,low,densely,no,clear,light blue,small,pink,yes,SNE_880415_ccrop.jpg,train
SNE_881501_ccrop.jpg,Neutrophil,big,round,unsegmented-band,low,densely,no,clear,light blue,small,pink,yes,SNE_881501_ccrop.jpg,train
SNE_881639_ccrop.jpg,Neutrophil,big,round,segmented-bilobed,low,densely,no,clear,light blue,small,pink,yes,SNE_881639_ccrop.jpg,train
SNE_882278_ccrop.jpg,Neutrophil,big,irregular,unsegmented-band,low,densely,no,clear,light blue,small,pink,yes,SNE_882278_ccrop.jpg,train
SNE_882284_ccrop.jpg,Neutrophil,small,round,segmented-bilobed,low,densely,no,clear,light blue,small,pink,yes,SNE_882284_ccrop.jpg,train
SNE_882917_ccrop.jpg,Neutrophil,big,round,segmented-multilobed,low,densely,no,clear,light blue,small,pink,yes,SNE_882917_ccrop.jpg,train
SNE_883708_ccrop.jpg,Neutrophil,big,irregular,unsegmented-band,low,densely,no,clear,light blue,small,pink,yes,SNE_883708_ccrop.jpg,train
SNE_884399_ccrop.jpg,Neutrophil,big,irregular,unsegmented-band,low,densely,no,clear,light blue,small,pink,yes,SNE_884399_ccrop.jpg,train
SNE_884424_ccrop.jpg,Neutrophil,big,round,unsegmented-band,low,densely,no,clear,light blue,small,pink,yes,SNE_884424_ccrop.jpg,train
SNE_884479_ccrop.jpg,Neutrophil,big,round,segmented-bilobed,low,densely,no,clear,light blue,small,pink,yes,SNE_884479_ccrop.jpg,train
SNE_884907_ccrop.jpg,Neutrophil,big,round,unsegmented-band,low,densely,no,clear,light blue,small,pink,yes,SNE_884907_ccrop.jpg,train
SNE_885277_ccrop.jpg,Neutrophil,big,round,unsegmented-band,low,densely,yes,clear,light blue,small,pink,yes,SNE_885277_ccrop.jpg,train
SNE_886311_ccrop.jpg,Neutrophil,big,round,segmented-bilobed,low,densely,no,clear,light blue,small,pink,yes,SNE_886311_ccrop.jpg,train
SNE_886540_ccrop.jpg,Neutrophil,small,round,unsegmented-band,low,densely,no,clear,light blue,small,pink,yes,SNE_886540_ccrop.jpg,train
SNE_886868_ccrop.jpg,Neutrophil,big,round,segmented-multilobed,low,densely,no,clear,light blue,small,pink,yes,SNE_886868_ccrop.jpg,train
SNE_887894_ccrop.jpg,Neutrophil,big,round,segmented-bilobed,low,densely,no,clear,light blue,small,pink,yes,SNE_887894_ccrop.jpg,train
SNE_888286_ccrop.jpg,Neutrophil,big,round,segmented-multilobed,low,densely,no,clear,light blue,small,pink,yes,SNE_888286_ccrop.jpg,train
SNE_888435_ccrop.jpg,Neutrophil,big,round,unsegmented-band,low,densely,no,clear,light blue,small,pink,yes,SNE_888435_ccrop.jpg,train
SNE_889334_ccrop.jpg,Neutrophil,big,round,segmented-bilobed,low,densely,no,clear,light blue,small,pink,yes,SNE_889334_ccrop.jpg,train
SNE_889947_ccrop.jpg,Neutrophil,big,round,unsegmented-band,low,densely,no,clear,light blue,small,pink,yes,SNE_889947_ccrop.jpg,train
SNE_891016_ccrop.jpg,Neutrophil,big,round,unsegmented-band,low,densely,no,clear,light blue,small,pink,yes,SNE_891016_ccrop.jpg,train
SNE_89120_ccrop.jpg,Neutrophil,small,round,segmented-multilobed,low,densely,no,clear,light blue,small,pink,yes,SNE_89120_ccrop.jpg,train
SNE_892103_ccrop.jpg,Neutrophil,big,round,segmented-bilobed,low,densely,no,clear,light blue,small,pink,yes,SNE_892103_ccrop.jpg,train
SNE_892589_ccrop.jpg,Neutrophil,big,irregular,segmented-multilobed,low,densely,no,clear,light blue,small,pink,yes,SNE_892589_ccrop.jpg,train
SNE_893121_ccrop.jpg,Neutrophil,big,round,unsegmented-band,low,densely,no,clear,light blue,small,pink,yes,SNE_893121_ccrop.jpg,train
SNE_893261_ccrop.jpg,Neutrophil,small,round,unsegmented-band,low,densely,no,clear,light blue,small,pink,yes,SNE_893261_ccrop.jpg,train
SNE_893571_ccrop.jpg,Neutrophil,big,irregular,unsegmented-band,low,densely,yes,clear,light blue,small,pink,yes,SNE_893571_ccrop.jpg,train
SNE_894424_ccrop.jpg,Neutrophil,small,round,segmented-multilobed,low,densely,no,clear,light blue,small,pink,yes,SNE_894424_ccrop.jpg,train
SNE_896070_ccrop.jpg,Neutrophil,big,irregular,segmented-bilobed,low,densely,no,clear,light blue,small,pink,yes,SNE_896070_ccrop.jpg,train
SNE_896317_ccrop.jpg,Neutrophil,small,round,unsegmented-band,low,densely,no,clear,light blue,small,pink,yes,SNE_896317_ccrop.jpg,train
SNE_896376_ccrop.jpg,Neutrophil,big,round,segmented-bilobed,low,densely,no,clear,light blue,small,pink,yes,SNE_896376_ccrop.jpg,train
SNE_896961_ccrop.jpg,Neutrophil,big,irregular,unsegmented-band,low,densely,yes,clear,light blue,small,pink,yes,SNE_896961_ccrop.jpg,train
SNE_897716_ccrop.jpg,Neutrophil,big,irregular,segmented-bilobed,low,densely,no,clear,light blue,small,pink,yes,SNE_897716_ccrop.jpg,train
SNE_898346_ccrop.jpg,Neutrophil,big,round,segmented-multilobed,low,densely,no,clear,light blue,small,pink,yes,SNE_898346_ccrop.jpg,train
SNE_899857_ccrop.jpg,Neutrophil,small,round,segmented-bilobed,low,densely,no,clear,light blue,small,pink,yes,SNE_899857_ccrop.jpg,train
SNE_901811_ccrop.jpg,Neutrophil,small,round,segmented-bilobed,low,densely,no,clear,light blue,small,pink,yes,SNE_901811_ccrop.jpg,train
SNE_902453_ccrop.jpg,Neutrophil,small,round,segmented-bilobed,low,densely,no,clear,light blue,small,pink,yes,SNE_902453_ccrop.jpg,train
SNE_902550_ccrop.jpg,Neutrophil,big,round,unsegmented-band,low,densely,no,clear,light blue,small,pink,yes,SNE_902550_ccrop.jpg,train
SNE_903623_ccrop.jpg,Neutrophil,small,round,unsegmented-band,low,densely,no,clear,light blue,small,pink,yes,SNE_903623_ccrop.jpg,train
SNE_904978_ccrop.jpg,Neutrophil,small,round,unsegmented-band,low,densely,no,clear,light blue,small,pink,yes,SNE_904978_ccrop.jpg,train
SNE_904991_ccrop.jpg,Neutrophil,big,round,unsegmented-band,low,densely,no,clear,light blue,small,pink,yes,SNE_904991_ccrop.jpg,train
SNE_905412_ccrop.jpg,Neutrophil,big,round,segmented-multilobed,low,densely,no,clear,light blue,small,pink,yes,SNE_905412_ccrop.jpg,train
SNE_905720_ccrop.jpg,Neutrophil,big,round,unsegmented-band,low,densely,no,clear,light blue,small,pink,yes,SNE_905720_ccrop.jpg,train
SNE_906642_ccrop.jpg,Neutrophil,big,irregular,segmented-multilobed,low,densely,no,clear,light blue,small,pink,yes,SNE_906642_ccrop.jpg,train
SNE_90837_ccrop.jpg,Neutrophil,big,irregular,segmented-bilobed,low,densely,yes,clear,light blue,small,pink,yes,SNE_90837_ccrop.jpg,train
SNE_909261_ccrop.jpg,Neutrophil,small,round,unsegmented-band,low,densely,no,clear,light blue,small,pink,yes,SNE_909261_ccrop.jpg,train
SNE_909393_ccrop.jpg,Neutrophil,big,round,segmented-bilobed,low,densely,no,clear,light blue,small,pink,yes,SNE_909393_ccrop.jpg,train
SNE_910164_ccrop.jpg,Neutrophil,big,irregular,segmented-bilobed,low,densely,no,clear,light blue,small,pink,yes,SNE_910164_ccrop.jpg,train
SNE_910733_ccrop.jpg,Neutrophil,small,irregular,unsegmented-band,low,densely,no,clear,light blue,small,pink,yes,SNE_910733_ccrop.jpg,train
SNE_910943_ccrop.jpg,Neutrophil,small,round,irregular,low,densely,no,clear,light blue,small,pink,yes,SNE_910943_ccrop.jpg,train
SNE_911200_ccrop.jpg,Neutrophil,small,irregular,segmented-bilobed,low,densely,no,clear,light blue,small,pink,yes,SNE_911200_ccrop.jpg,train
SNE_911441_ccrop.jpg,Neutrophil,small,round,segmented-bilobed,low,densely,no,clear,light blue,small,pink,yes,SNE_911441_ccrop.jpg,train
SNE_911483_ccrop.jpg,Neutrophil,big,round,unsegmented-band,low,densely,no,clear,light blue,small,pink,yes,SNE_911483_ccrop.jpg,train
SNE_912151_ccrop.jpg,Neutrophil,big,round,unsegmented-band,low,densely,no,clear,light blue,small,pink,yes,SNE_912151_ccrop.jpg,train
SNE_912333_ccrop.jpg,Neutrophil,big,round,segmented-bilobed,low,densely,no,clear,light blue,small,pink,yes,SNE_912333_ccrop.jpg,train
SNE_912820_ccrop.jpg,Neutrophil,small,round,unsegmented-band,low,densely,no,clear,light blue,small,pink,yes,SNE_912820_ccrop.jpg,train
SNE_912821_ccrop.jpg,Neutrophil,small,irregular,unsegmented-band,low,densely,no,clear,light blue,small,pink,yes,SNE_912821_ccrop.jpg,train
SNE_914937_ccrop.jpg,Neutrophil,small,round,segmented-multilobed,low,densely,no,clear,light blue,small,pink,yes,SNE_914937_ccrop.jpg,train
SNE_91516_ccrop.jpg,Neutrophil,small,round,unsegmented-band,low,densely,no,clear,light blue,small,pink,yes,SNE_91516_ccrop.jpg,train
SNE_916404_ccrop.jpg,Neutrophil,small,round,unsegmented-band,low,densely,no,clear,light blue,small,pink,yes,SNE_916404_ccrop.jpg,train
SNE_916750_ccrop.jpg,Neutrophil,small,round,segmented-multilobed,low,densely,no,clear,light blue,small,pink,yes,SNE_916750_ccrop.jpg,train
SNE_919833_ccrop.jpg,Neutrophil,big,round,unsegmented-band,low,densely,no,clear,light blue,small,pink,yes,SNE_919833_ccrop.jpg,train
SNE_921854_ccrop.jpg,Neutrophil,big,round,unsegmented-band,low,densely,no,clear,light blue,small,pink,yes,SNE_921854_ccrop.jpg,train
SNE_922719_ccrop.jpg,Neutrophil,big,irregular,segmented-multilobed,low,densely,no,clear,light blue,small,pink,yes,SNE_922719_ccrop.jpg,train
SNE_923069_ccrop.jpg,Neutrophil,big,round,segmented-multilobed,low,densely,no,clear,light blue,small,pink,yes,SNE_923069_ccrop.jpg,train
SNE_923601_ccrop.jpg,Neutrophil,small,round,segmented-bilobed,low,densely,no,clear,light blue,small,pink,yes,SNE_923601_ccrop.jpg,train
SNE_924048_ccrop.jpg,Neutrophil,big,round,segmented-bilobed,low,densely,no,clear,light blue,small,pink,yes,SNE_924048_ccrop.jpg,train
SNE_925325_ccrop.jpg,Neutrophil,big,round,unsegmented-band,low,densely,no,clear,light blue,small,pink,yes,SNE_925325_ccrop.jpg,train
SNE_925481_ccrop.jpg,Neutrophil,big,round,segmented-multilobed,low,densely,no,clear,light blue,small,pink,yes,SNE_925481_ccrop.jpg,train
SNE_927232_ccrop.jpg,Neutrophil,big,round,segmented-bilobed,low,densely,no,clear,light blue,small,pink,yes,SNE_927232_ccrop.jpg,train
SNE_927416_ccrop.jpg,Neutrophil,big,round,unsegmented-band,low,densely,no,clear,light blue,small,pink,yes,SNE_927416_ccrop.jpg,train
SNE_927585_ccrop.jpg,Neutrophil,small,round,segmented-multilobed,low,densely,no,clear,light blue,small,pink,yes,SNE_927585_ccrop.jpg,train
SNE_928405_ccrop.jpg,Neutrophil,big,round,unsegmented-round,low,densely,no,clear,light blue,small,pink,yes,SNE_928405_ccrop.jpg,train
SNE_929430_ccrop.jpg,Neutrophil,small,round,unsegmented-band,low,densely,no,clear,light blue,small,pink,yes,SNE_929430_ccrop.jpg,train
SNE_929944_ccrop.jpg,Neutrophil,small,round,segmented-multilobed,low,densely,no,clear,light blue,small,pink,yes,SNE_929944_ccrop.jpg,train
SNE_931410_ccrop.jpg,Neutrophil,big,round,segmented-bilobed,low,densely,no,clear,light blue,small,pink,yes,SNE_931410_ccrop.jpg,train
SNE_931680_ccrop.jpg,Neutrophil,small,round,segmented-bilobed,low,densely,no,clear,light blue,small,pink,yes,SNE_931680_ccrop.jpg,train
SNE_932865_ccrop.jpg,Neutrophil,big,round,unsegmented-band,low,densely,no,clear,light blue,small,pink,yes,SNE_932865_ccrop.jpg,train
SNE_935090_ccrop.jpg,Neutrophil,big,round,segmented-bilobed,low,densely,no,clear,light blue,small,pink,yes,SNE_935090_ccrop.jpg,train
SNE_935764_ccrop.jpg,Neutrophil,big,round,unsegmented-band,low,densely,no,clear,light blue,small,pink,yes,SNE_935764_ccrop.jpg,train
SNE_938584_ccrop.jpg,Neutrophil,big,irregular,unsegmented-band,low,densely,no,clear,light blue,small,pink,yes,SNE_938584_ccrop.jpg,train
SNE_938727_ccrop.jpg,Neutrophil,small,round,segmented-bilobed,low,densely,no,clear,light blue,small,pink,yes,SNE_938727_ccrop.jpg,train
SNE_940402_ccrop.jpg,Neutrophil,big,round,unsegmented-band,low,densely,no,clear,light blue,small,pink,yes,SNE_940402_ccrop.jpg,train
SNE_940807_ccrop.jpg,Neutrophil,small,round,unsegmented-band,low,densely,no,clear,light blue,small,pink,yes,SNE_940807_ccrop.jpg,train
SNE_941490_ccrop.jpg,Neutrophil,big,round,unsegmented-band,low,densely,no,clear,light blue,small,pink,yes,SNE_941490_ccrop.jpg,train
SNE_941605_ccrop.jpg,Neutrophil,big,round,unsegmented-band,low,densely,no,clear,light blue,small,pink,yes,SNE_941605_ccrop.jpg,train
SNE_941808_ccrop.jpg,Neutrophil,big,irregular,irregular,low,densely,no,clear,light blue,small,pink,yes,SNE_941808_ccrop.jpg,train
SNE_942061_ccrop.jpg,Neutrophil,small,round,segmented-bilobed,low,densely,no,clear,light blue,small,pink,yes,SNE_942061_ccrop.jpg,train
SNE_943120_ccrop.jpg,Neutrophil,big,irregular,segmented-multilobed,low,densely,no,clear,light blue,small,pink,yes,SNE_943120_ccrop.jpg,train
SNE_943223_ccrop.jpg,Neutrophil,small,round,segmented-multilobed,low,densely,no,clear,light blue,small,pink,yes,SNE_943223_ccrop.jpg,train
SNE_943629_ccrop.jpg,Neutrophil,small,round,unsegmented-band,low,densely,no,clear,light blue,small,pink,yes,SNE_943629_ccrop.jpg,train
SNE_944968_ccrop.jpg,Neutrophil,big,round,unsegmented-band,low,densely,no,clear,light blue,small,pink,yes,SNE_944968_ccrop.jpg,train
SNE_945172_ccrop.jpg,Neutrophil,big,round,unsegmented-band,low,densely,no,clear,light blue,small,pink,yes,SNE_945172_ccrop.jpg,train
SNE_946577_ccrop.jpg,Neutrophil,big,irregular,unsegmented-band,low,densely,no,clear,light blue,small,purple,yes,SNE_946577_ccrop.jpg,train
SNE_947090_ccrop.jpg,Neutrophil,big,round,segmented-bilobed,low,densely,no,clear,light blue,small,pink,yes,SNE_947090_ccrop.jpg,train
SNE_94795_ccrop.jpg,Neutrophil,small,round,segmented-multilobed,low,densely,no,clear,light blue,small,pink,yes,SNE_94795_ccrop.jpg,train
SNE_948647_ccrop.jpg,Neutrophil,big,irregular,segmented-bilobed,low,densely,no,clear,light blue,small,pink,yes,SNE_948647_ccrop.jpg,train
SNE_951522_ccrop.jpg,Neutrophil,big,round,segmented-bilobed,low,densely,no,clear,light blue,small,pink,yes,SNE_951522_ccrop.jpg,train
SNE_951733_ccrop.jpg,Neutrophil,small,irregular,segmented-multilobed,low,densely,no,clear,light blue,small,pink,yes,SNE_951733_ccrop.jpg,train
SNE_952640_ccrop.jpg,Neutrophil,big,round,segmented-multilobed,low,densely,no,clear,light blue,small,pink,yes,SNE_952640_ccrop.jpg,train
SNE_952830_ccrop.jpg,Neutrophil,big,round,segmented-bilobed,low,densely,no,clear,light blue,small,pink,yes,SNE_952830_ccrop.jpg,train
SNE_953417_ccrop.jpg,Neutrophil,big,round,unsegmented-band,low,densely,no,clear,light blue,small,pink,yes,SNE_953417_ccrop.jpg,train
SNE_955485_ccrop.jpg,Neutrophil,big,round,unsegmented-band,low,densely,no,clear,light blue,small,pink,yes,SNE_955485_ccrop.jpg,train
SNE_956298_ccrop.jpg,Neutrophil,big,round,unsegmented-band,low,densely,no,clear,light blue,small,pink,yes,SNE_956298_ccrop.jpg,train
SNE_957327_ccrop.jpg,Neutrophil,small,round,unsegmented-band,low,densely,no,clear,light blue,small,pink,yes,SNE_957327_ccrop.jpg,train
SNE_958281_ccrop.jpg,Neutrophil,big,irregular,segmented-multilobed,low,densely,no,clear,light blue,small,pink,yes,SNE_958281_ccrop.jpg,train
SNE_959432_ccrop.jpg,Neutrophil,small,round,unsegmented-band,low,densely,no,clear,light blue,small,pink,yes,SNE_959432_ccrop.jpg,train
SNE_960056_ccrop.jpg,Neutrophil,big,irregular,unsegmented-band,low,densely,no,clear,light blue,small,pink,yes,SNE_960056_ccrop.jpg,train
SNE_960461_ccrop.jpg,Neutrophil,big,irregular,unsegmented-band,low,densely,no,clear,light blue,small,pink,yes,SNE_960461_ccrop.jpg,train
SNE_961724_ccrop.jpg,Neutrophil,big,irregular,unsegmented-band,low,densely,no,clear,light blue,small,pink,yes,SNE_961724_ccrop.jpg,train
SNE_963561_ccrop.jpg,Neutrophil,big,irregular,segmented-bilobed,low,densely,no,clear,light blue,small,pink,yes,SNE_963561_ccrop.jpg,train
SNE_965430_ccrop.jpg,Neutrophil,big,irregular,segmented-bilobed,low,densely,no,clear,light blue,small,pink,yes,SNE_965430_ccrop.jpg,train
SNE_965609_ccrop.jpg,Neutrophil,big,round,unsegmented-band,low,densely,no,clear,light blue,small,pink,yes,SNE_965609_ccrop.jpg,train
SNE_965877_ccrop.jpg,Neutrophil,big,round,unsegmented-band,low,densely,no,clear,light blue,small,pink,yes,SNE_965877_ccrop.jpg,train
SNE_966399_ccrop.jpg,Neutrophil,big,irregular,segmented-bilobed,low,densely,no,clear,light blue,small,pink,yes,SNE_966399_ccrop.jpg,train
SNE_96718_ccrop.jpg,Neutrophil,small,round,segmented-bilobed,low,densely,no,clear,light blue,small,pink,yes,SNE_96718_ccrop.jpg,train
SNE_967276_ccrop.jpg,Neutrophil,big,round,unsegmented-band,low,densely,no,clear,light blue,small,pink,yes,SNE_967276_ccrop.jpg,train
SNE_96787_ccrop.jpg,Neutrophil,big,round,segmented-bilobed,low,densely,no,clear,light blue,small,pink,yes,SNE_96787_ccrop.jpg,train
SNE_968719_ccrop.jpg,Neutrophil,small,round,unsegmented-band,low,densely,no,clear,light blue,small,pink,yes,SNE_968719_ccrop.jpg,train
SNE_968729_ccrop.jpg,Neutrophil,big,irregular,segmented-bilobed,low,densely,no,clear,light blue,small,pink,yes,SNE_968729_ccrop.jpg,train
SNE_968740_ccrop.jpg,Neutrophil,big,round,segmented-bilobed,low,densely,no,clear,light blue,small,pink,yes,SNE_968740_ccrop.jpg,train
SNE_97040_ccrop.jpg,Neutrophil,small,round,unsegmented-band,low,densely,no,clear,light blue,small,pink,yes,SNE_97040_ccrop.jpg,train
SNE_970608_ccrop.jpg,Neutrophil,small,round,unsegmented-band,low,densely,no,clear,light blue,small,pink,yes,SNE_970608_ccrop.jpg,train
SNE_972170_ccrop.jpg,Neutrophil,small,round,segmented-multilobed,low,densely,no,clear,light blue,small,pink,yes,SNE_972170_ccrop.jpg,train
SNE_97259_ccrop.jpg,Neutrophil,big,round,segmented-multilobed,low,densely,no,clear,light blue,small,pink,yes,SNE_97259_ccrop.jpg,train
SNE_973513_ccrop.jpg,Neutrophil,big,irregular,segmented-bilobed,low,densely,no,clear,light blue,small,pink,yes,SNE_973513_ccrop.jpg,train
SNE_973516_ccrop.jpg,Neutrophil,small,irregular,segmented-bilobed,low,densely,no,clear,light blue,small,pink,yes,SNE_973516_ccrop.jpg,train
SNE_974812_ccrop.jpg,Neutrophil,small,round,segmented-bilobed,low,densely,no,clear,light blue,small,pink,yes,SNE_974812_ccrop.jpg,train
SNE_975181_ccrop.jpg,Neutrophil,small,round,segmented-multilobed,low,densely,no,clear,light blue,small,pink,yes,SNE_975181_ccrop.jpg,train
SNE_975440_ccrop.jpg,Neutrophil,big,irregular,segmented-bilobed,low,densely,no,clear,light blue,small,pink,yes,SNE_975440_ccrop.jpg,train
SNE_976614_ccrop.jpg,Neutrophil,small,round,unsegmented-band,low,densely,no,clear,light blue,small,pink,yes,SNE_976614_ccrop.jpg,train
SNE_977005_ccrop.jpg,Neutrophil,big,irregular,unsegmented-band,low,densely,no,clear,light blue,small,pink,yes,SNE_977005_ccrop.jpg,train
SNE_979306_ccrop.jpg,Neutrophil,small,round,unsegmented-band,low,densely,no,clear,light blue,small,pink,yes,SNE_979306_ccrop.jpg,train
SNE_980971_ccrop.jpg,Neutrophil,big,round,segmented-bilobed,low,densely,no,clear,light blue,small,pink,yes,SNE_980971_ccrop.jpg,train
SNE_98176_ccrop.jpg,Neutrophil,big,round,unsegmented-band,low,densely,no,clear,light blue,small,pink,yes,SNE_98176_ccrop.jpg,train
SNE_981806_ccrop.jpg,Neutrophil,big,round,segmented-multilobed,low,densely,no,clear,light blue,small,pink,yes,SNE_981806_ccrop.jpg,train
SNE_981851_ccrop.jpg,Neutrophil,small,round,segmented-bilobed,low,densely,no,clear,light blue,small,pink,yes,SNE_981851_ccrop.jpg,train
SNE_9827_ccrop.jpg,Neutrophil,small,round,segmented-bilobed,low,densely,no,clear,light blue,small,pink,yes,SNE_9827_ccrop.jpg,train
SNE_984218_ccrop.jpg,Neutrophil,big,irregular,unsegmented-band,low,densely,no,clear,light blue,small,pink,yes,SNE_984218_ccrop.jpg,train
SNE_984470_ccrop.jpg,Neutrophil,big,round,unsegmented-band,low,densely,no,clear,light blue,small,pink,yes,SNE_984470_ccrop.jpg,train
SNE_986861_ccrop.jpg,Neutrophil,small,round,segmented-multilobed,low,densely,no,clear,light blue,small,pink,yes,SNE_986861_ccrop.jpg,train
SNE_987578_ccrop.jpg,Neutrophil,small,round,segmented-bilobed,low,densely,no,clear,light blue,small,pink,yes,SNE_987578_ccrop.jpg,train
SNE_988236_ccrop.jpg,Neutrophil,big,round,segmented-bilobed,low,densely,no,clear,light blue,small,pink,yes,SNE_988236_ccrop.jpg,train
SNE_992452_ccrop.jpg,Neutrophil,small,round,segmented-bilobed,low,densely,no,clear,light blue,small,pink,yes,SNE_992452_ccrop.jpg,train
SNE_993244_ccrop.jpg,Neutrophil,big,round,segmented-bilobed,low,densely,no,clear,light blue,small,pink,yes,SNE_993244_ccrop.jpg,train
SNE_993408_ccrop.jpg,Neutrophil,big,irregular,unsegmented-band,low,densely,no,clear,light blue,small,pink,yes,SNE_993408_ccrop.jpg,train
SNE_99467_ccrop.jpg,Neutrophil,big,round,segmented-multilobed,low,densely,no,clear,light blue,small,pink,yes,SNE_99467_ccrop.jpg,train
SNE_99509_ccrop.jpg,Neutrophil,big,irregular,segmented-bilobed,low,densely,no,clear,light blue,small,pink,yes,SNE_99509_ccrop.jpg,train
SNE_995695_ccrop.jpg,Neutrophil,small,round,segmented-bilobed,low,densely,no,clear,light blue,small,pink,yes,SNE_995695_ccrop.jpg,train
SNE_995874_ccrop.jpg,Neutrophil,big,irregular,segmented-bilobed,low,densely,no,clear,light blue,small,pink,yes,SNE_995874_ccrop.jpg,train
